  LTSSM before: 0x78
  LTSSM off   : 0x00
  LTSSM up    : 0x78 after 0.5s
=== compile_model.sh tag=accseed  2026-08-29T10:41:45-07:00 ===
env  BEAM=2
env  BEAM_PADTO=<unset>
env  BEAM_LOCAL_MAX=256
env  BEAM_UPCAST_MAX=64
env  BEAM_DEV_TIMEOUT=0
env  IGNORE_BEAM_CACHE=0
env  CACHEDB=<unset>
env  AMD_FMA_MIX=<unset>
env  AMD_DOT2=<unset>
env  AMD_WGP_MODE=<unset>
env  PCONTIG=<unset>
env  FLOAT16=1
env  JIT_BATCH_SIZE=0
env  GMMU=0
env  TC_OPT=2
env  NOOPT=<unset>
out  /root/models/big_driving_gfx1032_accseed.pkl
opened device DISK:/root/models/big_driving_supercombo.onnx.unchunked from pid:489
opened device PYTHON from pid:489
am usb:2-9: product string: 'custom ed4e39b7-CLEAN'
am usb:2-9: AM_SOC initialized
am usb:2-9: AM_GMC initialized
am usb:2-9: AM_IH initialized
am usb:2-9: loading sos component: PSP_FW_TYPE_PSP_KDB
am usb:2-9: loading sos component: PSP_FW_TYPE_PSP_SPL
am usb:2-9: loading sos component: PSP_FW_TYPE_PSP_SYS_DRV
am usb:2-9: loading sos component: PSP_FW_TYPE_PSP_SOS
am usb:2-9: loading fw: GFX_FW_TYPE_SMU
am usb:2-9: loading fw: GFX_FW_TYPE_SDMA0
am usb:2-9: loading fw: GFX_FW_TYPE_CP_PFP
am usb:2-9: loading fw: GFX_FW_TYPE_CP_ME
am usb:2-9: loading fw: GFX_FW_TYPE_CP_CE
am usb:2-9: loading fw: GFX_FW_TYPE_CP_MEC
am usb:2-9: loading fw: GFX_FW_TYPE_RLC_IRAM
am usb:2-9: loading fw: GFX_FW_TYPE_RLC_DRAM_BOOT
am usb:2-9: loading fw: GFX_FW_TYPE_RLC_G
am usb:2-9: AM_PSP initialized
am usb:2-9: patched 292 bytes of VBIOS board data into the pptable
am usb:2-9: not enabling DS_GFXCLK, GFX_ULV, GFXOFF, MM_DPM_PG, MMHUB_PG, ATHUB_PG: no handshake to wake a gated block
am usb:2-9: running features 0x00003463a32bedfb
am usb:2-9: AM_SMU initialized
am usb:2-9: AM_GFX initialized
am usb:2-9: AM_SDMA initialized
am usb:2-9: GPU power limit set to 100W
am usb:2-9: clock request accepted for PPCLK_GFXCLK, PPCLK_SOCCLK, PPCLK_UCLK
am usb:2-9: boot done
AMDDevice: opening 0 with target (10, 3, 2) arch gfx1032
opened device AMD from pid:489
[32m*** AMD        1[0m [33mcopy        2 B,     AMD <- DISK:/r[0m            arg  2 mem   0.00 GB tm   2647.25us/     2.65ms (      0 GFLOPS    0|0      GB/s)
*** AMD        2 [33mcopy        2 B,     AMD <- DISK:/r[0m            arg  2 mem   0.00 GB tm   3534.18us/     6.18ms (      0 GFLOPS    0|0      GB/s)
[32m*** AMD        3[0m [33mcopy        8 B,     AMD <- DISK:/r[0m            arg  2 mem   0.00 GB tm   4465.07us/    10.65ms (      0 GFLOPS    0|0      GB/s)
*** AMD        4 [33mcopy        2 B,     AMD <- DISK:/r[0m            arg  2 mem   0.00 GB tm   3782.89us/    14.43ms (      0 GFLOPS    0|0      GB/s)
*** AMD        5 [33mcopy        2 B,     AMD <- DISK:/r[0m            arg  2 mem   0.00 GB tm   3105.32us/    17.53ms (      0 GFLOPS    0|0      GB/s)
*** AMD        6 [33mcopy        8 B,     AMD <- DISK:/r[0m            arg  2 mem   0.00 GB tm   4434.69us/    21.97ms (      0 GFLOPS    0|0      GB/s)
capture + replay
opened device NPY from pid:489
[32m*** AMD        7[0m [33mcopy  960.00 KB,     AMD <- NPY    [0m            arg  2 mem   0.00 GB tm [33m    10.20ms[0m/    32.17ms (      0 GFLOPS    0|0      GB/s)
*** AMD        8 [33mcopy  960.00 KB,     AMD <- NPY    [0m            arg  2 mem   0.00 GB tm   9344.45us/    41.51ms (      0 GFLOPS    0|0      GB/s)
[32m*** AMD        9[0m [33mcopy  192.00 KB,     AMD <- NPY    [0m            arg  2 mem   0.00 GB tm   6271.35us/    47.78ms (      0 GFLOPS    0|0      GB/s)
[32m*** AMD       10[0m [33mcopy    3.12 KB,     AMD <- NPY    [0m            arg  2 mem   0.00 GB tm   3415.56us/    51.20ms (      0 GFLOPS    0|0      GB/s)
scheduled     5 kernels in    79.90 ms | CACHE MISS 07271cab |    4746 uops in cache | /root/src/openpilot/selfdrive/modeld/compile_modeld.py:50
opened device CPU from pid:489
[32m*** CPU       11[0m [33mcopy        8 B,     CPU <- PYTHON [0m            arg  2 mem   0.00 GB tm     88.96us/    51.29ms (      0 GFLOPS    0|0      GB/s)
*** CPU       12 [33mcopy        8 B,     CPU <- PYTHON [0m            arg  2 mem   0.00 GB tm     42.32us/    51.33ms (      0 GFLOPS    0|0      GB/s)
[32m*** CPU       13[0m E[90m_[0m[33m2[0m[90m[0m                                            arg  1 mem   0.01 GB tm      0.23us/    51.33ms (      0 GFLOPS    0|0      GB/s)
[32m*** CPU       14[0m E[90m_[0m[97m65536[0m[90m_[0m[33m2[0m[90m_[0m[33m3[0m[90m[0m                                    arg  3 mem   0.01 GB tm   1136.09us/    52.47ms (     22 GFLOPS    1|1      GB/s)
[32m*** CPU       15[0m E[90m_[0m[97m32768[0m[90m_[0m[94m4[0m[90m_[0m[33m3[0m[90m[0m                                    arg  2 mem   0.01 GB tm    300.81us/    52.77ms (      1 GFLOPS    7|7      GB/s)
scheduled     2 kernels in     4.60 ms | CACHE MISS 30a92e1f |    5279 uops in cache | /root/src/openpilot/selfdrive/modeld/compile_modeld.py:202
[32m*** AMD       16[0m [33mcopy    2.05 KB,     AMD <- NPY    [0m            arg  2 mem   0.01 GB tm   4327.49us/    57.10ms (      0 GFLOPS    0|0      GB/s)
[32m*** AMD       17[0m [33mcopy  384.00 KB,     AMD <- CPU    [0m            arg  2 mem   0.01 GB tm   5712.06us/    62.81ms (      0 GFLOPS    0|0      GB/s)
/root/src/tinygrad_repo/tinygrad/nn/onnx.py:409: UserWarning: input desire_pulse has mismatch on dtype. Expected dtypes.half, received dtypes.float.
  if tensor.dtype is not spec.dtype: warnings.warn(f"input {name} has mismatch on dtype. Expected {spec.dtype}, received {tensor.dtype}.")
/root/src/tinygrad_repo/tinygrad/nn/onnx.py:409: UserWarning: input traffic_convention has mismatch on dtype. Expected dtypes.half, received dtypes.float.
  if tensor.dtype is not spec.dtype: warnings.warn(f"input {name} has mismatch on dtype. Expected {spec.dtype}, received {tensor.dtype}.")
/root/src/tinygrad_repo/tinygrad/nn/onnx.py:409: UserWarning: input action_t has mismatch on dtype. Expected dtypes.half, received dtypes.float.
  if tensor.dtype is not spec.dtype: warnings.warn(f"input {name} has mismatch on dtype. Expected {spec.dtype}, received {tensor.dtype}.")
/root/src/tinygrad_repo/tinygrad/nn/onnx.py:409: UserWarning: input features_buffer has mismatch on dtype. Expected dtypes.half, received dtypes.float.
  if tensor.dtype is not spec.dtype: warnings.warn(f"input {name} has mismatch on dtype. Expected {spec.dtype}, received {tensor.dtype}.")
*** AMD       18 [33mcopy        8 B,     AMD <- DISK:/r[0m            arg  2 mem   0.01 GB tm   4424.85us/    67.23ms (      0 GFLOPS    0|0      GB/s)
*** AMD       19 [33mcopy        8 B,     AMD <- DISK:/r[0m            arg  2 mem   0.01 GB tm   4069.19us/    71.30ms (      0 GFLOPS    0|0      GB/s)
*** AMD       20 [33mcopy        8 B,     AMD <- DISK:/r[0m            arg  2 mem   0.01 GB tm   4048.16us/    75.35ms (      0 GFLOPS    0|0      GB/s)
*** AMD       21 [33mcopy        8 B,     AMD <- DISK:/r[0m            arg  2 mem   0.01 GB tm   2924.41us/    78.27ms (      0 GFLOPS    0|0      GB/s)
*** AMD       22 [33mcopy        8 B,     AMD <- DISK:/r[0m            arg  2 mem   0.01 GB tm   4413.47us/    82.69ms (      0 GFLOPS    0|0      GB/s)
[32m*** AMD       23[0m [33mcopy       16 B,     AMD <- DISK:/r[0m            arg  2 mem   0.01 GB tm   3917.68us/    86.61ms (      0 GFLOPS    0|0      GB/s)
*** AMD       24 [33mcopy       16 B,     AMD <- DISK:/r[0m            arg  2 mem   0.01 GB tm   4389.68us/    91.00ms (      0 GFLOPS    0|0      GB/s)
*** AMD       25 [33mcopy       16 B,     AMD <- DISK:/r[0m            arg  2 mem   0.01 GB tm   3912.91us/    94.91ms (      0 GFLOPS    0|0      GB/s)
[32m*** AMD       26[0m [33mcopy       24 B,     AMD <- DISK:/r[0m            arg  2 mem   0.01 GB tm   3500.96us/    98.41ms (      0 GFLOPS    0|0      GB/s)
[32m*** AMD       27[0m [33mcopy       40 B,     AMD <- DISK:/r[0m            arg  2 mem   0.01 GB tm   3338.02us/   101.75ms (      0 GFLOPS    0|0      GB/s)
*** AMD       28 [33mcopy       24 B,     AMD <- DISK:/r[0m            arg  2 mem   0.01 GB tm   3730.83us/   105.48ms (      0 GFLOPS    0|0      GB/s)
[32m*** AMD       29[0m [33mcopy       32 B,     AMD <- DISK:/r[0m            arg  2 mem   0.01 GB tm   3248.75us/   108.73ms (      0 GFLOPS    0|0      GB/s)
*** AMD       30 [33mcopy       24 B,     AMD <- DISK:/r[0m            arg  2 mem   0.01 GB tm   3321.30us/   112.05ms (      0 GFLOPS    0|0      GB/s)
   0.00s:                from   1 ->   1 actions 
   0.00s: [32m         infs [0m from   0 ->   0 actions[K 
BEAM timed no candidate for ; using hand_coded_optimizations
[32m*** CPU       31[0m E[90m[0m                                              arg  1 mem   0.01 GB tm     59.84us/   112.11ms (      0 GFLOPS    0|0      GB/s)
scheduled  1105 kernels in  3207.70 ms | CACHE MISS d3c5d085 |   50437 uops in cache | /root/src/openpilot/selfdrive/modeld/compile_modeld.py:240
memory reduced from 177.32 MB -> 14.17 MB, 485 -> 1 bufs
[32m*** AMD       32[0m [33mcopy    1.00 KB,     AMD <- DISK:/r[0m            arg  2 mem   0.01 GB tm   4022.98us/   116.13ms (      0 GFLOPS    0|0      GB/s)
*** AMD       33 [33mcopy    1.00 KB,     AMD <- DISK:/r[0m            arg  2 mem   0.01 GB tm   3687.33us/   119.82ms (      0 GFLOPS    0|0      GB/s)
[32m*** AMD       34[0m [33mcopy    1.00 MB,     AMD <- DISK:/r[0m            arg  2 mem   0.01 GB tm [33m    11.11ms[0m/   130.93ms (      0 GFLOPS    0|0      GB/s)
*** AMD       35 [33mcopy    1.00 MB,     AMD <- DISK:/r[0m            arg  2 mem   0.01 GB tm [33m    11.80ms[0m/   142.73ms (      0 GFLOPS    0|0      GB/s)
*** AMD       36 [33mcopy    1.00 KB,     AMD <- DISK:/r[0m            arg  2 mem   0.01 GB tm   2614.16us/   145.34ms (      0 GFLOPS    0|0      GB/s)
*** AMD       37 [33mcopy    1.00 KB,     AMD <- DISK:/r[0m            arg  2 mem   0.01 GB tm   3821.34us/   149.17ms (      0 GFLOPS    0|0      GB/s)
*** AMD       38 [33mcopy    1.00 MB,     AMD <- DISK:/r[0m            arg  2 mem   0.01 GB tm [33m    11.67ms[0m/   160.83ms (      0 GFLOPS    0|0      GB/s)
*** AMD       39 [33mcopy    1.00 MB,     AMD <- DISK:/r[0m            arg  2 mem   0.02 GB tm   9565.22us/   170.40ms (      0 GFLOPS    0|0      GB/s)
[32m*** AMD       40[0m [33mcopy  294.00 KB,     AMD <- DISK:/r[0m            arg  2 mem   0.02 GB tm   3081.25us/   173.48ms (      0 GFLOPS    0|0      GB/s)
[32m*** AMD       41[0m [33mcopy    6.00 KB,     AMD <- DISK:/r[0m            arg  2 mem   0.02 GB tm   2637.83us/   176.12ms (      0 GFLOPS    0|0      GB/s)
*** AMD       42 [33mcopy    6.00 KB,     AMD <- DISK:/r[0m            arg  2 mem   0.02 GB tm   3174.90us/   179.29ms (      0 GFLOPS    0|0      GB/s)
*** AMD       43 [33mcopy    6.00 KB,     AMD <- DISK:/r[0m            arg  2 mem   0.02 GB tm   2462.06us/   181.75ms (      0 GFLOPS    0|0      GB/s)
[32m*** AMD       44[0m [33mcopy   72.00 MB,     AMD <- DISK:/r[0m            arg  2 mem   0.09 GB tm [33m   590.99ms[0m/   772.75ms (      0 GFLOPS    0|0      GB/s)
[32m*** AMD       45[0m [33mcopy   24.00 KB,     AMD <- DISK:/r[0m            arg  2 mem   0.09 GB tm   3039.72us/   775.79ms (      0 GFLOPS    0|0      GB/s)
*** AMD       46 [33mcopy   72.00 MB,     AMD <- DISK:/r[0m            arg  2 mem   0.17 GB tm [33m   574.65ms[0m/  1350.44ms (      0 GFLOPS    0|0      GB/s)
*** AMD       47 [33mcopy    6.00 KB,     AMD <- DISK:/r[0m            arg  2 mem   0.17 GB tm   2863.27us/  1353.30ms (      0 GFLOPS    0|0      GB/s)
*** AMD       48 [33mcopy  294.00 KB,     AMD <- DISK:/r[0m            arg  2 mem   0.17 GB tm   3569.85us/  1356.87ms (      0 GFLOPS    0|0      GB/s)
*** AMD       49 [33mcopy    6.00 KB,     AMD <- DISK:/r[0m            arg  2 mem   0.17 GB tm   2639.29us/  1359.51ms (      0 GFLOPS    0|0      GB/s)
*** AMD       50 [33mcopy    6.00 KB,     AMD <- DISK:/r[0m            arg  2 mem   0.17 GB tm   2347.72us/  1361.86ms (      0 GFLOPS    0|0      GB/s)
*** AMD       51 [33mcopy    6.00 KB,     AMD <- DISK:/r[0m            arg  2 mem   0.17 GB tm   2950.02us/  1364.81ms (      0 GFLOPS    0|0      GB/s)
*** AMD       52 [33mcopy   72.00 MB,     AMD <- DISK:/r[0m            arg  2 mem   0.24 GB tm [33m   540.89ms[0m/  1905.70ms (      0 GFLOPS    0|0      GB/s)
*** AMD       53 [33mcopy   24.00 KB,     AMD <- DISK:/r[0m            arg  2 mem   0.24 GB tm   3586.14us/  1909.29ms (      0 GFLOPS    0|0      GB/s)
*** AMD       54 [33mcopy   72.00 MB,     AMD <- DISK:/r[0m            arg  2 mem   0.32 GB tm [33m   601.62ms[0m/  2510.91ms (      0 GFLOPS    0|0      GB/s)
*** AMD       55 [33mcopy    6.00 KB,     AMD <- DISK:/r[0m            arg  2 mem   0.32 GB tm   3023.98us/  2513.93ms (      0 GFLOPS    0|0      GB/s)
*** AMD       56 [33mcopy  294.00 KB,     AMD <- DISK:/r[0m            arg  2 mem   0.32 GB tm   3509.82us/  2517.44ms (      0 GFLOPS    0|0      GB/s)
*** AMD       57 [33mcopy    6.00 KB,     AMD <- DISK:/r[0m            arg  2 mem   0.32 GB tm   2954.81us/  2520.40ms (      0 GFLOPS    0|0      GB/s)
*** AMD       58 [33mcopy    6.00 KB,     AMD <- DISK:/r[0m            arg  2 mem   0.32 GB tm   2949.35us/  2523.35ms (      0 GFLOPS    0|0      GB/s)
*** AMD       59 [33mcopy    6.00 KB,     AMD <- DISK:/r[0m            arg  2 mem   0.32 GB tm   2724.24us/  2526.07ms (      0 GFLOPS    0|0      GB/s)
*** AMD       60 [33mcopy   72.00 MB,     AMD <- DISK:/r[0m            arg  2 mem   0.39 GB tm [33m   594.52ms[0m/  3120.59ms (      0 GFLOPS    0|0      GB/s)
*** AMD       61 [33mcopy   24.00 KB,     AMD <- DISK:/r[0m            arg  2 mem   0.39 GB tm   2813.31us/  3123.40ms (      0 GFLOPS    0|0      GB/s)
*** AMD       62 [33mcopy   72.00 MB,     AMD <- DISK:/r[0m            arg  2 mem   0.47 GB tm [33m   593.67ms[0m/  3717.07ms (      0 GFLOPS    0|0      GB/s)
*** AMD       63 [33mcopy    6.00 KB,     AMD <- DISK:/r[0m            arg  2 mem   0.47 GB tm   4261.15us/  3721.34ms (      0 GFLOPS    0|0      GB/s)
[32m*** AMD       64[0m [33mcopy  147.00 KB,     AMD <- DISK:/r[0m            arg  2 mem   0.47 GB tm   3616.17us/  3724.95ms (      0 GFLOPS    0|0      GB/s)
[32m*** AMD       65[0m [33mcopy    3.00 KB,     AMD <- DISK:/r[0m            arg  2 mem   0.47 GB tm   3136.31us/  3728.09ms (      0 GFLOPS    0|0      GB/s)
*** AMD       66 [33mcopy    3.00 KB,     AMD <- DISK:/r[0m            arg  2 mem   0.47 GB tm   3256.51us/  3731.34ms (      0 GFLOPS    0|0      GB/s)
*** AMD       67 [33mcopy    3.00 KB,     AMD <- DISK:/r[0m            arg  2 mem   0.47 GB tm   3011.65us/  3734.36ms (      0 GFLOPS    0|0      GB/s)
[32m*** AMD       68[0m [33mcopy   18.00 MB,     AMD <- DISK:/r[0m            arg  2 mem   0.49 GB tm [33m   149.35ms[0m/  3883.70ms (      0 GFLOPS    0|0      GB/s)
[32m*** AMD       69[0m [33mcopy   12.00 KB,     AMD <- DISK:/r[0m            arg  2 mem   0.49 GB tm   2790.41us/  3886.49ms (      0 GFLOPS    0|0      GB/s)
*** AMD       70 [33mcopy   18.00 MB,     AMD <- DISK:/r[0m            arg  2 mem   0.51 GB tm [33m   132.53ms[0m/  4019.02ms (      0 GFLOPS    0|0      GB/s)
*** AMD       71 [33mcopy    3.00 KB,     AMD <- DISK:/r[0m            arg  2 mem   0.51 GB tm   2701.07us/  4021.72ms (      0 GFLOPS    0|0      GB/s)
*** AMD       72 [33mcopy    3.00 KB,     AMD <- DISK:/r[0m            arg  2 mem   0.51 GB tm   2536.89us/  4024.26ms (      0 GFLOPS    0|0      GB/s)
*** AMD       73 [33mcopy  147.00 KB,     AMD <- DISK:/r[0m            arg  2 mem   0.51 GB tm   2448.87us/  4026.71ms (      0 GFLOPS    0|0      GB/s)
*** AMD       74 [33mcopy    3.00 KB,     AMD <- DISK:/r[0m            arg  2 mem   0.51 GB tm   2282.71us/  4028.99ms (      0 GFLOPS    0|0      GB/s)
*** AMD       75 [33mcopy    3.00 KB,     AMD <- DISK:/r[0m            arg  2 mem   0.51 GB tm   2461.68us/  4031.45ms (      0 GFLOPS    0|0      GB/s)
*** AMD       76 [33mcopy    3.00 KB,     AMD <- DISK:/r[0m            arg  2 mem   0.51 GB tm   2270.63us/  4033.72ms (      0 GFLOPS    0|0      GB/s)
*** AMD       77 [33mcopy   18.00 MB,     AMD <- DISK:/r[0m            arg  2 mem   0.53 GB tm [33m   128.54ms[0m/  4162.26ms (      0 GFLOPS    0|0      GB/s)
*** AMD       78 [33mcopy   12.00 KB,     AMD <- DISK:/r[0m            arg  2 mem   0.53 GB tm   2784.09us/  4165.05ms (      0 GFLOPS    0|0      GB/s)
*** AMD       79 [33mcopy   18.00 MB,     AMD <- DISK:/r[0m            arg  2 mem   0.55 GB tm [33m   129.04ms[0m/  4294.09ms (      0 GFLOPS    0|0      GB/s)
*** AMD       80 [33mcopy    3.00 KB,     AMD <- DISK:/r[0m            arg  2 mem   0.55 GB tm   2113.88us/  4296.21ms (      0 GFLOPS    0|0      GB/s)
*** AMD       81 [33mcopy    3.00 KB,     AMD <- DISK:/r[0m            arg  2 mem   0.55 GB tm   2663.89us/  4298.87ms (      0 GFLOPS    0|0      GB/s)
*** AMD       82 [33mcopy  147.00 KB,     AMD <- DISK:/r[0m            arg  2 mem   0.55 GB tm   2501.88us/  4301.37ms (      0 GFLOPS    0|0      GB/s)
*** AMD       83 [33mcopy    3.00 KB,     AMD <- DISK:/r[0m            arg  2 mem   0.55 GB tm   2126.10us/  4303.50ms (      0 GFLOPS    0|0      GB/s)
*** AMD       84 [33mcopy    3.00 KB,     AMD <- DISK:/r[0m            arg  2 mem   0.55 GB tm   3082.79us/  4306.58ms (      0 GFLOPS    0|0      GB/s)
*** AMD       85 [33mcopy    3.00 KB,     AMD <- DISK:/r[0m            arg  2 mem   0.55 GB tm   2449.47us/  4309.03ms (      0 GFLOPS    0|0      GB/s)
*** AMD       86 [33mcopy   18.00 MB,     AMD <- DISK:/r[0m            arg  2 mem   0.56 GB tm [33m   127.14ms[0m/  4436.17ms (      0 GFLOPS    0|0      GB/s)
*** AMD       87 [33mcopy   12.00 KB,     AMD <- DISK:/r[0m            arg  2 mem   0.56 GB tm   2554.79us/  4438.73ms (      0 GFLOPS    0|0      GB/s)
*** AMD       88 [33mcopy   18.00 MB,     AMD <- DISK:/r[0m            arg  2 mem   0.58 GB tm [33m   125.75ms[0m/  4564.48ms (      0 GFLOPS    0|0      GB/s)
*** AMD       89 [33mcopy    3.00 KB,     AMD <- DISK:/r[0m            arg  2 mem   0.58 GB tm   2391.38us/  4566.87ms (      0 GFLOPS    0|0      GB/s)
*** AMD       90 [33mcopy    3.00 KB,     AMD <- DISK:/r[0m            arg  2 mem   0.58 GB tm   2036.13us/  4568.91ms (      0 GFLOPS    0|0      GB/s)
*** AMD       91 [33mcopy  147.00 KB,     AMD <- DISK:/r[0m            arg  2 mem   0.58 GB tm   2617.13us/  4571.53ms (      0 GFLOPS    0|0      GB/s)
*** AMD       92 [33mcopy    3.00 KB,     AMD <- DISK:/r[0m            arg  2 mem   0.58 GB tm   3142.59us/  4574.67ms (      0 GFLOPS    0|0      GB/s)
*** AMD       93 [33mcopy    3.00 KB,     AMD <- DISK:/r[0m            arg  2 mem   0.58 GB tm   2373.53us/  4577.04ms (      0 GFLOPS    0|0      GB/s)
*** AMD       94 [33mcopy    3.00 KB,     AMD <- DISK:/r[0m            arg  2 mem   0.58 GB tm   2492.37us/  4579.53ms (      0 GFLOPS    0|0      GB/s)
*** AMD       95 [33mcopy   18.00 MB,     AMD <- DISK:/r[0m            arg  2 mem   0.60 GB tm [33m   123.13ms[0m/  4702.66ms (      0 GFLOPS    0|0      GB/s)
*** AMD       96 [33mcopy   12.00 KB,     AMD <- DISK:/r[0m            arg  2 mem   0.60 GB tm   2387.89us/  4705.05ms (      0 GFLOPS    0|0      GB/s)
*** AMD       97 [33mcopy   18.00 MB,     AMD <- DISK:/r[0m            arg  2 mem   0.62 GB tm [33m   128.70ms[0m/  4833.75ms (      0 GFLOPS    0|0      GB/s)
*** AMD       98 [33mcopy    3.00 KB,     AMD <- DISK:/r[0m            arg  2 mem   0.62 GB tm   2132.43us/  4835.88ms (      0 GFLOPS    0|0      GB/s)
*** AMD       99 [33mcopy    3.00 KB,     AMD <- DISK:/r[0m            arg  2 mem   0.62 GB tm   3274.95us/  4839.15ms (      0 GFLOPS    0|0      GB/s)
*** AMD      100 [33mcopy  147.00 KB,     AMD <- DISK:/r[0m            arg  2 mem   0.62 GB tm   2909.51us/  4842.06ms (      0 GFLOPS    0|0      GB/s)
*** AMD      101 [33mcopy    3.00 KB,     AMD <- DISK:/r[0m            arg  2 mem   0.62 GB tm   2092.82us/  4844.16ms (      0 GFLOPS    0|0      GB/s)
*** AMD      102 [33mcopy    3.00 KB,     AMD <- DISK:/r[0m            arg  2 mem   0.62 GB tm   2152.94us/  4846.31ms (      0 GFLOPS    0|0      GB/s)
*** AMD      103 [33mcopy    3.00 KB,     AMD <- DISK:/r[0m            arg  2 mem   0.62 GB tm   2410.99us/  4848.72ms (      0 GFLOPS    0|0      GB/s)
*** AMD      104 [33mcopy   18.00 MB,     AMD <- DISK:/r[0m            arg  2 mem   0.64 GB tm [33m   125.17ms[0m/  4973.89ms (      0 GFLOPS    0|0      GB/s)
*** AMD      105 [33mcopy   12.00 KB,     AMD <- DISK:/r[0m            arg  2 mem   0.64 GB tm   2222.37us/  4976.11ms (      0 GFLOPS    0|0      GB/s)
*** AMD      106 [33mcopy   18.00 MB,     AMD <- DISK:/r[0m            arg  2 mem   0.66 GB tm [33m   127.35ms[0m/  5103.46ms (      0 GFLOPS    0|0      GB/s)
*** AMD      107 [33mcopy    3.00 KB,     AMD <- DISK:/r[0m            arg  2 mem   0.66 GB tm   2675.53us/  5106.14ms (      0 GFLOPS    0|0      GB/s)
*** AMD      108 [33mcopy    3.00 KB,     AMD <- DISK:/r[0m            arg  2 mem   0.66 GB tm   2264.01us/  5108.40ms (      0 GFLOPS    0|0      GB/s)
*** AMD      109 [33mcopy  147.00 KB,     AMD <- DISK:/r[0m            arg  2 mem   0.66 GB tm   2726.78us/  5111.13ms (      0 GFLOPS    0|0      GB/s)
*** AMD      110 [33mcopy    3.00 KB,     AMD <- DISK:/r[0m            arg  2 mem   0.66 GB tm   2443.08us/  5113.57ms (      0 GFLOPS    0|0      GB/s)
*** AMD      111 [33mcopy    3.00 KB,     AMD <- DISK:/r[0m            arg  2 mem   0.66 GB tm   3351.80us/  5116.92ms (      0 GFLOPS    0|0      GB/s)
*** AMD      112 [33mcopy    3.00 KB,     AMD <- DISK:/r[0m            arg  2 mem   0.66 GB tm   2795.29us/  5119.72ms (      0 GFLOPS    0|0      GB/s)
*** AMD      113 [33mcopy   18.00 MB,     AMD <- DISK:/r[0m            arg  2 mem   0.68 GB tm [33m   122.84ms[0m/  5242.56ms (      0 GFLOPS    0|0      GB/s)
*** AMD      114 [33mcopy   12.00 KB,     AMD <- DISK:/r[0m            arg  2 mem   0.68 GB tm   2221.17us/  5244.78ms (      0 GFLOPS    0|0      GB/s)
*** AMD      115 [33mcopy   18.00 MB,     AMD <- DISK:/r[0m            arg  2 mem   0.70 GB tm [33m   122.22ms[0m/  5367.01ms (      0 GFLOPS    0|0      GB/s)
*** AMD      116 [33mcopy    3.00 KB,     AMD <- DISK:/r[0m            arg  2 mem   0.70 GB tm   2730.48us/  5369.74ms (      0 GFLOPS    0|0      GB/s)
*** AMD      117 [33mcopy    3.00 KB,     AMD <- DISK:/r[0m            arg  2 mem   0.70 GB tm   2474.78us/  5372.21ms (      0 GFLOPS    0|0      GB/s)
*** AMD      118 [33mcopy  147.00 KB,     AMD <- DISK:/r[0m            arg  2 mem   0.70 GB tm   2484.91us/  5374.70ms (      0 GFLOPS    0|0      GB/s)
*** AMD      119 [33mcopy    3.00 KB,     AMD <- DISK:/r[0m            arg  2 mem   0.70 GB tm   1955.40us/  5376.65ms (      0 GFLOPS    0|0      GB/s)
*** AMD      120 [33mcopy    3.00 KB,     AMD <- DISK:/r[0m            arg  2 mem   0.70 GB tm   2149.49us/  5378.80ms (      0 GFLOPS    0|0      GB/s)
*** AMD      121 [33mcopy    3.00 KB,     AMD <- DISK:/r[0m            arg  2 mem   0.70 GB tm   2421.76us/  5381.22ms (      0 GFLOPS    0|0      GB/s)
*** AMD      122 [33mcopy   18.00 MB,     AMD <- DISK:/r[0m            arg  2 mem   0.72 GB tm [33m   129.95ms[0m/  5511.18ms (      0 GFLOPS    0|0      GB/s)
*** AMD      123 [33mcopy   12.00 KB,     AMD <- DISK:/r[0m            arg  2 mem   0.72 GB tm   2607.20us/  5513.78ms (      0 GFLOPS    0|0      GB/s)
*** AMD      124 [33mcopy   18.00 MB,     AMD <- DISK:/r[0m            arg  2 mem   0.74 GB tm [33m   118.38ms[0m/  5632.16ms (      0 GFLOPS    0|0      GB/s)
*** AMD      125 [33mcopy    3.00 KB,     AMD <- DISK:/r[0m            arg  2 mem   0.74 GB tm   2302.03us/  5634.46ms (      0 GFLOPS    0|0      GB/s)
*** AMD      126 [33mcopy    3.00 KB,     AMD <- DISK:/r[0m            arg  2 mem   0.74 GB tm   2303.20us/  5636.77ms (      0 GFLOPS    0|0      GB/s)
*** AMD      127 [33mcopy  147.00 KB,     AMD <- DISK:/r[0m            arg  2 mem   0.74 GB tm   3050.04us/  5639.82ms (      0 GFLOPS    0|0      GB/s)
*** AMD      128 [33mcopy    3.00 KB,     AMD <- DISK:/r[0m            arg  2 mem   0.74 GB tm   2153.89us/  5641.97ms (      0 GFLOPS    0|0      GB/s)
*** AMD      129 [33mcopy    3.00 KB,     AMD <- DISK:/r[0m            arg  2 mem   0.74 GB tm   2383.97us/  5644.36ms (      0 GFLOPS    0|0      GB/s)
*** AMD      130 [33mcopy    3.00 KB,     AMD <- DISK:/r[0m            arg  2 mem   0.74 GB tm   2551.39us/  5646.91ms (      0 GFLOPS    0|0      GB/s)
*** AMD      131 [33mcopy   18.00 MB,     AMD <- DISK:/r[0m            arg  2 mem   0.75 GB tm [33m   121.52ms[0m/  5768.43ms (      0 GFLOPS    0|0      GB/s)
*** AMD      132 [33mcopy   12.00 KB,     AMD <- DISK:/r[0m            arg  2 mem   0.75 GB tm   2594.85us/  5771.02ms (      0 GFLOPS    0|0      GB/s)
*** AMD      133 [33mcopy   18.00 MB,     AMD <- DISK:/r[0m            arg  2 mem   0.77 GB tm [33m   154.51ms[0m/  5925.53ms (      0 GFLOPS    0|0      GB/s)
*** AMD      134 [33mcopy    3.00 KB,     AMD <- DISK:/r[0m            arg  2 mem   0.77 GB tm   2409.28us/  5927.94ms (      0 GFLOPS    0|0      GB/s)
*** AMD      135 [33mcopy    3.00 KB,     AMD <- DISK:/r[0m            arg  2 mem   0.77 GB tm   2727.85us/  5930.67ms (      0 GFLOPS    0|0      GB/s)
*** AMD      136 [33mcopy  147.00 KB,     AMD <- DISK:/r[0m            arg  2 mem   0.77 GB tm   2665.41us/  5933.34ms (      0 GFLOPS    0|0      GB/s)
*** AMD      137 [33mcopy    3.00 KB,     AMD <- DISK:/r[0m            arg  2 mem   0.77 GB tm   2344.97us/  5935.68ms (      0 GFLOPS    0|0      GB/s)
*** AMD      138 [33mcopy    3.00 KB,     AMD <- DISK:/r[0m            arg  2 mem   0.77 GB tm   2580.49us/  5938.26ms (      0 GFLOPS    0|0      GB/s)
*** AMD      139 [33mcopy    3.00 KB,     AMD <- DISK:/r[0m            arg  2 mem   0.77 GB tm   2910.47us/  5941.17ms (      0 GFLOPS    0|0      GB/s)
*** AMD      140 [33mcopy   18.00 MB,     AMD <- DISK:/r[0m            arg  2 mem   0.79 GB tm [33m   130.68ms[0m/  6071.85ms (      0 GFLOPS    0|0      GB/s)
*** AMD      141 [33mcopy   12.00 KB,     AMD <- DISK:/r[0m            arg  2 mem   0.79 GB tm   3215.48us/  6075.06ms (      0 GFLOPS    0|0      GB/s)
*** AMD      142 [33mcopy   18.00 MB,     AMD <- DISK:/r[0m            arg  2 mem   0.81 GB tm [33m   134.97ms[0m/  6210.03ms (      0 GFLOPS    0|0      GB/s)
*** AMD      143 [33mcopy    3.00 KB,     AMD <- DISK:/r[0m            arg  2 mem   0.81 GB tm   2457.16us/  6212.49ms (      0 GFLOPS    0|0      GB/s)
*** AMD      144 [33mcopy    3.00 KB,     AMD <- DISK:/r[0m            arg  2 mem   0.81 GB tm   2130.11us/  6214.62ms (      0 GFLOPS    0|0      GB/s)
*** AMD      145 [33mcopy  147.00 KB,     AMD <- DISK:/r[0m            arg  2 mem   0.81 GB tm   2813.84us/  6217.43ms (      0 GFLOPS    0|0      GB/s)
*** AMD      146 [33mcopy    3.00 KB,     AMD <- DISK:/r[0m            arg  2 mem   0.81 GB tm   2690.91us/  6220.12ms (      0 GFLOPS    0|0      GB/s)
*** AMD      147 [33mcopy    3.00 KB,     AMD <- DISK:/r[0m            arg  2 mem   0.81 GB tm   2257.07us/  6222.38ms (      0 GFLOPS    0|0      GB/s)
*** AMD      148 [33mcopy    3.00 KB,     AMD <- DISK:/r[0m            arg  2 mem   0.81 GB tm   2342.26us/  6224.72ms (      0 GFLOPS    0|0      GB/s)
*** AMD      149 [33mcopy   18.00 MB,     AMD <- DISK:/r[0m            arg  2 mem   0.83 GB tm [33m   127.75ms[0m/  6352.47ms (      0 GFLOPS    0|0      GB/s)
*** AMD      150 [33mcopy   12.00 KB,     AMD <- DISK:/r[0m            arg  2 mem   0.83 GB tm   2209.67us/  6354.68ms (      0 GFLOPS    0|0      GB/s)
*** AMD      151 [33mcopy   18.00 MB,     AMD <- DISK:/r[0m            arg  2 mem   0.85 GB tm [33m   153.13ms[0m/  6507.81ms (      0 GFLOPS    0|0      GB/s)
*** AMD      152 [33mcopy    3.00 KB,     AMD <- DISK:/r[0m            arg  2 mem   0.85 GB tm   3340.23us/  6511.15ms (      0 GFLOPS    0|0      GB/s)
*** AMD      153 [33mcopy    3.00 KB,     AMD <- DISK:/r[0m            arg  2 mem   0.85 GB tm   2608.37us/  6513.76ms (      0 GFLOPS    0|0      GB/s)
*** AMD      154 [33mcopy  147.00 KB,     AMD <- DISK:/r[0m            arg  2 mem   0.85 GB tm   3216.98us/  6516.98ms (      0 GFLOPS    0|0      GB/s)
*** AMD      155 [33mcopy    3.00 KB,     AMD <- DISK:/r[0m            arg  2 mem   0.85 GB tm   2993.99us/  6519.97ms (      0 GFLOPS    0|0      GB/s)
*** AMD      156 [33mcopy    3.00 KB,     AMD <- DISK:/r[0m            arg  2 mem   0.85 GB tm   2567.36us/  6522.54ms (      0 GFLOPS    0|0      GB/s)
*** AMD      157 [33mcopy    3.00 KB,     AMD <- DISK:/r[0m            arg  2 mem   0.85 GB tm   2292.53us/  6524.83ms (      0 GFLOPS    0|0      GB/s)
*** AMD      158 [33mcopy   18.00 MB,     AMD <- DISK:/r[0m            arg  2 mem   0.87 GB tm [33m   155.90ms[0m/  6680.73ms (      0 GFLOPS    0|0      GB/s)
*** AMD      159 [33mcopy   12.00 KB,     AMD <- DISK:/r[0m            arg  2 mem   0.87 GB tm   2512.97us/  6683.24ms (      0 GFLOPS    0|0      GB/s)
*** AMD      160 [33mcopy   18.00 MB,     AMD <- DISK:/r[0m            arg  2 mem   0.89 GB tm [33m   137.61ms[0m/  6820.85ms (      0 GFLOPS    0|0      GB/s)
*** AMD      161 [33mcopy    3.00 KB,     AMD <- DISK:/r[0m            arg  2 mem   0.89 GB tm   3900.64us/  6824.75ms (      0 GFLOPS    0|0      GB/s)
*** AMD      162 [33mcopy    3.00 KB,     AMD <- DISK:/r[0m            arg  2 mem   0.89 GB tm   2750.57us/  6827.50ms (      0 GFLOPS    0|0      GB/s)
*** AMD      163 [33mcopy  147.00 KB,     AMD <- DISK:/r[0m            arg  2 mem   0.89 GB tm   3289.80us/  6830.79ms (      0 GFLOPS    0|0      GB/s)
*** AMD      164 [33mcopy    3.00 KB,     AMD <- DISK:/r[0m            arg  2 mem   0.89 GB tm   2234.25us/  6833.03ms (      0 GFLOPS    0|0      GB/s)
*** AMD      165 [33mcopy    3.00 KB,     AMD <- DISK:/r[0m            arg  2 mem   0.89 GB tm   2574.13us/  6835.60ms (      0 GFLOPS    0|0      GB/s)
*** AMD      166 [33mcopy    3.00 KB,     AMD <- DISK:/r[0m            arg  2 mem   0.89 GB tm   2540.95us/  6838.14ms (      0 GFLOPS    0|0      GB/s)
*** AMD      167 [33mcopy   18.00 MB,     AMD <- DISK:/r[0m            arg  2 mem   0.91 GB tm [33m   132.45ms[0m/  6970.59ms (      0 GFLOPS    0|0      GB/s)
*** AMD      168 [33mcopy   12.00 KB,     AMD <- DISK:/r[0m            arg  2 mem   0.91 GB tm   2524.45us/  6973.12ms (      0 GFLOPS    0|0      GB/s)
*** AMD      169 [33mcopy   18.00 MB,     AMD <- DISK:/r[0m            arg  2 mem   0.92 GB tm [33m   138.24ms[0m/  7111.36ms (      0 GFLOPS    0|0      GB/s)
*** AMD      170 [33mcopy    3.00 KB,     AMD <- DISK:/r[0m            arg  2 mem   0.92 GB tm   2811.69us/  7114.17ms (      0 GFLOPS    0|0      GB/s)
*** AMD      171 [33mcopy    3.00 KB,     AMD <- DISK:/r[0m            arg  2 mem   0.92 GB tm   2361.64us/  7116.53ms (      0 GFLOPS    0|0      GB/s)
*** AMD      172 [33mcopy  147.00 KB,     AMD <- DISK:/r[0m            arg  2 mem   0.92 GB tm   3554.13us/  7120.08ms (      0 GFLOPS    0|0      GB/s)
*** AMD      173 [33mcopy    3.00 KB,     AMD <- DISK:/r[0m            arg  2 mem   0.92 GB tm   2430.82us/  7122.51ms (      0 GFLOPS    0|0      GB/s)
*** AMD      174 [33mcopy    3.00 KB,     AMD <- DISK:/r[0m            arg  2 mem   0.92 GB tm   2248.66us/  7124.76ms (      0 GFLOPS    0|0      GB/s)
*** AMD      175 [33mcopy    3.00 KB,     AMD <- DISK:/r[0m            arg  2 mem   0.92 GB tm   2772.78us/  7127.54ms (      0 GFLOPS    0|0      GB/s)
*** AMD      176 [33mcopy   18.00 MB,     AMD <- DISK:/r[0m            arg  2 mem   0.94 GB tm [33m   131.32ms[0m/  7258.85ms (      0 GFLOPS    0|0      GB/s)
*** AMD      177 [33mcopy   12.00 KB,     AMD <- DISK:/r[0m            arg  2 mem   0.94 GB tm   2329.10us/  7261.18ms (      0 GFLOPS    0|0      GB/s)
*** AMD      178 [33mcopy   18.00 MB,     AMD <- DISK:/r[0m            arg  2 mem   0.96 GB tm [33m   130.53ms[0m/  7391.71ms (      0 GFLOPS    0|0      GB/s)
*** AMD      179 [33mcopy    3.00 KB,     AMD <- DISK:/r[0m            arg  2 mem   0.96 GB tm   2418.06us/  7394.13ms (      0 GFLOPS    0|0      GB/s)
*** AMD      180 [33mcopy    3.00 KB,     AMD <- DISK:/r[0m            arg  2 mem   0.96 GB tm   2848.48us/  7396.98ms (      0 GFLOPS    0|0      GB/s)
*** AMD      181 [33mcopy  147.00 KB,     AMD <- DISK:/r[0m            arg  2 mem   0.96 GB tm   2703.65us/  7399.68ms (      0 GFLOPS    0|0      GB/s)
*** AMD      182 [33mcopy    3.00 KB,     AMD <- DISK:/r[0m            arg  2 mem   0.96 GB tm   2144.73us/  7401.83ms (      0 GFLOPS    0|0      GB/s)
*** AMD      183 [33mcopy    3.00 KB,     AMD <- DISK:/r[0m            arg  2 mem   0.96 GB tm   2182.38us/  7404.01ms (      0 GFLOPS    0|0      GB/s)
*** AMD      184 [33mcopy    3.00 KB,     AMD <- DISK:/r[0m            arg  2 mem   0.96 GB tm   2587.35us/  7406.60ms (      0 GFLOPS    0|0      GB/s)
*** AMD      185 [33mcopy   18.00 MB,     AMD <- DISK:/r[0m            arg  2 mem   0.98 GB tm [33m   129.44ms[0m/  7536.04ms (      0 GFLOPS    0|0      GB/s)
*** AMD      186 [33mcopy   12.00 KB,     AMD <- DISK:/r[0m            arg  2 mem   0.98 GB tm   3113.09us/  7539.15ms (      0 GFLOPS    0|0      GB/s)
*** AMD      187 [33mcopy   18.00 MB,     AMD <- DISK:/r[0m            arg  2 mem   1.00 GB tm [33m   129.83ms[0m/  7668.98ms (      0 GFLOPS    0|0      GB/s)
*** AMD      188 [33mcopy    3.00 KB,     AMD <- DISK:/r[0m            arg  2 mem   1.00 GB tm   2294.42us/  7671.27ms (      0 GFLOPS    0|0      GB/s)
*** AMD      189 [33mcopy    3.00 KB,     AMD <- DISK:/r[0m            arg  2 mem   1.00 GB tm   2159.54us/  7673.43ms (      0 GFLOPS    0|0      GB/s)
*** AMD      190 [33mcopy  147.00 KB,     AMD <- DISK:/r[0m            arg  2 mem   1.00 GB tm   3210.44us/  7676.64ms (      0 GFLOPS    0|0      GB/s)
*** AMD      191 [33mcopy    3.00 KB,     AMD <- DISK:/r[0m            arg  2 mem   1.00 GB tm   2243.18us/  7678.89ms (      0 GFLOPS    0|0      GB/s)
*** AMD      192 [33mcopy    3.00 KB,     AMD <- DISK:/r[0m            arg  2 mem   1.00 GB tm   2191.23us/  7681.08ms (      0 GFLOPS    0|0      GB/s)
*** AMD      193 [33mcopy    3.00 KB,     AMD <- DISK:/r[0m            arg  2 mem   1.00 GB tm   2407.32us/  7683.49ms (      0 GFLOPS    0|0      GB/s)
*** AMD      194 [33mcopy   18.00 MB,     AMD <- DISK:/r[0m            arg  2 mem   1.02 GB tm [33m   132.59ms[0m/  7816.08ms (      0 GFLOPS    0|0      GB/s)
*** AMD      195 [33mcopy   12.00 KB,     AMD <- DISK:/r[0m            arg  2 mem   1.02 GB tm   2584.54us/  7818.66ms (      0 GFLOPS    0|0      GB/s)
*** AMD      196 [33mcopy   18.00 MB,     AMD <- DISK:/r[0m            arg  2 mem   1.04 GB tm [33m   129.92ms[0m/  7948.58ms (      0 GFLOPS    0|0      GB/s)
*** AMD      197 [33mcopy    3.00 KB,     AMD <- DISK:/r[0m            arg  2 mem   1.04 GB tm   2529.36us/  7951.11ms (      0 GFLOPS    0|0      GB/s)
*** AMD      198 [33mcopy    3.00 KB,     AMD <- DISK:/r[0m            arg  2 mem   1.04 GB tm   2315.42us/  7953.43ms (      0 GFLOPS    0|0      GB/s)
*** AMD      199 [33mcopy  147.00 KB,     AMD <- DISK:/r[0m            arg  2 mem   1.04 GB tm   3664.09us/  7957.09ms (      0 GFLOPS    0|0      GB/s)
*** AMD      200 [33mcopy    3.00 KB,     AMD <- DISK:/r[0m            arg  2 mem   1.04 GB tm   2450.06us/  7959.54ms (      0 GFLOPS    0|0      GB/s)
*** AMD      201 [33mcopy    3.00 KB,     AMD <- DISK:/r[0m            arg  2 mem   1.04 GB tm   2477.65us/  7962.02ms (      0 GFLOPS    0|0      GB/s)
*** AMD      202 [33mcopy    3.00 KB,     AMD <- DISK:/r[0m            arg  2 mem   1.04 GB tm   2628.10us/  7964.65ms (      0 GFLOPS    0|0      GB/s)
*** AMD      203 [33mcopy   18.00 MB,     AMD <- DISK:/r[0m            arg  2 mem   1.06 GB tm [33m   154.96ms[0m/  8119.61ms (      0 GFLOPS    0|0      GB/s)
*** AMD      204 [33mcopy   12.00 KB,     AMD <- DISK:/r[0m            arg  2 mem   1.06 GB tm   4759.69us/  8124.37ms (      0 GFLOPS    0|0      GB/s)
*** AMD      205 [33mcopy   18.00 MB,     AMD <- DISK:/r[0m            arg  2 mem   1.08 GB tm [33m   162.19ms[0m/  8286.56ms (      0 GFLOPS    0|0      GB/s)
*** AMD      206 [33mcopy    3.00 KB,     AMD <- DISK:/r[0m            arg  2 mem   1.08 GB tm   2643.31us/  8289.20ms (      0 GFLOPS    0|0      GB/s)
*** AMD      207 [33mcopy    3.00 KB,     AMD <- DISK:/r[0m            arg  2 mem   1.08 GB tm   2665.13us/  8291.87ms (      0 GFLOPS    0|0      GB/s)
*** AMD      208 [33mcopy  147.00 KB,     AMD <- DISK:/r[0m            arg  2 mem   1.08 GB tm   3583.81us/  8295.45ms (      0 GFLOPS    0|0      GB/s)
*** AMD      209 [33mcopy    3.00 KB,     AMD <- DISK:/r[0m            arg  2 mem   1.08 GB tm   2352.65us/  8297.81ms (      0 GFLOPS    0|0      GB/s)
*** AMD      210 [33mcopy    3.00 KB,     AMD <- DISK:/r[0m            arg  2 mem   1.08 GB tm   2677.33us/  8300.48ms (      0 GFLOPS    0|0      GB/s)
*** AMD      211 [33mcopy    3.00 KB,     AMD <- DISK:/r[0m            arg  2 mem   1.08 GB tm   2619.47us/  8303.10ms (      0 GFLOPS    0|0      GB/s)
*** AMD      212 [33mcopy   18.00 MB,     AMD <- DISK:/r[0m            arg  2 mem   1.10 GB tm [33m   138.66ms[0m/  8441.77ms (      0 GFLOPS    0|0      GB/s)
*** AMD      213 [33mcopy   12.00 KB,     AMD <- DISK:/r[0m            arg  2 mem   1.10 GB tm   3219.14us/  8444.99ms (      0 GFLOPS    0|0      GB/s)
*** AMD      214 [33mcopy   18.00 MB,     AMD <- DISK:/r[0m            arg  2 mem   1.11 GB tm [33m   143.47ms[0m/  8588.46ms (      0 GFLOPS    0|0      GB/s)
*** AMD      215 [33mcopy    3.00 KB,     AMD <- DISK:/r[0m            arg  2 mem   1.11 GB tm   2752.49us/  8591.21ms (      0 GFLOPS    0|0      GB/s)
*** AMD      216 [33mcopy    3.00 KB,     AMD <- DISK:/r[0m            arg  2 mem   1.11 GB tm   2811.33us/  8594.02ms (      0 GFLOPS    0|0      GB/s)
*** AMD      217 [33mcopy  147.00 KB,     AMD <- DISK:/r[0m            arg  2 mem   1.11 GB tm   2966.71us/  8596.99ms (      0 GFLOPS    0|0      GB/s)
*** AMD      218 [33mcopy    3.00 KB,     AMD <- DISK:/r[0m            arg  2 mem   1.11 GB tm   2403.42us/  8599.39ms (      0 GFLOPS    0|0      GB/s)
*** AMD      219 [33mcopy    3.00 KB,     AMD <- DISK:/r[0m            arg  2 mem   1.11 GB tm   2391.30us/  8601.78ms (      0 GFLOPS    0|0      GB/s)
*** AMD      220 [33mcopy    3.00 KB,     AMD <- DISK:/r[0m            arg  2 mem   1.11 GB tm   2691.17us/  8604.47ms (      0 GFLOPS    0|0      GB/s)
*** AMD      221 [33mcopy   18.00 MB,     AMD <- DISK:/r[0m            arg  2 mem   1.13 GB tm [33m   136.95ms[0m/  8741.42ms (      0 GFLOPS    0|0      GB/s)
*** AMD      222 [33mcopy   12.00 KB,     AMD <- DISK:/r[0m            arg  2 mem   1.13 GB tm   3466.00us/  8744.89ms (      0 GFLOPS    0|0      GB/s)
*** AMD      223 [33mcopy   18.00 MB,     AMD <- DISK:/r[0m            arg  2 mem   1.15 GB tm [33m   134.18ms[0m/  8879.07ms (      0 GFLOPS    0|0      GB/s)
*** AMD      224 [33mcopy    3.00 KB,     AMD <- DISK:/r[0m            arg  2 mem   1.15 GB tm   2272.57us/  8881.34ms (      0 GFLOPS    0|0      GB/s)
*** AMD      225 [33mcopy    3.00 KB,     AMD <- DISK:/r[0m            arg  2 mem   1.15 GB tm   2977.03us/  8884.32ms (      0 GFLOPS    0|0      GB/s)
*** AMD      226 [33mcopy  147.00 KB,     AMD <- DISK:/r[0m            arg  2 mem   1.15 GB tm   2727.68us/  8887.05ms (      0 GFLOPS    0|0      GB/s)
*** AMD      227 [33mcopy    3.00 KB,     AMD <- DISK:/r[0m            arg  2 mem   1.15 GB tm   2356.71us/  8889.40ms (      0 GFLOPS    0|0      GB/s)
*** AMD      228 [33mcopy    3.00 KB,     AMD <- DISK:/r[0m            arg  2 mem   1.15 GB tm   2514.78us/  8891.92ms (      0 GFLOPS    0|0      GB/s)
*** AMD      229 [33mcopy    3.00 KB,     AMD <- DISK:/r[0m            arg  2 mem   1.15 GB tm   2717.67us/  8894.64ms (      0 GFLOPS    0|0      GB/s)
*** AMD      230 [33mcopy   18.00 MB,     AMD <- DISK:/r[0m            arg  2 mem   1.17 GB tm [33m   136.14ms[0m/  9030.78ms (      0 GFLOPS    0|0      GB/s)
*** AMD      231 [33mcopy   12.00 KB,     AMD <- DISK:/r[0m            arg  2 mem   1.17 GB tm   3239.16us/  9034.02ms (      0 GFLOPS    0|0      GB/s)
*** AMD      232 [33mcopy   18.00 MB,     AMD <- DISK:/r[0m            arg  2 mem   1.19 GB tm [33m   140.24ms[0m/  9174.26ms (      0 GFLOPS    0|0      GB/s)
*** AMD      233 [33mcopy    3.00 KB,     AMD <- DISK:/r[0m            arg  2 mem   1.19 GB tm   2522.82us/  9176.78ms (      0 GFLOPS    0|0      GB/s)
*** AMD      234 [33mcopy    3.00 KB,     AMD <- DISK:/r[0m            arg  2 mem   1.19 GB tm   2353.77us/  9179.13ms (      0 GFLOPS    0|0      GB/s)
*** AMD      235 [33mcopy  147.00 KB,     AMD <- DISK:/r[0m            arg  2 mem   1.19 GB tm   2783.56us/  9181.92ms (      0 GFLOPS    0|0      GB/s)
*** AMD      236 [33mcopy    3.00 KB,     AMD <- DISK:/r[0m            arg  2 mem   1.19 GB tm   2495.63us/  9184.41ms (      0 GFLOPS    0|0      GB/s)
*** AMD      237 [33mcopy    3.00 KB,     AMD <- DISK:/r[0m            arg  2 mem   1.19 GB tm   2088.47us/  9186.50ms (      0 GFLOPS    0|0      GB/s)
*** AMD      238 [33mcopy    3.00 KB,     AMD <- DISK:/r[0m            arg  2 mem   1.19 GB tm   2195.05us/  9188.70ms (      0 GFLOPS    0|0      GB/s)
*** AMD      239 [33mcopy   18.00 MB,     AMD <- DISK:/r[0m            arg  2 mem   1.21 GB tm [33m   129.82ms[0m/  9318.51ms (      0 GFLOPS    0|0      GB/s)
*** AMD      240 [33mcopy   12.00 KB,     AMD <- DISK:/r[0m            arg  2 mem   1.21 GB tm   2253.11us/  9320.77ms (      0 GFLOPS    0|0      GB/s)
*** AMD      241 [33mcopy   18.00 MB,     AMD <- DISK:/r[0m            arg  2 mem   1.23 GB tm [33m   129.07ms[0m/  9449.84ms (      0 GFLOPS    0|0      GB/s)
*** AMD      242 [33mcopy    3.00 KB,     AMD <- DISK:/r[0m            arg  2 mem   1.23 GB tm   3486.95us/  9453.32ms (      0 GFLOPS    0|0      GB/s)
*** AMD      243 [33mcopy    3.00 KB,     AMD <- DISK:/r[0m            arg  2 mem   1.23 GB tm   2232.19us/  9455.55ms (      0 GFLOPS    0|0      GB/s)
*** AMD      244 [33mcopy  147.00 KB,     AMD <- DISK:/r[0m            arg  2 mem   1.23 GB tm   2869.86us/  9458.42ms (      0 GFLOPS    0|0      GB/s)
*** AMD      245 [33mcopy    3.00 KB,     AMD <- DISK:/r[0m            arg  2 mem   1.23 GB tm   2519.03us/  9460.94ms (      0 GFLOPS    0|0      GB/s)
*** AMD      246 [33mcopy    3.00 KB,     AMD <- DISK:/r[0m            arg  2 mem   1.23 GB tm   2366.08us/  9463.31ms (      0 GFLOPS    0|0      GB/s)
*** AMD      247 [33mcopy    3.00 KB,     AMD <- DISK:/r[0m            arg  2 mem   1.23 GB tm   2211.97us/  9465.52ms (      0 GFLOPS    0|0      GB/s)
*** AMD      248 [33mcopy   18.00 MB,     AMD <- DISK:/r[0m            arg  2 mem   1.25 GB tm [33m   130.39ms[0m/  9595.91ms (      0 GFLOPS    0|0      GB/s)
*** AMD      249 [33mcopy   12.00 KB,     AMD <- DISK:/r[0m            arg  2 mem   1.25 GB tm   2496.78us/  9598.41ms (      0 GFLOPS    0|0      GB/s)
*** AMD      250 [33mcopy   18.00 MB,     AMD <- DISK:/r[0m            arg  2 mem   1.27 GB tm [33m   125.62ms[0m/  9724.03ms (      0 GFLOPS    0|0      GB/s)
*** AMD      251 [33mcopy    3.00 KB,     AMD <- DISK:/r[0m            arg  2 mem   1.27 GB tm   2164.62us/  9726.19ms (      0 GFLOPS    0|0      GB/s)
*** AMD      252 [33mcopy    3.00 KB,     AMD <- DISK:/r[0m            arg  2 mem   1.27 GB tm   2291.93us/  9728.49ms (      0 GFLOPS    0|0      GB/s)
*** AMD      253 [33mcopy  147.00 KB,     AMD <- DISK:/r[0m            arg  2 mem   1.27 GB tm   3182.15us/  9731.67ms (      0 GFLOPS    0|0      GB/s)
*** AMD      254 [33mcopy    3.00 KB,     AMD <- DISK:/r[0m            arg  2 mem   1.27 GB tm   2062.71us/  9733.73ms (      0 GFLOPS    0|0      GB/s)
*** AMD      255 [33mcopy    3.00 KB,     AMD <- DISK:/r[0m            arg  2 mem   1.27 GB tm   2672.60us/  9736.40ms (      0 GFLOPS    0|0      GB/s)
*** AMD      256 [33mcopy    3.00 KB,     AMD <- DISK:/r[0m            arg  2 mem   1.27 GB tm   2249.95us/  9738.65ms (      0 GFLOPS    0|0      GB/s)
*** AMD      257 [33mcopy   18.00 MB,     AMD <- DISK:/r[0m            arg  2 mem   1.29 GB tm [33m   134.29ms[0m/  9872.95ms (      0 GFLOPS    0|0      GB/s)
*** AMD      258 [33mcopy   12.00 KB,     AMD <- DISK:/r[0m            arg  2 mem   1.29 GB tm   2443.45us/  9875.39ms (      0 GFLOPS    0|0      GB/s)
*** AMD      259 [33mcopy   18.00 MB,     AMD <- DISK:/r[0m            arg  2 mem   1.30 GB tm [33m   131.96ms[0m/ 10007.35ms (      0 GFLOPS    0|0      GB/s)
*** AMD      260 [33mcopy    3.00 KB,     AMD <- DISK:/r[0m            arg  2 mem   1.30 GB tm   2729.19us/ 10010.08ms (      0 GFLOPS    0|0      GB/s)
*** AMD      261 [33mcopy    3.00 KB,     AMD <- DISK:/r[0m            arg  2 mem   1.30 GB tm   2644.80us/ 10012.72ms (      0 GFLOPS    0|0      GB/s)
*** AMD      262 [33mcopy  147.00 KB,     AMD <- DISK:/r[0m            arg  2 mem   1.30 GB tm   2789.20us/ 10015.51ms (      0 GFLOPS    0|0      GB/s)
*** AMD      263 [33mcopy    3.00 KB,     AMD <- DISK:/r[0m            arg  2 mem   1.30 GB tm   2179.02us/ 10017.69ms (      0 GFLOPS    0|0      GB/s)
*** AMD      264 [33mcopy    3.00 KB,     AMD <- DISK:/r[0m            arg  2 mem   1.30 GB tm   2902.35us/ 10020.59ms (      0 GFLOPS    0|0      GB/s)
*** AMD      265 [33mcopy    3.00 KB,     AMD <- DISK:/r[0m            arg  2 mem   1.30 GB tm   2067.52us/ 10022.66ms (      0 GFLOPS    0|0      GB/s)
*** AMD      266 [33mcopy   18.00 MB,     AMD <- DISK:/r[0m            arg  2 mem   1.32 GB tm [33m   130.33ms[0m/ 10152.99ms (      0 GFLOPS    0|0      GB/s)
*** AMD      267 [33mcopy   12.00 KB,     AMD <- DISK:/r[0m            arg  2 mem   1.32 GB tm   2864.47us/ 10155.86ms (      0 GFLOPS    0|0      GB/s)
*** AMD      268 [33mcopy   18.00 MB,     AMD <- DISK:/r[0m            arg  2 mem   1.34 GB tm [33m   147.75ms[0m/ 10303.61ms (      0 GFLOPS    0|0      GB/s)
*** AMD      269 [33mcopy    3.00 KB,     AMD <- DISK:/r[0m            arg  2 mem   1.34 GB tm   2468.48us/ 10306.08ms (      0 GFLOPS    0|0      GB/s)
*** AMD      270 [33mcopy    3.00 KB,     AMD <- DISK:/r[0m            arg  2 mem   1.34 GB tm   2397.42us/ 10308.47ms (      0 GFLOPS    0|0      GB/s)
*** AMD      271 [33mcopy  147.00 KB,     AMD <- DISK:/r[0m            arg  2 mem   1.34 GB tm   2899.48us/ 10311.37ms (      0 GFLOPS    0|0      GB/s)
*** AMD      272 [33mcopy    3.00 KB,     AMD <- DISK:/r[0m            arg  2 mem   1.34 GB tm   2744.33us/ 10314.12ms (      0 GFLOPS    0|0      GB/s)
*** AMD      273 [33mcopy    3.00 KB,     AMD <- DISK:/r[0m            arg  2 mem   1.34 GB tm   2231.97us/ 10316.35ms (      0 GFLOPS    0|0      GB/s)
*** AMD      274 [33mcopy    3.00 KB,     AMD <- DISK:/r[0m            arg  2 mem   1.34 GB tm   2664.61us/ 10319.01ms (      0 GFLOPS    0|0      GB/s)
*** AMD      275 [33mcopy   18.00 MB,     AMD <- DISK:/r[0m            arg  2 mem   1.36 GB tm [33m   145.98ms[0m/ 10465.00ms (      0 GFLOPS    0|0      GB/s)
*** AMD      276 [33mcopy   12.00 KB,     AMD <- DISK:/r[0m            arg  2 mem   1.36 GB tm   3566.17us/ 10468.56ms (      0 GFLOPS    0|0      GB/s)
*** AMD      277 [33mcopy   18.00 MB,     AMD <- DISK:/r[0m            arg  2 mem   1.38 GB tm [33m   162.01ms[0m/ 10630.57ms (      0 GFLOPS    0|0      GB/s)
*** AMD      278 [33mcopy    3.00 KB,     AMD <- DISK:/r[0m            arg  2 mem   1.38 GB tm   2436.69us/ 10633.01ms (      0 GFLOPS    0|0      GB/s)
*** AMD      279 [33mcopy    3.00 KB,     AMD <- DISK:/r[0m            arg  2 mem   1.38 GB tm   2308.11us/ 10635.31ms (      0 GFLOPS    0|0      GB/s)
*** AMD      280 [33mcopy  147.00 KB,     AMD <- DISK:/r[0m            arg  2 mem   1.38 GB tm   3439.72us/ 10638.75ms (      0 GFLOPS    0|0      GB/s)
*** AMD      281 [33mcopy    3.00 KB,     AMD <- DISK:/r[0m            arg  2 mem   1.38 GB tm   2690.66us/ 10641.45ms (      0 GFLOPS    0|0      GB/s)
*** AMD      282 [33mcopy    3.00 KB,     AMD <- DISK:/r[0m            arg  2 mem   1.38 GB tm   3098.02us/ 10644.54ms (      0 GFLOPS    0|0      GB/s)
*** AMD      283 [33mcopy    3.00 KB,     AMD <- DISK:/r[0m            arg  2 mem   1.38 GB tm   3421.27us/ 10647.96ms (      0 GFLOPS    0|0      GB/s)
*** AMD      284 [33mcopy   18.00 MB,     AMD <- DISK:/r[0m            arg  2 mem   1.40 GB tm [33m   141.28ms[0m/ 10789.24ms (      0 GFLOPS    0|0      GB/s)
*** AMD      285 [33mcopy   12.00 KB,     AMD <- DISK:/r[0m            arg  2 mem   1.40 GB tm   2300.51us/ 10791.54ms (      0 GFLOPS    0|0      GB/s)
*** AMD      286 [33mcopy   18.00 MB,     AMD <- DISK:/r[0m            arg  2 mem   1.42 GB tm [33m   143.28ms[0m/ 10934.82ms (      0 GFLOPS    0|0      GB/s)
*** AMD      287 [33mcopy    3.00 KB,     AMD <- DISK:/r[0m            arg  2 mem   1.42 GB tm   3078.22us/ 10937.90ms (      0 GFLOPS    0|0      GB/s)
*** AMD      288 [33mcopy    3.00 KB,     AMD <- DISK:/r[0m            arg  2 mem   1.42 GB tm   2516.78us/ 10940.42ms (      0 GFLOPS    0|0      GB/s)
*** AMD      289 [33mcopy  147.00 KB,     AMD <- DISK:/r[0m            arg  2 mem   1.42 GB tm   2817.14us/ 10943.23ms (      0 GFLOPS    0|0      GB/s)
*** AMD      290 [33mcopy    3.00 KB,     AMD <- DISK:/r[0m            arg  2 mem   1.42 GB tm   2683.87us/ 10945.92ms (      0 GFLOPS    0|0      GB/s)
*** AMD      291 [33mcopy    3.00 KB,     AMD <- DISK:/r[0m            arg  2 mem   1.42 GB tm   2331.32us/ 10948.25ms (      0 GFLOPS    0|0      GB/s)
*** AMD      292 [33mcopy    3.00 KB,     AMD <- DISK:/r[0m            arg  2 mem   1.42 GB tm   2820.00us/ 10951.07ms (      0 GFLOPS    0|0      GB/s)
*** AMD      293 [33mcopy   18.00 MB,     AMD <- DISK:/r[0m            arg  2 mem   1.44 GB tm [33m   139.74ms[0m/ 11090.81ms (      0 GFLOPS    0|0      GB/s)
*** AMD      294 [33mcopy   12.00 KB,     AMD <- DISK:/r[0m            arg  2 mem   1.44 GB tm   2336.32us/ 11093.14ms (      0 GFLOPS    0|0      GB/s)
*** AMD      295 [33mcopy   18.00 MB,     AMD <- DISK:/r[0m            arg  2 mem   1.46 GB tm [33m   136.38ms[0m/ 11229.52ms (      0 GFLOPS    0|0      GB/s)
*** AMD      296 [33mcopy    3.00 KB,     AMD <- DISK:/r[0m            arg  2 mem   1.46 GB tm   3042.43us/ 11232.57ms (      0 GFLOPS    0|0      GB/s)
*** AMD      297 [33mcopy    3.00 KB,     AMD <- DISK:/r[0m            arg  2 mem   1.46 GB tm   3195.02us/ 11235.76ms (      0 GFLOPS    0|0      GB/s)
*** AMD      298 [33mcopy  147.00 KB,     AMD <- DISK:/r[0m            arg  2 mem   1.46 GB tm   3072.47us/ 11238.83ms (      0 GFLOPS    0|0      GB/s)
*** AMD      299 [33mcopy    3.00 KB,     AMD <- DISK:/r[0m            arg  2 mem   1.46 GB tm   2654.56us/ 11241.49ms (      0 GFLOPS    0|0      GB/s)
*** AMD      300 [33mcopy    3.00 KB,     AMD <- DISK:/r[0m            arg  2 mem   1.46 GB tm   2564.70us/ 11244.05ms (      0 GFLOPS    0|0      GB/s)
*** AMD      301 [33mcopy    3.00 KB,     AMD <- DISK:/r[0m            arg  2 mem   1.46 GB tm   2894.77us/ 11246.95ms (      0 GFLOPS    0|0      GB/s)
*** AMD      302 [33mcopy   18.00 MB,     AMD <- DISK:/r[0m            arg  2 mem   1.47 GB tm [33m   134.71ms[0m/ 11381.66ms (      0 GFLOPS    0|0      GB/s)
*** AMD      303 [33mcopy   12.00 KB,     AMD <- DISK:/r[0m            arg  2 mem   1.47 GB tm   3106.38us/ 11384.76ms (      0 GFLOPS    0|0      GB/s)
*** AMD      304 [33mcopy   18.00 MB,     AMD <- DISK:/r[0m            arg  2 mem   1.49 GB tm [33m   130.54ms[0m/ 11515.31ms (      0 GFLOPS    0|0      GB/s)
*** AMD      305 [33mcopy    3.00 KB,     AMD <- DISK:/r[0m            arg  2 mem   1.49 GB tm   2343.98us/ 11517.65ms (      0 GFLOPS    0|0      GB/s)
*** AMD      306 [33mcopy    3.00 KB,     AMD <- DISK:/r[0m            arg  2 mem   1.49 GB tm   2657.38us/ 11520.31ms (      0 GFLOPS    0|0      GB/s)
*** AMD      307 [33mcopy  147.00 KB,     AMD <- DISK:/r[0m            arg  2 mem   1.49 GB tm   4832.59us/ 11525.14ms (      0 GFLOPS    0|0      GB/s)
*** AMD      308 [33mcopy    3.00 KB,     AMD <- DISK:/r[0m            arg  2 mem   1.49 GB tm   3455.73us/ 11528.60ms (      0 GFLOPS    0|0      GB/s)
*** AMD      309 [33mcopy    3.00 KB,     AMD <- DISK:/r[0m            arg  2 mem   1.49 GB tm   3001.17us/ 11531.60ms (      0 GFLOPS    0|0      GB/s)
*** AMD      310 [33mcopy    3.00 KB,     AMD <- DISK:/r[0m            arg  2 mem   1.49 GB tm   2925.24us/ 11534.52ms (      0 GFLOPS    0|0      GB/s)
*** AMD      311 [33mcopy   18.00 MB,     AMD <- DISK:/r[0m            arg  2 mem   1.51 GB tm [33m   151.69ms[0m/ 11686.21ms (      0 GFLOPS    0|0      GB/s)
*** AMD      312 [33mcopy   12.00 KB,     AMD <- DISK:/r[0m            arg  2 mem   1.51 GB tm   2423.88us/ 11688.64ms (      0 GFLOPS    0|0      GB/s)
*** AMD      313 [33mcopy   18.00 MB,     AMD <- DISK:/r[0m            arg  2 mem   1.53 GB tm [33m   159.19ms[0m/ 11847.83ms (      0 GFLOPS    0|0      GB/s)
*** AMD      314 [33mcopy    3.00 KB,     AMD <- DISK:/r[0m            arg  2 mem   1.53 GB tm   2469.72us/ 11850.30ms (      0 GFLOPS    0|0      GB/s)
*** AMD      315 [33mcopy    3.00 KB,     AMD <- DISK:/r[0m            arg  2 mem   1.53 GB tm   2978.70us/ 11853.28ms (      0 GFLOPS    0|0      GB/s)
*** AMD      316 [33mcopy  147.00 KB,     AMD <- DISK:/r[0m            arg  2 mem   1.53 GB tm   2710.91us/ 11855.99ms (      0 GFLOPS    0|0      GB/s)
*** AMD      317 [33mcopy    3.00 KB,     AMD <- DISK:/r[0m            arg  2 mem   1.53 GB tm   2990.16us/ 11858.98ms (      0 GFLOPS    0|0      GB/s)
*** AMD      318 [33mcopy    3.00 KB,     AMD <- DISK:/r[0m            arg  2 mem   1.53 GB tm   3292.46us/ 11862.27ms (      0 GFLOPS    0|0      GB/s)
*** AMD      319 [33mcopy    3.00 KB,     AMD <- DISK:/r[0m            arg  2 mem   1.53 GB tm   2749.78us/ 11865.02ms (      0 GFLOPS    0|0      GB/s)
*** AMD      320 [33mcopy   18.00 MB,     AMD <- DISK:/r[0m            arg  2 mem   1.55 GB tm [33m   147.70ms[0m/ 12012.72ms (      0 GFLOPS    0|0      GB/s)
*** AMD      321 [33mcopy   12.00 KB,     AMD <- DISK:/r[0m            arg  2 mem   1.55 GB tm   2581.13us/ 12015.30ms (      0 GFLOPS    0|0      GB/s)
*** AMD      322 [33mcopy   18.00 MB,     AMD <- DISK:/r[0m            arg  2 mem   1.57 GB tm [33m   149.83ms[0m/ 12165.13ms (      0 GFLOPS    0|0      GB/s)
*** AMD      323 [33mcopy    3.00 KB,     AMD <- DISK:/r[0m            arg  2 mem   1.57 GB tm   2284.06us/ 12167.42ms (      0 GFLOPS    0|0      GB/s)
*** AMD      324 [33mcopy    3.00 KB,     AMD <- DISK:/r[0m            arg  2 mem   1.57 GB tm   2130.61us/ 12169.55ms (      0 GFLOPS    0|0      GB/s)
*** AMD      325 [33mcopy  147.00 KB,     AMD <- DISK:/r[0m            arg  2 mem   1.57 GB tm   2788.88us/ 12172.33ms (      0 GFLOPS    0|0      GB/s)
*** AMD      326 [33mcopy    3.00 KB,     AMD <- DISK:/r[0m            arg  2 mem   1.57 GB tm   2723.13us/ 12175.06ms (      0 GFLOPS    0|0      GB/s)
*** AMD      327 [33mcopy    3.00 KB,     AMD <- DISK:/r[0m            arg  2 mem   1.57 GB tm   2284.27us/ 12177.34ms (      0 GFLOPS    0|0      GB/s)
*** AMD      328 [33mcopy    3.00 KB,     AMD <- DISK:/r[0m            arg  2 mem   1.57 GB tm   2137.95us/ 12179.48ms (      0 GFLOPS    0|0      GB/s)
*** AMD      329 [33mcopy   18.00 MB,     AMD <- DISK:/r[0m            arg  2 mem   1.59 GB tm [33m   130.16ms[0m/ 12309.64ms (      0 GFLOPS    0|0      GB/s)
*** AMD      330 [33mcopy   12.00 KB,     AMD <- DISK:/r[0m            arg  2 mem   1.59 GB tm   3038.81us/ 12312.68ms (      0 GFLOPS    0|0      GB/s)
*** AMD      331 [33mcopy   18.00 MB,     AMD <- DISK:/r[0m            arg  2 mem   1.61 GB tm [33m   136.49ms[0m/ 12449.18ms (      0 GFLOPS    0|0      GB/s)
*** AMD      332 [33mcopy    3.00 KB,     AMD <- DISK:/r[0m            arg  2 mem   1.61 GB tm   2460.14us/ 12451.64ms (      0 GFLOPS    0|0      GB/s)
*** AMD      333 [33mcopy    3.00 KB,     AMD <- DISK:/r[0m            arg  2 mem   1.61 GB tm   2960.16us/ 12454.60ms (      0 GFLOPS    0|0      GB/s)
[32m*** AMD      334[0m [33mcopy   73.50 KB,     AMD <- DISK:/r[0m            arg  2 mem   1.61 GB tm   3419.32us/ 12458.02ms (      0 GFLOPS    0|0      GB/s)
[32m*** AMD      335[0m [33mcopy    1.50 KB,     AMD <- DISK:/r[0m            arg  2 mem   1.61 GB tm   2671.83us/ 12460.69ms (      0 GFLOPS    0|0      GB/s)
*** AMD      336 [33mcopy    1.50 KB,     AMD <- DISK:/r[0m            arg  2 mem   1.61 GB tm   2481.30us/ 12463.17ms (      0 GFLOPS    0|0      GB/s)
*** AMD      337 [33mcopy    1.50 KB,     AMD <- DISK:/r[0m            arg  2 mem   1.61 GB tm   2866.98us/ 12466.04ms (      0 GFLOPS    0|0      GB/s)
[32m*** AMD      338[0m [33mcopy    4.50 MB,     AMD <- DISK:/r[0m            arg  2 mem   1.61 GB tm [33m    37.38ms[0m/ 12503.42ms (      0 GFLOPS    0|0      GB/s)
*** AMD      339 [33mcopy    6.00 KB,     AMD <- DISK:/r[0m            arg  2 mem   1.61 GB tm   3888.76us/ 12507.30ms (      0 GFLOPS    0|0      GB/s)
*** AMD      340 [33mcopy    4.50 MB,     AMD <- DISK:/r[0m            arg  2 mem   1.62 GB tm [33m    40.43ms[0m/ 12547.74ms (      0 GFLOPS    0|0      GB/s)
*** AMD      341 [33mcopy    1.50 KB,     AMD <- DISK:/r[0m            arg  2 mem   1.62 GB tm   3081.53us/ 12550.82ms (      0 GFLOPS    0|0      GB/s)
*** AMD      342 [33mcopy    1.50 KB,     AMD <- DISK:/r[0m            arg  2 mem   1.62 GB tm   2907.99us/ 12553.73ms (      0 GFLOPS    0|0      GB/s)
*** AMD      343 [33mcopy   73.50 KB,     AMD <- DISK:/r[0m            arg  2 mem   1.62 GB tm   3105.98us/ 12556.83ms (      0 GFLOPS    0|0      GB/s)
*** AMD      344 [33mcopy    1.50 KB,     AMD <- DISK:/r[0m            arg  2 mem   1.62 GB tm   3073.08us/ 12559.91ms (      0 GFLOPS    0|0      GB/s)
*** AMD      345 [33mcopy    1.50 KB,     AMD <- DISK:/r[0m            arg  2 mem   1.62 GB tm   2438.63us/ 12562.34ms (      0 GFLOPS    0|0      GB/s)
*** AMD      346 [33mcopy    1.50 KB,     AMD <- DISK:/r[0m            arg  2 mem   1.62 GB tm   2231.25us/ 12564.58ms (      0 GFLOPS    0|0      GB/s)
*** AMD      347 [33mcopy    4.50 MB,     AMD <- DISK:/r[0m            arg  2 mem   1.62 GB tm [33m    40.83ms[0m/ 12605.41ms (      0 GFLOPS    0|0      GB/s)
*** AMD      348 [33mcopy    6.00 KB,     AMD <- DISK:/r[0m            arg  2 mem   1.62 GB tm   3097.18us/ 12608.50ms (      0 GFLOPS    0|0      GB/s)
*** AMD      349 [33mcopy    4.50 MB,     AMD <- DISK:/r[0m            arg  2 mem   1.63 GB tm [33m    34.57ms[0m/ 12643.07ms (      0 GFLOPS    0|0      GB/s)
*** AMD      350 [33mcopy    1.50 KB,     AMD <- DISK:/r[0m            arg  2 mem   1.63 GB tm   2724.77us/ 12645.79ms (      0 GFLOPS    0|0      GB/s)
*** AMD      351 [33mcopy    1.50 KB,     AMD <- DISK:/r[0m            arg  2 mem   1.63 GB tm   2311.05us/ 12648.10ms (      0 GFLOPS    0|0      GB/s)
*** AMD      352 [33mcopy   73.50 KB,     AMD <- DISK:/r[0m            arg  2 mem   1.63 GB tm   2465.62us/ 12650.57ms (      0 GFLOPS    0|0      GB/s)
*** AMD      353 [33mcopy    1.50 KB,     AMD <- DISK:/r[0m            arg  2 mem   1.63 GB tm   2257.41us/ 12652.83ms (      0 GFLOPS    0|0      GB/s)
*** AMD      354 [33mcopy    1.50 KB,     AMD <- DISK:/r[0m            arg  2 mem   1.63 GB tm   3316.04us/ 12656.14ms (      0 GFLOPS    0|0      GB/s)
*** AMD      355 [33mcopy    1.50 KB,     AMD <- DISK:/r[0m            arg  2 mem   1.63 GB tm   2376.65us/ 12658.52ms (      0 GFLOPS    0|0      GB/s)
*** AMD      356 [33mcopy    4.50 MB,     AMD <- DISK:/r[0m            arg  2 mem   1.63 GB tm [33m    32.66ms[0m/ 12691.18ms (      0 GFLOPS    0|0      GB/s)
*** AMD      357 [33mcopy    6.00 KB,     AMD <- DISK:/r[0m            arg  2 mem   1.63 GB tm   2537.45us/ 12693.72ms (      0 GFLOPS    0|0      GB/s)
*** AMD      358 [33mcopy    4.50 MB,     AMD <- DISK:/r[0m            arg  2 mem   1.64 GB tm [33m    36.10ms[0m/ 12729.82ms (      0 GFLOPS    0|0      GB/s)
*** AMD      359 [33mcopy    1.50 KB,     AMD <- DISK:/r[0m            arg  2 mem   1.64 GB tm   3028.56us/ 12732.85ms (      0 GFLOPS    0|0      GB/s)
*** AMD      360 [33mcopy    1.50 KB,     AMD <- DISK:/r[0m            arg  2 mem   1.64 GB tm   2277.04us/ 12735.13ms (      0 GFLOPS    0|0      GB/s)
*** AMD      361 [33mcopy   73.50 KB,     AMD <- DISK:/r[0m            arg  2 mem   1.64 GB tm   2745.30us/ 12737.87ms (      0 GFLOPS    0|0      GB/s)
*** AMD      362 [33mcopy    1.50 KB,     AMD <- DISK:/r[0m            arg  2 mem   1.64 GB tm   2111.10us/ 12739.98ms (      0 GFLOPS    0|0      GB/s)
*** AMD      363 [33mcopy    1.50 KB,     AMD <- DISK:/r[0m            arg  2 mem   1.64 GB tm   3689.23us/ 12743.67ms (      0 GFLOPS    0|0      GB/s)
*** AMD      364 [33mcopy    1.50 KB,     AMD <- DISK:/r[0m            arg  2 mem   1.64 GB tm   2385.18us/ 12746.06ms (      0 GFLOPS    0|0      GB/s)
*** AMD      365 [33mcopy    4.50 MB,     AMD <- DISK:/r[0m            arg  2 mem   1.64 GB tm [33m    34.40ms[0m/ 12780.46ms (      0 GFLOPS    0|0      GB/s)
*** AMD      366 [33mcopy    6.00 KB,     AMD <- DISK:/r[0m            arg  2 mem   1.64 GB tm   2472.68us/ 12782.93ms (      0 GFLOPS    0|0      GB/s)
*** AMD      367 [33mcopy    4.50 MB,     AMD <- DISK:/r[0m            arg  2 mem   1.65 GB tm [33m    34.96ms[0m/ 12817.90ms (      0 GFLOPS    0|0      GB/s)
*** AMD      368 [33mcopy    1.50 KB,     AMD <- DISK:/r[0m            arg  2 mem   1.65 GB tm   2564.10us/ 12820.46ms (      0 GFLOPS    0|0      GB/s)
*** AMD      369 [33mcopy    1.50 KB,     AMD <- DISK:/r[0m            arg  2 mem   1.65 GB tm   2072.56us/ 12822.53ms (      0 GFLOPS    0|0      GB/s)
[32m*** AMD      370[0m [33mcopy   36.75 KB,     AMD <- DISK:/r[0m            arg  2 mem   1.65 GB tm   2400.02us/ 12824.93ms (      0 GFLOPS    0|0      GB/s)
[32m*** AMD      371[0m [33mcopy      768 B,     AMD <- DISK:/r[0m            arg  2 mem   1.65 GB tm   2360.02us/ 12827.29ms (      0 GFLOPS    0|0      GB/s)
*** AMD      372 [33mcopy      768 B,     AMD <- DISK:/r[0m            arg  2 mem   1.65 GB tm   2305.40us/ 12829.60ms (      0 GFLOPS    0|0      GB/s)
*** AMD      373 [33mcopy      768 B,     AMD <- DISK:/r[0m            arg  2 mem   1.65 GB tm   2388.21us/ 12831.99ms (      0 GFLOPS    0|0      GB/s)
[32m*** AMD      374[0m [33mcopy    1.12 MB,     AMD <- DISK:/r[0m            arg  2 mem   1.65 GB tm   9891.25us/ 12841.88ms (      0 GFLOPS    0|0      GB/s)
*** AMD      375 [33mcopy    3.00 KB,     AMD <- DISK:/r[0m            arg  2 mem   1.65 GB tm   2341.22us/ 12844.22ms (      0 GFLOPS    0|0      GB/s)
*** AMD      376 [33mcopy    1.12 MB,     AMD <- DISK:/r[0m            arg  2 mem   1.65 GB tm [33m    10.52ms[0m/ 12854.74ms (      0 GFLOPS    0|0      GB/s)
*** AMD      377 [33mcopy      768 B,     AMD <- DISK:/r[0m            arg  2 mem   1.65 GB tm   2497.46us/ 12857.24ms (      0 GFLOPS    0|0      GB/s)
*** AMD      378 [33mcopy      768 B,     AMD <- DISK:/r[0m            arg  2 mem   1.65 GB tm   2369.45us/ 12859.61ms (      0 GFLOPS    0|0      GB/s)
*** AMD      379 [33mcopy   36.75 KB,     AMD <- DISK:/r[0m            arg  2 mem   1.65 GB tm   2588.89us/ 12862.20ms (      0 GFLOPS    0|0      GB/s)
*** AMD      380 [33mcopy      768 B,     AMD <- DISK:/r[0m            arg  2 mem   1.65 GB tm   3041.96us/ 12865.24ms (      0 GFLOPS    0|0      GB/s)
*** AMD      381 [33mcopy      768 B,     AMD <- DISK:/r[0m            arg  2 mem   1.65 GB tm   2247.41us/ 12867.49ms (      0 GFLOPS    0|0      GB/s)
*** AMD      382 [33mcopy      768 B,     AMD <- DISK:/r[0m            arg  2 mem   1.65 GB tm   2782.16us/ 12870.27ms (      0 GFLOPS    0|0      GB/s)
*** AMD      383 [33mcopy    1.12 MB,     AMD <- DISK:/r[0m            arg  2 mem   1.65 GB tm   9760.85us/ 12880.03ms (      0 GFLOPS    0|0      GB/s)
*** AMD      384 [33mcopy    3.00 KB,     AMD <- DISK:/r[0m            arg  2 mem   1.65 GB tm   2242.65us/ 12882.27ms (      0 GFLOPS    0|0      GB/s)
*** AMD      385 [33mcopy    1.12 MB,     AMD <- DISK:/r[0m            arg  2 mem   1.65 GB tm   9407.35us/ 12891.68ms (      0 GFLOPS    0|0      GB/s)
*** AMD      386 [33mcopy      768 B,     AMD <- DISK:/r[0m            arg  2 mem   1.65 GB tm   2805.30us/ 12894.49ms (      0 GFLOPS    0|0      GB/s)
*** AMD      387 [33mcopy      768 B,     AMD <- DISK:/r[0m            arg  2 mem   1.65 GB tm   2312.98us/ 12896.80ms (      0 GFLOPS    0|0      GB/s)
*** AMD      388 [33mcopy   36.75 KB,     AMD <- DISK:/r[0m            arg  2 mem   1.65 GB tm   2630.81us/ 12899.43ms (      0 GFLOPS    0|0      GB/s)
*** AMD      389 [33mcopy      768 B,     AMD <- DISK:/r[0m            arg  2 mem   1.65 GB tm   2626.69us/ 12902.06ms (      0 GFLOPS    0|0      GB/s)
*** AMD      390 [33mcopy      768 B,     AMD <- DISK:/r[0m            arg  2 mem   1.65 GB tm   3265.91us/ 12905.32ms (      0 GFLOPS    0|0      GB/s)
*** AMD      391 [33mcopy      768 B,     AMD <- DISK:/r[0m            arg  2 mem   1.65 GB tm   2450.44us/ 12907.77ms (      0 GFLOPS    0|0      GB/s)
*** AMD      392 [33mcopy    1.12 MB,     AMD <- DISK:/r[0m            arg  2 mem   1.65 GB tm [33m    10.32ms[0m/ 12918.09ms (      0 GFLOPS    0|0      GB/s)
*** AMD      393 [33mcopy    3.00 KB,     AMD <- DISK:/r[0m            arg  2 mem   1.65 GB tm   3851.07us/ 12921.94ms (      0 GFLOPS    0|0      GB/s)
*** AMD      394 [33mcopy    1.12 MB,     AMD <- DISK:/r[0m            arg  2 mem   1.65 GB tm   9259.94us/ 12931.20ms (      0 GFLOPS    0|0      GB/s)
*** AMD      395 [33mcopy      768 B,     AMD <- DISK:/r[0m            arg  2 mem   1.65 GB tm   2287.81us/ 12933.49ms (      0 GFLOPS    0|0      GB/s)
*** AMD      396 [33mcopy      768 B,     AMD <- DISK:/r[0m            arg  2 mem   1.65 GB tm   2453.62us/ 12935.94ms (      0 GFLOPS    0|0      GB/s)
[32m*** AMD      397[0m E[90m_[0m[34m512[0m[90m_[0m[36m32[0m[90m_[0m[36m3[0m[90m_[0m[33m5[0m[90m_[0m[33m4[0m[90m[0m                                 arg  3 mem   1.65 GB tm     22.08us/ 12935.96ms (      0 GFLOPS   89|89     GB/s)
[32m*** AMD      398[0m E[90m_[0m[34m512[0m[90m_[0m[36m4[0m[90m_[0m[36m8[0m[90m_[0m[36m3[0m[90m_[0m[33m5[0m[90m_[0m[33m4[0m[90m[0m                                arg  3 mem   1.65 GB tm     17.12us/ 12935.98ms (      0 GFLOPS  115|115    GB/s)
[32m*** AMD      399[0m [33mcopy       48 B,     AMD <- DISK:/r[0m            arg  2 mem   1.65 GB tm   2406.97us/ 12938.39ms (      0 GFLOPS    0|0      GB/s)
*** AMD      400 [33mcopy       48 B,     AMD <- DISK:/r[0m            arg  2 mem   1.65 GB tm   1992.95us/ 12940.38ms (      0 GFLOPS    0|0      GB/s)
[32m*** AMD      401[0m [33mcopy  288.00 KB,     AMD <- DISK:/r[0m            arg  2 mem   1.65 GB tm   3442.94us/ 12943.82ms (      0 GFLOPS    0|0      GB/s)
*** AMD      402 [33mcopy      768 B,     AMD <- DISK:/r[0m            arg  2 mem   1.65 GB tm   3007.38us/ 12946.83ms (      0 GFLOPS    0|0      GB/s)
*** AMD      403 [33mcopy      768 B,     AMD <- DISK:/r[0m            arg  2 mem   1.65 GB tm   2923.40us/ 12949.75ms (      0 GFLOPS    0|0      GB/s)
*** AMD      404 [33mcopy      768 B,     AMD <- DISK:/r[0m            arg  2 mem   1.65 GB tm   2707.21us/ 12952.46ms (      0 GFLOPS    0|0      GB/s)
*** AMD      405 [33mcopy      768 B,     AMD <- DISK:/r[0m            arg  2 mem   1.65 GB tm   3349.79us/ 12955.81ms (      0 GFLOPS    0|0      GB/s)
*** AMD      406 [33mcopy      768 B,     AMD <- DISK:/r[0m            arg  2 mem   1.65 GB tm   2654.46us/ 12958.46ms (      0 GFLOPS    0|0      GB/s)
[32m*** AMD      407[0m [33mcopy    2.25 MB,     AMD <- DISK:/r[0m            arg  2 mem   1.66 GB tm [33m    21.05ms[0m/ 12979.51ms (      0 GFLOPS    0|0      GB/s)
*** AMD      408 [33mcopy    1.50 KB,     AMD <- DISK:/r[0m            arg  2 mem   1.66 GB tm   2927.90us/ 12982.44ms (      0 GFLOPS    0|0      GB/s)
*** AMD      409 [33mcopy    1.50 KB,     AMD <- DISK:/r[0m            arg  2 mem   1.66 GB tm   2730.41us/ 12985.17ms (      0 GFLOPS    0|0      GB/s)
*** AMD      410 [33mcopy    1.50 KB,     AMD <- DISK:/r[0m            arg  2 mem   1.66 GB tm   2342.28us/ 12987.51ms (      0 GFLOPS    0|0      GB/s)
[32m*** AMD      411[0m [33mcopy    9.00 MB,     AMD <- DISK:/r[0m            arg  2 mem   1.67 GB tm [33m    67.39ms[0m/ 13054.90ms (      0 GFLOPS    0|0      GB/s)
*** AMD      412 [33mcopy    3.00 KB,     AMD <- DISK:/r[0m            arg  2 mem   1.67 GB tm   2269.81us/ 13057.17ms (      0 GFLOPS    0|0      GB/s)
*** AMD      413 [33mcopy    3.00 KB,     AMD <- DISK:/r[0m            arg  2 mem   1.67 GB tm   2807.46us/ 13059.98ms (      0 GFLOPS    0|0      GB/s)
*** AMD      414 [33mcopy    3.00 KB,     AMD <- DISK:/r[0m            arg  2 mem   1.67 GB tm   2351.50us/ 13062.33ms (      0 GFLOPS    0|0      GB/s)
[32m*** AMD      415[0m [33mcopy   36.00 MB,     AMD <- DISK:/r[0m            arg  2 mem   1.70 GB tm [33m   268.24ms[0m/ 13330.57ms (      0 GFLOPS    0|0      GB/s)
*** AMD      416 [33mcopy    6.00 KB,     AMD <- DISK:/r[0m            arg  2 mem   1.70 GB tm   2834.61us/ 13333.40ms (      0 GFLOPS    0|0      GB/s)
*** AMD      417 [33mcopy    6.00 KB,     AMD <- DISK:/r[0m            arg  2 mem   1.70 GB tm   2181.26us/ 13335.59ms (      0 GFLOPS    0|0      GB/s)
*** AMD      418 [33mcopy    6.00 KB,     AMD <- DISK:/r[0m            arg  2 mem   1.70 GB tm   2371.88us/ 13337.96ms (      0 GFLOPS    0|0      GB/s)
*** AMD      419 [33mcopy    6.00 KB,     AMD <- DISK:/r[0m            arg  2 mem   1.70 GB tm   3912.80us/ 13341.87ms (      0 GFLOPS    0|0      GB/s)
*** AMD      420 [33mcopy    6.00 KB,     AMD <- DISK:/r[0m            arg  2 mem   1.70 GB tm   2561.57us/ 13344.43ms (      0 GFLOPS    0|0      GB/s)
*** AMD      421 [33mcopy    6.00 KB,     AMD <- DISK:/r[0m            arg  2 mem   1.70 GB tm   2315.54us/ 13346.75ms (      0 GFLOPS    0|0      GB/s)
[32m*** AMD      422[0m [33mcopy    3.00 MB,     AMD <- DISK:/r[0m            arg  2 mem   1.71 GB tm [33m    23.57ms[0m/ 13370.31ms (      0 GFLOPS    0|0      GB/s)
*** AMD      423 [33mcopy    1.00 KB,     AMD <- DISK:/r[0m            arg  2 mem   1.71 GB tm   2855.18us/ 13373.17ms (      0 GFLOPS    0|0      GB/s)
[32m*** AMD      424[0m [33mcopy  528.00 KB,     AMD <- DISK:/r[0m            arg  2 mem   1.71 GB tm   6646.43us/ 13379.82ms (      0 GFLOPS    0|0      GB/s)
[32m*** AMD      425[0m [33mcopy    1.03 KB,     AMD <- DISK:/r[0m            arg  2 mem   1.71 GB tm   3080.54us/ 13382.90ms (      0 GFLOPS    0|0      GB/s)
[32m*** AMD      426[0m [33mcopy    8.00 KB,     AMD <- DISK:/r[0m            arg  2 mem   1.71 GB tm   2351.40us/ 13385.25ms (      0 GFLOPS    0|0      GB/s)
[32m*** AMD      427[0m [33mcopy       16 B,     AMD <- DISK:/r[0m            arg  2 mem   1.71 GB tm   2560.34us/ 13387.81ms (      0 GFLOPS    0|0      GB/s)
[32m*** AMD      428[0m [33mcopy  264.00 KB,     AMD <- DISK:/r[0m            arg  2 mem   1.71 GB tm   3124.56us/ 13390.93ms (      0 GFLOPS    0|0      GB/s)
[32m*** AMD      429[0m [33mcopy      528 B,     AMD <- DISK:/r[0m            arg  2 mem   1.71 GB tm   2373.29us/ 13393.31ms (      0 GFLOPS    0|0      GB/s)
[32m*** AMD      430[0m [33mcopy   55.00 KB,     AMD <- DISK:/r[0m            arg  2 mem   1.71 GB tm   2383.89us/ 13395.69ms (      0 GFLOPS    0|0      GB/s)
[32m*** AMD      431[0m [33mcopy      110 B,     AMD <- DISK:/r[0m            arg  2 mem   1.71 GB tm   3732.59us/ 13399.42ms (      0 GFLOPS    0|0      GB/s)
[32m*** AMD      432[0m [33mcopy   32.00 KB,     AMD <- DISK:/r[0m            arg  2 mem   1.71 GB tm   2786.25us/ 13402.21ms (      0 GFLOPS    0|0      GB/s)
[32m*** AMD      433[0m [33mcopy       64 B,     AMD <- DISK:/r[0m            arg  2 mem   1.71 GB tm   2522.72us/ 13404.73ms (      0 GFLOPS    0|0      GB/s)
*** AMD      434 [33mcopy    1.00 KB,     AMD <- DISK:/r[0m            arg  2 mem   1.71 GB tm   2870.13us/ 13407.60ms (      0 GFLOPS    0|0      GB/s)
*** AMD      435 [33mcopy    1.00 KB,     AMD <- DISK:/r[0m            arg  2 mem   1.71 GB tm   2574.39us/ 13410.18ms (      0 GFLOPS    0|0      GB/s)
*** AMD      436 [33mcopy    1.00 MB,     AMD <- DISK:/r[0m            arg  2 mem   1.71 GB tm   9148.53us/ 13419.32ms (      0 GFLOPS    0|0      GB/s)
*** AMD      437 [33mcopy    1.00 MB,     AMD <- DISK:/r[0m            arg  2 mem   1.71 GB tm [33m    11.55ms[0m/ 13430.87ms (      0 GFLOPS    0|0      GB/s)
*** AMD      438 [33mcopy   12.00 KB,     AMD <- DISK:/r[0m            arg  2 mem   1.71 GB tm   2655.71us/ 13433.53ms (      0 GFLOPS    0|0      GB/s)
[32m*** AMD      439[0m [33mcopy       24 B,     AMD <- DISK:/r[0m            arg  2 mem   1.71 GB tm   2954.02us/ 13436.48ms (      0 GFLOPS    0|0      GB/s)
*** AMD      440 [33mcopy       24 B,     AMD <- DISK:/r[0m            arg  2 mem   1.71 GB tm   2309.44us/ 13438.79ms (      0 GFLOPS    0|0      GB/s)
*** AMD      441 [33mcopy    6.00 KB,     AMD <- DISK:/r[0m            arg  2 mem   1.71 GB tm   2511.93us/ 13441.30ms (      0 GFLOPS    0|0      GB/s)
[32m*** AMD      442[0m [33mcopy       12 B,     AMD <- DISK:/r[0m            arg  2 mem   1.71 GB tm   2744.76us/ 13444.05ms (      0 GFLOPS    0|0      GB/s)
*** AMD      443 [33mcopy   12.00 KB,     AMD <- DISK:/r[0m            arg  2 mem   1.71 GB tm   2218.65us/ 13446.26ms (      0 GFLOPS    0|0      GB/s)
*** AMD      444 [33mcopy       24 B,     AMD <- DISK:/r[0m            arg  2 mem   1.71 GB tm   2317.71us/ 13448.58ms (      0 GFLOPS    0|0      GB/s)
*** AMD      445 [33mcopy    1.00 KB,     AMD <- DISK:/r[0m            arg  2 mem   1.71 GB tm   2246.61us/ 13450.83ms (      0 GFLOPS    0|0      GB/s)
*** AMD      446 [33mcopy    1.00 KB,     AMD <- DISK:/r[0m            arg  2 mem   1.71 GB tm   2435.29us/ 13453.26ms (      0 GFLOPS    0|0      GB/s)
*** AMD      447 [33mcopy    1.00 MB,     AMD <- DISK:/r[0m            arg  2 mem   1.71 GB tm   9907.00us/ 13463.17ms (      0 GFLOPS    0|0      GB/s)
*** AMD      448 [33mcopy    1.00 MB,     AMD <- DISK:/r[0m            arg  2 mem   1.71 GB tm [33m    10.18ms[0m/ 13473.35ms (      0 GFLOPS    0|0      GB/s)
*** AMD      449 [33mcopy    1.00 KB,     AMD <- DISK:/r[0m            arg  2 mem   1.71 GB tm   2379.73us/ 13475.73ms (      0 GFLOPS    0|0      GB/s)
*** AMD      450 [33mcopy    1.00 KB,     AMD <- DISK:/r[0m            arg  2 mem   1.71 GB tm   2411.38us/ 13478.14ms (      0 GFLOPS    0|0      GB/s)
*** AMD      451 [33mcopy    1.00 MB,     AMD <- DISK:/r[0m            arg  2 mem   1.71 GB tm [33m    12.33ms[0m/ 13490.47ms (      0 GFLOPS    0|0      GB/s)
*** AMD      452 [33mcopy    1.00 MB,     AMD <- DISK:/r[0m            arg  2 mem   1.71 GB tm   9496.21us/ 13499.97ms (      0 GFLOPS    0|0      GB/s)
*** AMD      453 [33mcopy    1.00 KB,     AMD <- DISK:/r[0m            arg  2 mem   1.71 GB tm   2414.27us/ 13502.38ms (      0 GFLOPS    0|0      GB/s)
*** AMD      454 [33mcopy    1.00 KB,     AMD <- DISK:/r[0m            arg  2 mem   1.71 GB tm   2349.39us/ 13504.73ms (      0 GFLOPS    0|0      GB/s)
*** AMD      455 [33mcopy    1.00 MB,     AMD <- DISK:/r[0m            arg  2 mem   1.72 GB tm [33m    10.22ms[0m/ 13514.96ms (      0 GFLOPS    0|0      GB/s)
*** AMD      456 [33mcopy    1.00 MB,     AMD <- DISK:/r[0m            arg  2 mem   1.72 GB tm [33m    10.55ms[0m/ 13525.50ms (      0 GFLOPS    0|0      GB/s)
[32m*** AMD      457[0m [33mcopy       72 B,     AMD <- DISK:/r[0m            arg  2 mem   1.72 GB tm   2504.65us/ 13528.01ms (      0 GFLOPS    0|0      GB/s)
[32m*** AMD      458[0m [33mcopy    9.00 KB,     AMD <- DISK:/r[0m            arg  2 mem   1.72 GB tm   2842.28us/ 13530.85ms (      0 GFLOPS    0|0      GB/s)
[32m*** AMD      459[0m E[90m_[0m[34m50[0m[90m_[0m[36m8[0m[90m_[0m[33m2[0m[90m[0m                                       arg  3 mem   1.72 GB tm      8.56us/ 13530.86ms (      0 GFLOPS    1|1      GB/s)
[32m*** AMD      460[0m [33mcopy  200.00 KB,     AMD <- DISK:/r[0m            arg  2 mem   1.72 GB tm   3899.39us/ 13534.76ms (      0 GFLOPS    0|0      GB/s)
*** AMD      461 [33mcopy    1.00 KB,     AMD <- DISK:/r[0m            arg  2 mem   1.72 GB tm   2425.44us/ 13537.18ms (      0 GFLOPS    0|0      GB/s)
[32m*** AMD      462[0m [33mcopy  512.00 KB,     AMD <- DISK:/r[0m            arg  2 mem   1.72 GB tm   6434.88us/ 13543.62ms (      0 GFLOPS    0|0      GB/s)
[32m*** AMD      463[0m [33mcopy    2.00 KB,     AMD <- DISK:/r[0m            arg  2 mem   1.72 GB tm   2169.44us/ 13545.79ms (      0 GFLOPS    0|0      GB/s)
*** AMD      464 [33mcopy    1.00 KB,     AMD <- DISK:/r[0m            arg  2 mem   1.72 GB tm   2308.69us/ 13548.10ms (      0 GFLOPS    0|0      GB/s)
*** AMD      465 [33mcopy  512.00 KB,     AMD <- DISK:/r[0m            arg  2 mem   1.72 GB tm   6632.18us/ 13554.73ms (      0 GFLOPS    0|0      GB/s)
*** AMD      466 [33mcopy    2.00 KB,     AMD <- DISK:/r[0m            arg  2 mem   1.72 GB tm   2503.54us/ 13557.23ms (      0 GFLOPS    0|0      GB/s)
*** AMD      467 [33mcopy    1.00 KB,     AMD <- DISK:/r[0m            arg  2 mem   1.72 GB tm   3270.95us/ 13560.50ms (      0 GFLOPS    0|0      GB/s)
*** AMD      468 [33mcopy  512.00 KB,     AMD <- DISK:/r[0m            arg  2 mem   1.72 GB tm   5488.37us/ 13565.99ms (      0 GFLOPS    0|0      GB/s)
*** AMD      469 [33mcopy    1.00 KB,     AMD <- DISK:/r[0m            arg  2 mem   1.72 GB tm   2121.44us/ 13568.11ms (      0 GFLOPS    0|0      GB/s)
*** AMD      470 [33mcopy    1.00 KB,     AMD <- DISK:/r[0m            arg  2 mem   1.72 GB tm   2898.84us/ 13571.01ms (      0 GFLOPS    0|0      GB/s)
[32m*** AMD      471[0m [33mcopy    1.50 MB,     AMD <- DISK:/r[0m            arg  2 mem   1.72 GB tm [33m    12.76ms[0m/ 13583.77ms (      0 GFLOPS    0|0      GB/s)
*** AMD      472 [33mcopy    3.00 KB,     AMD <- DISK:/r[0m            arg  2 mem   1.72 GB tm   2343.36us/ 13586.11ms (      0 GFLOPS    0|0      GB/s)
[32m*** AMD      473[0m [33mcopy      128 B,     AMD <- DISK:/r[0m            arg  2 mem   1.72 GB tm   3095.68us/ 13589.21ms (      0 GFLOPS    0|0      GB/s)
*** AMD      474 [33mcopy      128 B,     AMD <- DISK:/r[0m            arg  2 mem   1.72 GB tm   2558.24us/ 13591.77ms (      0 GFLOPS    0|0      GB/s)
*** AMD      475 [33mcopy        2 B,     AMD <- DISK:/r[0m            arg  2 mem   1.72 GB tm   2578.66us/ 13594.35ms (      0 GFLOPS    0|0      GB/s)
*** AMD      476 [33mcopy      128 B,     AMD <- DISK:/r[0m            arg  2 mem   1.72 GB tm   2668.46us/ 13597.01ms (      0 GFLOPS    0|0      GB/s)
*** AMD      477 [33mcopy      128 B,     AMD <- DISK:/r[0m            arg  2 mem   1.72 GB tm   3018.67us/ 13600.03ms (      0 GFLOPS    0|0      GB/s)
[32m*** AMD      478[0m [33mcopy      162 B,     AMD <- DISK:/r[0m            arg  2 mem   1.72 GB tm   2066.54us/ 13602.10ms (      0 GFLOPS    0|0      GB/s)
*** AMD      479 [33mcopy  512.00 KB,     AMD <- DISK:/r[0m            arg  2 mem   1.72 GB tm   5963.23us/ 13608.06ms (      0 GFLOPS    0|0      GB/s)
*** AMD      480 [33mcopy    1.00 KB,     AMD <- DISK:/r[0m            arg  2 mem   1.72 GB tm   2378.25us/ 13610.44ms (      0 GFLOPS    0|0      GB/s)
*** AMD      481 [33mcopy    1.00 KB,     AMD <- DISK:/r[0m            arg  2 mem   1.72 GB tm   2139.52us/ 13612.58ms (      0 GFLOPS    0|0      GB/s)
*** AMD      482 [33mcopy    1.00 KB,     AMD <- DISK:/r[0m            arg  2 mem   1.72 GB tm   2633.01us/ 13615.21ms (      0 GFLOPS    0|0      GB/s)
*** AMD      483 [33mcopy    1.00 MB,     AMD <- DISK:/r[0m            arg  2 mem   1.72 GB tm   8979.05us/ 13624.19ms (      0 GFLOPS    0|0      GB/s)
*** AMD      484 [33mcopy    2.00 KB,     AMD <- DISK:/r[0m            arg  2 mem   1.72 GB tm   2703.37us/ 13626.90ms (      0 GFLOPS    0|0      GB/s)
*** AMD      485 [33mcopy    1.00 MB,     AMD <- DISK:/r[0m            arg  2 mem   1.72 GB tm [33m    11.05ms[0m/ 13637.94ms (      0 GFLOPS    0|0      GB/s)
*** AMD      486 [33mcopy    1.00 KB,     AMD <- DISK:/r[0m            arg  2 mem   1.72 GB tm   2463.22us/ 13640.41ms (      0 GFLOPS    0|0      GB/s)
*** AMD      487 [33mcopy    1.00 KB,     AMD <- DISK:/r[0m            arg  2 mem   1.72 GB tm   2272.83us/ 13642.68ms (      0 GFLOPS    0|0      GB/s)
*** AMD      488 [33mcopy    1.00 KB,     AMD <- DISK:/r[0m            arg  2 mem   1.72 GB tm   4362.79us/ 13647.04ms (      0 GFLOPS    0|0      GB/s)
*** AMD      489 [33mcopy    1.50 MB,     AMD <- DISK:/r[0m            arg  2 mem   1.72 GB tm [33m    16.76ms[0m/ 13663.80ms (      0 GFLOPS    0|0      GB/s)
*** AMD      490 [33mcopy    3.00 KB,     AMD <- DISK:/r[0m            arg  2 mem   1.72 GB tm   2732.31us/ 13666.53ms (      0 GFLOPS    0|0      GB/s)
*** AMD      491 [33mcopy      128 B,     AMD <- DISK:/r[0m            arg  2 mem   1.72 GB tm   2682.69us/ 13669.21ms (      0 GFLOPS    0|0      GB/s)
*** AMD      492 [33mcopy      128 B,     AMD <- DISK:/r[0m            arg  2 mem   1.72 GB tm   2080.11us/ 13671.29ms (      0 GFLOPS    0|0      GB/s)
*** AMD      493 [33mcopy      128 B,     AMD <- DISK:/r[0m            arg  2 mem   1.72 GB tm   5441.16us/ 13676.74ms (      0 GFLOPS    0|0      GB/s)
*** AMD      494 [33mcopy      128 B,     AMD <- DISK:/r[0m            arg  2 mem   1.72 GB tm   3064.81us/ 13679.80ms (      0 GFLOPS    0|0      GB/s)
*** AMD      495 [33mcopy  512.00 KB,     AMD <- DISK:/r[0m            arg  2 mem   1.73 GB tm   6723.11us/ 13686.52ms (      0 GFLOPS    0|0      GB/s)
*** AMD      496 [33mcopy    1.00 KB,     AMD <- DISK:/r[0m            arg  2 mem   1.73 GB tm   2749.06us/ 13689.27ms (      0 GFLOPS    0|0      GB/s)
*** AMD      497 [33mcopy    1.00 KB,     AMD <- DISK:/r[0m            arg  2 mem   1.73 GB tm   2733.74us/ 13692.01ms (      0 GFLOPS    0|0      GB/s)
*** AMD      498 [33mcopy    1.00 KB,     AMD <- DISK:/r[0m            arg  2 mem   1.73 GB tm   2082.78us/ 13694.09ms (      0 GFLOPS    0|0      GB/s)
*** AMD      499 [33mcopy    1.00 MB,     AMD <- DISK:/r[0m            arg  2 mem   1.73 GB tm   9153.72us/ 13703.24ms (      0 GFLOPS    0|0      GB/s)
*** AMD      500 [33mcopy    2.00 KB,     AMD <- DISK:/r[0m            arg  2 mem   1.73 GB tm   2301.36us/ 13705.54ms (      0 GFLOPS    0|0      GB/s)
*** AMD      501 [33mcopy    1.00 MB,     AMD <- DISK:/r[0m            arg  2 mem   1.73 GB tm [33m    11.39ms[0m/ 13716.94ms (      0 GFLOPS    0|0      GB/s)
*** AMD      502 [33mcopy    1.00 KB,     AMD <- DISK:/r[0m            arg  2 mem   1.73 GB tm   2700.51us/ 13719.64ms (      0 GFLOPS    0|0      GB/s)
*** AMD      503 [33mcopy    1.00 KB,     AMD <- DISK:/r[0m            arg  2 mem   1.73 GB tm   2269.25us/ 13721.91ms (      0 GFLOPS    0|0      GB/s)
*** AMD      504 [33mcopy    1.00 KB,     AMD <- DISK:/r[0m            arg  2 mem   1.73 GB tm   2644.11us/ 13724.55ms (      0 GFLOPS    0|0      GB/s)
*** AMD      505 [33mcopy    1.50 MB,     AMD <- DISK:/r[0m            arg  2 mem   1.73 GB tm [33m    13.26ms[0m/ 13737.82ms (      0 GFLOPS    0|0      GB/s)
*** AMD      506 [33mcopy    3.00 KB,     AMD <- DISK:/r[0m            arg  2 mem   1.73 GB tm   2840.55us/ 13740.66ms (      0 GFLOPS    0|0      GB/s)
*** AMD      507 [33mcopy      128 B,     AMD <- DISK:/r[0m            arg  2 mem   1.73 GB tm   2401.29us/ 13743.06ms (      0 GFLOPS    0|0      GB/s)
*** AMD      508 [33mcopy      128 B,     AMD <- DISK:/r[0m            arg  2 mem   1.73 GB tm   2390.24us/ 13745.45ms (      0 GFLOPS    0|0      GB/s)
*** AMD      509 [33mcopy      128 B,     AMD <- DISK:/r[0m            arg  2 mem   1.73 GB tm   3433.89us/ 13748.88ms (      0 GFLOPS    0|0      GB/s)
*** AMD      510 [33mcopy      128 B,     AMD <- DISK:/r[0m            arg  2 mem   1.73 GB tm   2167.88us/ 13751.05ms (      0 GFLOPS    0|0      GB/s)
*** AMD      511 [33mcopy  512.00 KB,     AMD <- DISK:/r[0m            arg  2 mem   1.73 GB tm   5881.39us/ 13756.93ms (      0 GFLOPS    0|0      GB/s)
*** AMD      512 [33mcopy    1.00 KB,     AMD <- DISK:/r[0m            arg  2 mem   1.73 GB tm   2496.94us/ 13759.43ms (      0 GFLOPS    0|0      GB/s)
*** AMD      513 [33mcopy    1.00 KB,     AMD <- DISK:/r[0m            arg  2 mem   1.73 GB tm   2769.06us/ 13762.20ms (      0 GFLOPS    0|0      GB/s)
*** AMD      514 [33mcopy    1.00 KB,     AMD <- DISK:/r[0m            arg  2 mem   1.73 GB tm   2358.58us/ 13764.56ms (      0 GFLOPS    0|0      GB/s)
*** AMD      515 [33mcopy    1.00 MB,     AMD <- DISK:/r[0m            arg  2 mem   1.73 GB tm [33m    10.37ms[0m/ 13774.92ms (      0 GFLOPS    0|0      GB/s)
*** AMD      516 [33mcopy    2.00 KB,     AMD <- DISK:/r[0m            arg  2 mem   1.73 GB tm   2933.79us/ 13777.86ms (      0 GFLOPS    0|0      GB/s)
*** AMD      517 [33mcopy    1.00 MB,     AMD <- DISK:/r[0m            arg  2 mem   1.73 GB tm   9410.58us/ 13787.27ms (      0 GFLOPS    0|0      GB/s)
*** AMD      518 [33mcopy    1.00 KB,     AMD <- DISK:/r[0m            arg  2 mem   1.73 GB tm   2442.54us/ 13789.71ms (      0 GFLOPS    0|0      GB/s)
*** AMD      519 [33mcopy    1.00 KB,     AMD <- DISK:/r[0m            arg  2 mem   1.73 GB tm   2613.06us/ 13792.32ms (      0 GFLOPS    0|0      GB/s)
*** AMD      520 [33mcopy    1.00 KB,     AMD <- DISK:/r[0m            arg  2 mem   1.73 GB tm   2691.09us/ 13795.01ms (      0 GFLOPS    0|0      GB/s)
*** AMD      521 [33mcopy    1.50 MB,     AMD <- DISK:/r[0m            arg  2 mem   1.73 GB tm [33m    13.77ms[0m/ 13808.79ms (      0 GFLOPS    0|0      GB/s)
*** AMD      522 [33mcopy    3.00 KB,     AMD <- DISK:/r[0m            arg  2 mem   1.73 GB tm   2096.92us/ 13810.89ms (      0 GFLOPS    0|0      GB/s)
*** AMD      523 [33mcopy      128 B,     AMD <- DISK:/r[0m            arg  2 mem   1.73 GB tm   2664.10us/ 13813.55ms (      0 GFLOPS    0|0      GB/s)
*** AMD      524 [33mcopy      128 B,     AMD <- DISK:/r[0m            arg  2 mem   1.73 GB tm   2291.76us/ 13815.84ms (      0 GFLOPS    0|0      GB/s)
*** AMD      525 [33mcopy      128 B,     AMD <- DISK:/r[0m            arg  2 mem   1.73 GB tm   2289.26us/ 13818.13ms (      0 GFLOPS    0|0      GB/s)
*** AMD      526 [33mcopy      128 B,     AMD <- DISK:/r[0m            arg  2 mem   1.73 GB tm   3970.91us/ 13822.10ms (      0 GFLOPS    0|0      GB/s)
*** AMD      527 [33mcopy  512.00 KB,     AMD <- DISK:/r[0m            arg  2 mem   1.73 GB tm   6750.57us/ 13828.85ms (      0 GFLOPS    0|0      GB/s)
*** AMD      528 [33mcopy    1.00 KB,     AMD <- DISK:/r[0m            arg  2 mem   1.73 GB tm   3883.53us/ 13832.74ms (      0 GFLOPS    0|0      GB/s)
*** AMD      529 [33mcopy    1.00 KB,     AMD <- DISK:/r[0m            arg  2 mem   1.73 GB tm   3147.23us/ 13835.88ms (      0 GFLOPS    0|0      GB/s)
*** AMD      530 [33mcopy    1.00 KB,     AMD <- DISK:/r[0m            arg  2 mem   1.73 GB tm   3106.19us/ 13838.99ms (      0 GFLOPS    0|0      GB/s)
*** AMD      531 [33mcopy    1.00 MB,     AMD <- DISK:/r[0m            arg  2 mem   1.73 GB tm [33m    12.52ms[0m/ 13851.51ms (      0 GFLOPS    0|0      GB/s)
*** AMD      532 [33mcopy    2.00 KB,     AMD <- DISK:/r[0m            arg  2 mem   1.73 GB tm   2384.31us/ 13853.89ms (      0 GFLOPS    0|0      GB/s)
*** AMD      533 [33mcopy    1.00 MB,     AMD <- DISK:/r[0m            arg  2 mem   1.74 GB tm [33m    10.12ms[0m/ 13864.01ms (      0 GFLOPS    0|0      GB/s)
*** AMD      534 [33mcopy    1.00 KB,     AMD <- DISK:/r[0m            arg  2 mem   1.74 GB tm   2503.63us/ 13866.52ms (      0 GFLOPS    0|0      GB/s)
[32m*** AMD      535[0m E[90m_[0m[34m24[0m[90m_[0m[34m2[0m[90m_[0m[36m16[0m[90m_[0m[36m4[0m[90m_[0m[36m4[0m[90m_[0m[33m4[0m[90m[0m                                arg  3 mem   1.74 GB tm     10.00us/ 13866.53ms (      4 GFLOPS   40|54     GB/s)
[32m*** AMD      536[0m [33mcopy  990.00 KB,     AMD <- DISK:/r[0m            arg  2 mem   1.74 GB tm   8708.78us/ 13875.24ms (      0 GFLOPS    0|0      GB/s)
[32m*** AMD      537[0m [33mcopy    1.93 KB,     AMD <- DISK:/r[0m            arg  2 mem   1.74 GB tm   2237.90us/ 13877.48ms (      0 GFLOPS    0|0      GB/s)
*** AMD      538 [33mcopy    1.93 KB,     AMD <- DISK:/r[0m            arg  2 mem   1.74 GB tm   2039.59us/ 13879.51ms (      0 GFLOPS    0|0      GB/s)
*** AMD      539 [33mcopy    1.00 KB,     AMD <- DISK:/r[0m            arg  2 mem   1.74 GB tm   2323.17us/ 13881.84ms (      0 GFLOPS    0|0      GB/s)
*** AMD      540 [33mcopy    1.00 KB,     AMD <- DISK:/r[0m            arg  2 mem   1.74 GB tm   2262.01us/ 13884.10ms (      0 GFLOPS    0|0      GB/s)
*** AMD      541 [33mcopy    1.00 MB,     AMD <- DISK:/r[0m            arg  2 mem   1.74 GB tm   9263.83us/ 13893.36ms (      0 GFLOPS    0|0      GB/s)
*** AMD      542 [33mcopy    1.00 MB,     AMD <- DISK:/r[0m            arg  2 mem   1.74 GB tm   9531.94us/ 13902.90ms (      0 GFLOPS    0|0      GB/s)
[32m*** AMD      543[0m [33mcopy  144.00 KB,     AMD <- DISK:/r[0m            arg  2 mem   1.74 GB tm   2478.69us/ 13905.37ms (      0 GFLOPS    0|0      GB/s)
[32m*** AMD      544[0m [33mcopy      288 B,     AMD <- DISK:/r[0m            arg  2 mem   1.74 GB tm   2169.39us/ 13907.54ms (      0 GFLOPS    0|0      GB/s)
*** AMD      545 [33mcopy      288 B,     AMD <- DISK:/r[0m            arg  2 mem   1.74 GB tm   2350.11us/ 13909.89ms (      0 GFLOPS    0|0      GB/s)
*** AMD      546 [33mcopy    1.00 KB,     AMD <- DISK:/r[0m            arg  2 mem   1.74 GB tm   2406.60us/ 13912.30ms (      0 GFLOPS    0|0      GB/s)
*** AMD      547 [33mcopy    1.00 KB,     AMD <- DISK:/r[0m            arg  2 mem   1.74 GB tm   2541.80us/ 13914.84ms (      0 GFLOPS    0|0      GB/s)
*** AMD      548 [33mcopy    1.00 MB,     AMD <- DISK:/r[0m            arg  2 mem   1.74 GB tm [33m    10.88ms[0m/ 13925.72ms (      0 GFLOPS    0|0      GB/s)
*** AMD      549 [33mcopy    1.00 MB,     AMD <- DISK:/r[0m            arg  2 mem   1.74 GB tm   9080.59us/ 13934.80ms (      0 GFLOPS    0|0      GB/s)
*** AMD      550 [33mcopy    3.00 KB,     AMD <- DISK:/r[0m            arg  2 mem   1.74 GB tm   2226.81us/ 13937.02ms (      0 GFLOPS    0|0      GB/s)
[32m*** AMD      551[0m [33mcopy        6 B,     AMD <- DISK:/r[0m            arg  2 mem   1.74 GB tm   2864.88us/ 13939.89ms (      0 GFLOPS    0|0      GB/s)
*** AMD      552 [33mcopy    1.00 KB,     AMD <- DISK:/r[0m            arg  2 mem   1.74 GB tm   2609.22us/ 13942.50ms (      0 GFLOPS    0|0      GB/s)
*** AMD      553 [33mcopy    1.00 KB,     AMD <- DISK:/r[0m            arg  2 mem   1.74 GB tm   2161.25us/ 13944.66ms (      0 GFLOPS    0|0      GB/s)
*** AMD      554 [33mcopy    1.00 MB,     AMD <- DISK:/r[0m            arg  2 mem   1.74 GB tm [33m    10.44ms[0m/ 13955.10ms (      0 GFLOPS    0|0      GB/s)
*** AMD      555 [33mcopy    1.00 MB,     AMD <- DISK:/r[0m            arg  2 mem   1.74 GB tm [33m    10.57ms[0m/ 13965.67ms (      0 GFLOPS    0|0      GB/s)
*** AMD      556 [33mcopy    8.00 KB,     AMD <- DISK:/r[0m            arg  2 mem   1.74 GB tm   2829.81us/ 13968.50ms (      0 GFLOPS    0|0      GB/s)
*** AMD      557 [33mcopy       16 B,     AMD <- DISK:/r[0m            arg  2 mem   1.74 GB tm   2284.19us/ 13970.78ms (      0 GFLOPS    0|0      GB/s)
*** AMD      558 [33mcopy    1.00 KB,     AMD <- DISK:/r[0m            arg  2 mem   1.74 GB tm   2259.63us/ 13973.04ms (      0 GFLOPS    0|0      GB/s)
*** AMD      559 [33mcopy    1.00 KB,     AMD <- DISK:/r[0m            arg  2 mem   1.74 GB tm   2543.71us/ 13975.59ms (      0 GFLOPS    0|0      GB/s)
*** AMD      560 [33mcopy    1.00 MB,     AMD <- DISK:/r[0m            arg  2 mem   1.74 GB tm   9501.49us/ 13985.09ms (      0 GFLOPS    0|0      GB/s)
*** AMD      561 [33mcopy    1.00 MB,     AMD <- DISK:/r[0m            arg  2 mem   1.75 GB tm   9661.27us/ 13994.75ms (      0 GFLOPS    0|0      GB/s)
*** AMD      562 [33mcopy    1.00 KB,     AMD <- DISK:/r[0m            arg  2 mem   1.75 GB tm   2538.20us/ 13997.29ms (      0 GFLOPS    0|0      GB/s)
*** AMD      563 [33mcopy    1.00 KB,     AMD <- DISK:/r[0m            arg  2 mem   1.75 GB tm   2315.37us/ 13999.60ms (      0 GFLOPS    0|0      GB/s)
*** AMD      564 [33mcopy    1.00 MB,     AMD <- DISK:/r[0m            arg  2 mem   1.75 GB tm [33m    10.73ms[0m/ 14010.33ms (      0 GFLOPS    0|0      GB/s)
*** AMD      565 [33mcopy    1.00 MB,     AMD <- DISK:/r[0m            arg  2 mem   1.75 GB tm   9246.44us/ 14019.58ms (      0 GFLOPS    0|0      GB/s)
*** AMD      566 [33mcopy    1.00 KB,     AMD <- DISK:/r[0m            arg  2 mem   1.75 GB tm   2552.65us/ 14022.13ms (      0 GFLOPS    0|0      GB/s)
*** AMD      567 [33mcopy    1.00 KB,     AMD <- DISK:/r[0m            arg  2 mem   1.75 GB tm   2337.84us/ 14024.47ms (      0 GFLOPS    0|0      GB/s)
*** AMD      568 [33mcopy    1.00 MB,     AMD <- DISK:/r[0m            arg  2 mem   1.75 GB tm   8838.79us/ 14033.31ms (      0 GFLOPS    0|0      GB/s)
*** AMD      569 [33mcopy    1.00 MB,     AMD <- DISK:/r[0m            arg  2 mem   1.75 GB tm [33m    11.96ms[0m/ 14045.26ms (      0 GFLOPS    0|0      GB/s)
*** AMD      570 [33mcopy    9.00 KB,     AMD <- DISK:/r[0m            arg  2 mem   1.75 GB tm   2671.02us/ 14047.93ms (      0 GFLOPS    0|0      GB/s)
*** AMD      571 [33mcopy  200.00 KB,     AMD <- DISK:/r[0m            arg  2 mem   1.75 GB tm   2913.67us/ 14050.85ms (      0 GFLOPS    0|0      GB/s)
*** AMD      572 [33mcopy  512.00 KB,     AMD <- DISK:/r[0m            arg  2 mem   1.75 GB tm   5965.70us/ 14056.81ms (      0 GFLOPS    0|0      GB/s)
*** AMD      573 [33mcopy  512.00 KB,     AMD <- DISK:/r[0m            arg  2 mem   1.75 GB tm   5645.81us/ 14062.46ms (      0 GFLOPS    0|0      GB/s)
*** AMD      574 [33mcopy  512.00 KB,     AMD <- DISK:/r[0m            arg  2 mem   1.75 GB tm   6687.53us/ 14069.15ms (      0 GFLOPS    0|0      GB/s)
[32m*** AMD      575[0m [33mcopy       81 B,     AMD <- DISK:/r[0m            arg  2 mem   1.75 GB tm   2559.37us/ 14071.71ms (      0 GFLOPS    0|0      GB/s)
*** AMD      576 [33mcopy    1.00 KB,     AMD <- DISK:/r[0m            arg  2 mem   1.75 GB tm   3037.48us/ 14074.74ms (      0 GFLOPS    0|0      GB/s)
*** AMD      577 [33mcopy    1.00 KB,     AMD <- DISK:/r[0m            arg  2 mem   1.75 GB tm   2551.44us/ 14077.30ms (      0 GFLOPS    0|0      GB/s)
*** AMD      578 [33mcopy    1.50 MB,     AMD <- DISK:/r[0m            arg  2 mem   1.75 GB tm [33m    13.92ms[0m/ 14091.22ms (      0 GFLOPS    0|0      GB/s)
*** AMD      579 [33mcopy    3.00 KB,     AMD <- DISK:/r[0m            arg  2 mem   1.75 GB tm   2836.15us/ 14094.05ms (      0 GFLOPS    0|0      GB/s)
*** AMD      580 [33mcopy      128 B,     AMD <- DISK:/r[0m            arg  2 mem   1.75 GB tm   2594.32us/ 14096.65ms (      0 GFLOPS    0|0      GB/s)
*** AMD      581 [33mcopy      128 B,     AMD <- DISK:/r[0m            arg  2 mem   1.75 GB tm   3309.57us/ 14099.96ms (      0 GFLOPS    0|0      GB/s)
*** AMD      582 [33mcopy      128 B,     AMD <- DISK:/r[0m            arg  2 mem   1.75 GB tm   2895.70us/ 14102.85ms (      0 GFLOPS    0|0      GB/s)
*** AMD      583 [33mcopy      128 B,     AMD <- DISK:/r[0m            arg  2 mem   1.75 GB tm   3109.14us/ 14105.96ms (      0 GFLOPS    0|0      GB/s)
*** AMD      584 [33mcopy  512.00 KB,     AMD <- DISK:/r[0m            arg  2 mem   1.75 GB tm   3764.55us/ 14109.72ms (      0 GFLOPS    0|0      GB/s)
*** AMD      585 [33mcopy    1.00 KB,     AMD <- DISK:/r[0m            arg  2 mem   1.75 GB tm   3041.86us/ 14112.77ms (      0 GFLOPS    0|0      GB/s)
*** AMD      586 [33mcopy    1.00 KB,     AMD <- DISK:/r[0m            arg  2 mem   1.75 GB tm   2097.95us/ 14114.86ms (      0 GFLOPS    0|0      GB/s)
*** AMD      587 [33mcopy    1.00 KB,     AMD <- DISK:/r[0m            arg  2 mem   1.75 GB tm   2205.66us/ 14117.07ms (      0 GFLOPS    0|0      GB/s)
*** AMD      588 [33mcopy    1.00 MB,     AMD <- DISK:/r[0m            arg  2 mem   1.75 GB tm   8667.05us/ 14125.74ms (      0 GFLOPS    0|0      GB/s)
*** AMD      589 [33mcopy    2.00 KB,     AMD <- DISK:/r[0m            arg  2 mem   1.75 GB tm   2568.39us/ 14128.31ms (      0 GFLOPS    0|0      GB/s)
*** AMD      590 [33mcopy    1.00 MB,     AMD <- DISK:/r[0m            arg  2 mem   1.76 GB tm [33m    10.76ms[0m/ 14139.06ms (      0 GFLOPS    0|0      GB/s)
*** AMD      591 [33mcopy    1.00 KB,     AMD <- DISK:/r[0m            arg  2 mem   1.76 GB tm   2961.42us/ 14142.02ms (      0 GFLOPS    0|0      GB/s)
*** AMD      592 [33mcopy    1.00 KB,     AMD <- DISK:/r[0m            arg  2 mem   1.76 GB tm   2300.30us/ 14144.32ms (      0 GFLOPS    0|0      GB/s)
*** AMD      593 [33mcopy    1.00 KB,     AMD <- DISK:/r[0m            arg  2 mem   1.76 GB tm   2368.72us/ 14146.69ms (      0 GFLOPS    0|0      GB/s)
*** AMD      594 [33mcopy    1.50 MB,     AMD <- DISK:/r[0m            arg  2 mem   1.76 GB tm [33m    12.21ms[0m/ 14158.91ms (      0 GFLOPS    0|0      GB/s)
*** AMD      595 [33mcopy    3.00 KB,     AMD <- DISK:/r[0m            arg  2 mem   1.76 GB tm   3364.23us/ 14162.27ms (      0 GFLOPS    0|0      GB/s)
*** AMD      596 [33mcopy      128 B,     AMD <- DISK:/r[0m            arg  2 mem   1.76 GB tm   2483.92us/ 14164.75ms (      0 GFLOPS    0|0      GB/s)
*** AMD      597 [33mcopy      128 B,     AMD <- DISK:/r[0m            arg  2 mem   1.76 GB tm   2245.18us/ 14167.00ms (      0 GFLOPS    0|0      GB/s)
*** AMD      598 [33mcopy      128 B,     AMD <- DISK:/r[0m            arg  2 mem   1.76 GB tm   2813.54us/ 14169.81ms (      0 GFLOPS    0|0      GB/s)
*** AMD      599 [33mcopy      128 B,     AMD <- DISK:/r[0m            arg  2 mem   1.76 GB tm   2333.06us/ 14172.15ms (      0 GFLOPS    0|0      GB/s)
*** AMD      600 [33mcopy  512.00 KB,     AMD <- DISK:/r[0m            arg  2 mem   1.76 GB tm   5586.20us/ 14177.73ms (      0 GFLOPS    0|0      GB/s)
*** AMD      601 [33mcopy    1.00 KB,     AMD <- DISK:/r[0m            arg  2 mem   1.76 GB tm   3178.12us/ 14180.91ms (      0 GFLOPS    0|0      GB/s)
*** AMD      602 [33mcopy    1.00 KB,     AMD <- DISK:/r[0m            arg  2 mem   1.76 GB tm   2595.57us/ 14183.51ms (      0 GFLOPS    0|0      GB/s)
*** AMD      603 [33mcopy    1.00 KB,     AMD <- DISK:/r[0m            arg  2 mem   1.76 GB tm   2337.45us/ 14185.84ms (      0 GFLOPS    0|0      GB/s)
*** AMD      604 [33mcopy    1.00 MB,     AMD <- DISK:/r[0m            arg  2 mem   1.76 GB tm [33m    11.59ms[0m/ 14197.44ms (      0 GFLOPS    0|0      GB/s)
*** AMD      605 [33mcopy    2.00 KB,     AMD <- DISK:/r[0m            arg  2 mem   1.76 GB tm   2827.86us/ 14200.26ms (      0 GFLOPS    0|0      GB/s)
*** AMD      606 [33mcopy    1.00 MB,     AMD <- DISK:/r[0m            arg  2 mem   1.76 GB tm   9855.44us/ 14210.12ms (      0 GFLOPS    0|0      GB/s)
*** AMD      607 [33mcopy    1.00 KB,     AMD <- DISK:/r[0m            arg  2 mem   1.76 GB tm   2888.06us/ 14213.01ms (      0 GFLOPS    0|0      GB/s)
*** AMD      608 [33mcopy    1.00 KB,     AMD <- DISK:/r[0m            arg  2 mem   1.76 GB tm   3018.19us/ 14216.03ms (      0 GFLOPS    0|0      GB/s)
*** AMD      609 [33mcopy    1.00 KB,     AMD <- DISK:/r[0m            arg  2 mem   1.76 GB tm   3636.87us/ 14219.66ms (      0 GFLOPS    0|0      GB/s)
*** AMD      610 [33mcopy    1.50 MB,     AMD <- DISK:/r[0m            arg  2 mem   1.76 GB tm [33m    15.16ms[0m/ 14234.82ms (      0 GFLOPS    0|0      GB/s)
*** AMD      611 [33mcopy    3.00 KB,     AMD <- DISK:/r[0m            arg  2 mem   1.76 GB tm   2761.26us/ 14237.58ms (      0 GFLOPS    0|0      GB/s)
*** AMD      612 [33mcopy      128 B,     AMD <- DISK:/r[0m            arg  2 mem   1.76 GB tm   2180.68us/ 14239.76ms (      0 GFLOPS    0|0      GB/s)
*** AMD      613 [33mcopy      128 B,     AMD <- DISK:/r[0m            arg  2 mem   1.76 GB tm   2148.29us/ 14241.91ms (      0 GFLOPS    0|0      GB/s)
*** AMD      614 [33mcopy      128 B,     AMD <- DISK:/r[0m            arg  2 mem   1.76 GB tm   2283.75us/ 14244.19ms (      0 GFLOPS    0|0      GB/s)
*** AMD      615 [33mcopy      128 B,     AMD <- DISK:/r[0m            arg  2 mem   1.76 GB tm   3367.56us/ 14247.56ms (      0 GFLOPS    0|0      GB/s)
*** AMD      616 [33mcopy  512.00 KB,     AMD <- DISK:/r[0m            arg  2 mem   1.76 GB tm   8180.96us/ 14255.74ms (      0 GFLOPS    0|0      GB/s)
*** AMD      617 [33mcopy    1.00 KB,     AMD <- DISK:/r[0m            arg  2 mem   1.76 GB tm   3051.76us/ 14258.79ms (      0 GFLOPS    0|0      GB/s)
*** AMD      618 [33mcopy    1.00 KB,     AMD <- DISK:/r[0m            arg  2 mem   1.76 GB tm   2423.98us/ 14261.22ms (      0 GFLOPS    0|0      GB/s)
*** AMD      619 [33mcopy    1.00 KB,     AMD <- DISK:/r[0m            arg  2 mem   1.76 GB tm   2489.80us/ 14263.71ms (      0 GFLOPS    0|0      GB/s)
*** AMD      620 [33mcopy    1.00 MB,     AMD <- DISK:/r[0m            arg  2 mem   1.76 GB tm   9116.53us/ 14272.82ms (      0 GFLOPS    0|0      GB/s)
*** AMD      621 [33mcopy    2.00 KB,     AMD <- DISK:/r[0m            arg  2 mem   1.76 GB tm   2565.24us/ 14275.39ms (      0 GFLOPS    0|0      GB/s)
*** AMD      622 [33mcopy    1.00 MB,     AMD <- DISK:/r[0m            arg  2 mem   1.76 GB tm [33m    10.18ms[0m/ 14285.57ms (      0 GFLOPS    0|0      GB/s)
*** AMD      623 [33mcopy    1.00 KB,     AMD <- DISK:/r[0m            arg  2 mem   1.76 GB tm   2392.47us/ 14287.96ms (      0 GFLOPS    0|0      GB/s)
*** AMD      624 [33mcopy    1.00 KB,     AMD <- DISK:/r[0m            arg  2 mem   1.76 GB tm   2382.89us/ 14290.35ms (      0 GFLOPS    0|0      GB/s)
*** AMD      625 [33mcopy    1.00 KB,     AMD <- DISK:/r[0m            arg  2 mem   1.76 GB tm   2570.41us/ 14292.92ms (      0 GFLOPS    0|0      GB/s)
*** AMD      626 [33mcopy    1.50 MB,     AMD <- DISK:/r[0m            arg  2 mem   1.77 GB tm [33m    14.27ms[0m/ 14307.19ms (      0 GFLOPS    0|0      GB/s)
*** AMD      627 [33mcopy    3.00 KB,     AMD <- DISK:/r[0m            arg  2 mem   1.77 GB tm   2300.41us/ 14309.49ms (      0 GFLOPS    0|0      GB/s)
*** AMD      628 [33mcopy      128 B,     AMD <- DISK:/r[0m            arg  2 mem   1.77 GB tm   2191.97us/ 14311.68ms (      0 GFLOPS    0|0      GB/s)
*** AMD      629 [33mcopy      128 B,     AMD <- DISK:/r[0m            arg  2 mem   1.77 GB tm   3014.54us/ 14314.70ms (      0 GFLOPS    0|0      GB/s)
*** AMD      630 [33mcopy      128 B,     AMD <- DISK:/r[0m            arg  2 mem   1.77 GB tm   2374.49us/ 14317.07ms (      0 GFLOPS    0|0      GB/s)
*** AMD      631 [33mcopy      128 B,     AMD <- DISK:/r[0m            arg  2 mem   1.77 GB tm   2516.44us/ 14319.59ms (      0 GFLOPS    0|0      GB/s)
*** AMD      632 [33mcopy  512.00 KB,     AMD <- DISK:/r[0m            arg  2 mem   1.77 GB tm   7720.65us/ 14327.31ms (      0 GFLOPS    0|0      GB/s)
*** AMD      633 [33mcopy    1.00 KB,     AMD <- DISK:/r[0m            arg  2 mem   1.77 GB tm   2654.55us/ 14329.96ms (      0 GFLOPS    0|0      GB/s)
*** AMD      634 [33mcopy    1.00 KB,     AMD <- DISK:/r[0m            arg  2 mem   1.77 GB tm   2830.43us/ 14332.79ms (      0 GFLOPS    0|0      GB/s)
*** AMD      635 [33mcopy    1.00 KB,     AMD <- DISK:/r[0m            arg  2 mem   1.77 GB tm   3094.57us/ 14335.89ms (      0 GFLOPS    0|0      GB/s)
*** AMD      636 [33mcopy    1.00 MB,     AMD <- DISK:/r[0m            arg  2 mem   1.77 GB tm [33m    10.18ms[0m/ 14346.07ms (      0 GFLOPS    0|0      GB/s)
*** AMD      637 [33mcopy    2.00 KB,     AMD <- DISK:/r[0m            arg  2 mem   1.77 GB tm   2282.00us/ 14348.35ms (      0 GFLOPS    0|0      GB/s)
*** AMD      638 [33mcopy    1.00 MB,     AMD <- DISK:/r[0m            arg  2 mem   1.77 GB tm [33m    10.83ms[0m/ 14359.18ms (      0 GFLOPS    0|0      GB/s)
*** AMD      639 [33mcopy    1.00 KB,     AMD <- DISK:/r[0m            arg  2 mem   1.77 GB tm   3039.44us/ 14362.22ms (      0 GFLOPS    0|0      GB/s)
[32m*** AMD      640[0m [33mcopy    4.00 KB,     AMD <- DISK:/r[0m            arg  2 mem   1.77 GB tm   2845.41us/ 14365.07ms (      0 GFLOPS    0|0      GB/s)
[32m*** AMD      641[0m [33mcopy        8 B,     AMD <- DISK:/r[0m            arg  2 mem   1.77 GB tm   2848.09us/ 14367.92ms (      0 GFLOPS    0|0      GB/s)
*** AMD      642 [33mcopy        8 B,     AMD <- DISK:/r[0m            arg  2 mem   1.77 GB tm   3317.18us/ 14371.23ms (      0 GFLOPS    0|0      GB/s)
[32m*** AMD      643[0m [33mcopy        4 B,     AMD <- DISK:/r[0m            arg  2 mem   1.77 GB tm   2945.37us/ 14374.18ms (      0 GFLOPS    0|0      GB/s)
[32m*** AMD      644[0m E[90m_[0m[34m128[0m[90m_[0m[36m32[0m[90m_[0m[36m2[0m[90m_[0m[36m8[0m[90m_[0m[33m5[0m[90m_[0m[33m3[0m[90m[0m                               arg  2 mem   1.77 GB tm     21.48us/ 14374.20ms (      0 GFLOPS   92|92     GB/s)
*** AMD      645 E[90m_[0m[34m128[0m[90m_[0m[36m32[0m[90m_[0m[36m2[0m[90m_[0m[36m8[0m[90m_[0m[33m5[0m[90m_[0m[33m3[0m[90m[0m                               arg  2 mem   1.77 GB tm     20.88us/ 14374.22ms (      0 GFLOPS   94|94     GB/s)
[32m*** AMD      646[0m E[90m_[0m[34m50[0m[90m_[0m[36m16[0m[90m[0m                                        arg  2 mem   1.77 GB tm      8.20us/ 14374.23ms (      0 GFLOPS    1|1      GB/s)
[32m*** AMD      647[0m r[90m_[0m[34m16[0m[90m_[0m[36m16[0m[90m_[0m[36m2[0m[90m_[0m[31m2[0m[90m[0m                                    arg  4 mem   1.78 GB tm      8.76us/ 14374.24ms (      1 GFLOPS    1|1      GB/s)
[32m*** AMD      648[0m r[90m_[0m[34m16[0m[90m_[0m[36m8[0m[90m_[0m[36m4[0m[90m_[0m[31m2[0m[90m[0m                                     arg  4 mem   1.78 GB tm      7.72us/ 14374.25ms (      1 GFLOPS    1|1      GB/s)
[32m*** AMD      649[0m E[90m_[0m[34m32[0m[90m_[0m[36m32[0m[90m_[0m[36m16[0m[90m_[0m[33m3[0m[90m[0m                                   arg  2 mem   1.78 GB tm      9.96us/ 14374.26ms (      0 GFLOPS   39|39     GB/s)
[32m*** AMD      650[0m E[90m_[0m[34m512[0m[90m_[0m[36m4[0m[90m_[0m[36m8[0m[90m_[0m[36m2[0m[90m_[0m[33m3[0m[90m_[0m[33m4[0m[90m[0m                                arg  2 mem   1.78 GB tm     16.40us/ 14374.27ms (      0 GFLOPS   48|48     GB/s)
*** AMD      651 E[90m_[0m[34m512[0m[90m_[0m[36m4[0m[90m_[0m[36m8[0m[90m_[0m[36m2[0m[90m_[0m[33m3[0m[90m_[0m[33m4[0m[90m[0m                                arg  2 mem   1.78 GB tm     14.20us/ 14374.29ms (      0 GFLOPS   55|55     GB/s)
[32m*** AMD      652[0m r[90m_[0m[34m25[0m[90m_[0m[34m2[0m[90m_[0m[36m4[0m[90m_[0m[35m4[0m[90m[0m                                     arg  2 mem   1.78 GB tm      7.44us/ 14374.29ms (      0 GFLOPS    1|1      GB/s)
[32m*** AMD      653[0m r[90m_[0m[34m64[0m[90m_[0m[91m16[0m[90m_[0m[36m8[0m[90m_[0m[31m8[0m[90m_[0m[35m4[0m[90m[0m                                  arg  3 mem   1.78 GB tm     13.28us/ 14374.31ms (     50 GFLOPS   40|163    GB/s)
*** AMD      654 r[90m_[0m[34m64[0m[90m_[0m[91m16[0m[90m_[0m[36m8[0m[90m_[0m[31m8[0m[90m_[0m[35m4[0m[90m[0m                                  arg  3 mem   1.78 GB tm     12.56us/ 14374.32ms (     53 GFLOPS   42|172    GB/s)
*** AMD      655 r[90m_[0m[34m64[0m[90m_[0m[91m16[0m[90m_[0m[36m8[0m[90m_[0m[31m8[0m[90m_[0m[35m4[0m[90m[0m                                  arg  3 mem   1.78 GB tm     13.12us/ 14374.33ms (     51 GFLOPS   40|165    GB/s)
*** AMD      656 r[90m_[0m[34m64[0m[90m_[0m[91m16[0m[90m_[0m[36m8[0m[90m_[0m[31m8[0m[90m_[0m[35m4[0m[90m[0m                                  arg  3 mem   1.78 GB tm     12.08us/ 14374.34ms (     55 GFLOPS   44|179    GB/s)
[32m*** AMD      657[0m E[90m_[0m[34m24[0m[90m_[0m[34m8[0m[90m_[0m[36m16[0m[90m_[0m[36m2[0m[90m_[0m[33m2[0m[90m[0m                                  arg  2 mem   1.78 GB tm      8.48us/ 14374.35ms (      0 GFLOPS   12|12     GB/s)
[32m*** AMD      658[0m E[90m_[0m[34m4[0m[90m_[0m[34m64[0m[90m_[0m[36m16[0m[90m_[0m[36m8[0m[90m_[0m[36m2[0m[90m_[0m[33m3[0m[90m_[0m[33m4[0m[90m[0m                              arg  5 mem   1.78 GB tm     19.36us/ 14374.37ms (    135 GFLOPS  122|162    GB/s)
[32m*** AMD      659[0m r[90m_[0m[34m128[0m[90m_[0m[91m8[0m[90m_[0m[36m4[0m[90m_[0m[35m25[0m[90m[0m                                   arg  4 mem   1.78 GB tm     10.88us/ 14374.38ms (     24 GFLOPS   19|72     GB/s)
*** AMD      660 r[90m_[0m[34m128[0m[90m_[0m[91m8[0m[90m_[0m[36m4[0m[90m_[0m[35m25[0m[90m[0m                                   arg  4 mem   1.78 GB tm      9.80us/ 14374.39ms (     26 GFLOPS   21|80     GB/s)
[32m*** AMD      661[0m r[90m_[0m[34m32[0m[90m_[0m[34m2[0m[90m_[0m[34m64[0m[90m_[0m[36m8[0m[90m_[0m[36m4[0m[90m_[0m[33m3[0m[90m_[0m[33m2[0m[90m_[0m[31m24[0m[90m_[0m[35m4[0m[90m_[0m[35m4[0m[90m[0m                       arg  4 mem   1.78 GB tm    352.20us/ 14374.75ms (   1717 GFLOPS   14|2014   GB/s)
*** AMD      662 r[90m_[0m[34m64[0m[90m_[0m[91m16[0m[90m_[0m[36m8[0m[90m_[0m[31m8[0m[90m_[0m[35m4[0m[90m[0m                                  arg  3 mem   1.78 GB tm     14.32us/ 14374.76ms (     46 GFLOPS   37|151    GB/s)
*** AMD      663 r[90m_[0m[34m64[0m[90m_[0m[91m16[0m[90m_[0m[36m8[0m[90m_[0m[31m8[0m[90m_[0m[35m4[0m[90m[0m                                  arg  3 mem   1.78 GB tm     11.96us/ 14374.77ms (     55 GFLOPS   44|181    GB/s)
[32m*** AMD      664[0m r[90m_[0m[34m1024[0m[90m_[0m[91m16[0m[90m_[0m[36m2[0m[90m_[0m[31m6[0m[90m_[0m[35m4[0m[90m[0m                                arg  2 mem   1.78 GB tm     21.00us/ 14374.79ms (     66 GFLOPS  150|262    GB/s)
[32m*** AMD      665[0m r[90m_[0m[34m1024[0m[90m_[0m[91m16[0m[90m_[0m[36m2[0m[90m_[0m[31m6[0m[90m_[0m[35m4[0m[90mn1[0m                              arg  3 mem   1.78 GB tm     21.84us/ 14374.81ms (    140 GFLOPS  145|252    GB/s)
[32m*** AMD      666[0m E[90m_[0m[34m512[0m[90m_[0m[34m4[0m[90m_[0m[36m8[0m[90m_[0m[36m2[0m[90m_[0m[36m4[0m[90m_[0m[33m3[0m[90m_[0m[33m2[0m[90m[0m                              arg  6 mem   1.78 GB tm     29.12us/ 14374.84ms (    113 GFLOPS  163|198    GB/s)
[32m*** AMD      667[0m r[90m_[0m[34m4[0m[90m_[0m[34m2[0m[90m_[0m[34m24[0m[90m_[0m[36m8[0m[90m_[0m[36m16[0m[90m_[0m[33m4[0m[90m_[0m[33m4[0m[90m_[0m[33m2[0m[90m_[0m[31m7[0m[90m_[0m[35m7[0m[90m[0m                        arg  4 mem   1.78 GB tm    208.20us/ 14375.05ms (    379 GFLOPS   23|111    GB/s)
*** AMD      668 r[90m_[0m[34m1024[0m[90m_[0m[91m16[0m[90m_[0m[36m2[0m[90m_[0m[31m6[0m[90m_[0m[35m4[0m[90m[0m                                arg  2 mem   1.78 GB tm     21.68us/ 14375.07ms (     63 GFLOPS  145|254    GB/s)
*** AMD      669 r[90m_[0m[34m1024[0m[90m_[0m[91m16[0m[90m_[0m[36m2[0m[90m_[0m[31m6[0m[90m_[0m[35m4[0m[90mn1[0m                              arg  3 mem   1.78 GB tm     21.76us/ 14375.10ms (    140 GFLOPS  145|253    GB/s)
*** AMD      670 E[90m_[0m[34m512[0m[90m_[0m[34m4[0m[90m_[0m[36m8[0m[90m_[0m[36m2[0m[90m_[0m[36m4[0m[90m_[0m[33m3[0m[90m_[0m[33m2[0m[90m[0m                              arg  6 mem   1.78 GB tm     29.44us/ 14375.12ms (    111 GFLOPS  161|196    GB/s)
[32m*** AMD      671[0m r[90m_[0m[34m32[0m[90m_[0m[34m96[0m[90m_[0m[36m32[0m[90m_[0m[36m2[0m[90m_[0m[33m2[0m[90m_[0m[33m4[0m[90m_[0m[33m2[0m[90m_[0m[31m24[0m[90m_[0m[35m4[0m[90m_[0m[35m4[0m[90m[0m                      arg  4 mem   1.78 GB tm   1438.28us/ 14376.56ms (   1743 GFLOPS    6|1793   GB/s)
[32m*** AMD      672[0m r[90m_[0m[34m3[0m[90m_[0m[34m512[0m[90m_[0m[36m32[0m[90m_[0m[33m4[0m[90m_[0m[33m4[0m[90m_[0m[31m96[0m[90m_[0m[35m4[0m[90m_[0m[35m4[0m[90m[0m                          arg  6 mem   1.78 GB tm   1646.92us/ 14378.21ms (   1468 GFLOPS    6|736    GB/s)
[32m*** AMD      673[0m r[90m_[0m[34m32[0m[90m_[0m[34m4[0m[90m_[0m[34m192[0m[90m_[0m[36m16[0m[90m_[0m[36m2[0m[90m_[0m[31m7[0m[90m_[0m[31m7[0m[90m[0m                            arg  4 mem   1.78 GB tm   1095.60us/ 14379.31ms (    232 GFLOPS    4|145    GB/s)
*** AMD      674 r[90m_[0m[34m1024[0m[90m_[0m[91m16[0m[90m_[0m[36m2[0m[90m_[0m[31m6[0m[90m_[0m[35m4[0m[90m[0m                                arg  2 mem   1.78 GB tm     21.84us/ 14379.33ms (     63 GFLOPS  144|252    GB/s)
*** AMD      675 r[90m_[0m[34m1024[0m[90m_[0m[91m16[0m[90m_[0m[36m2[0m[90m_[0m[31m6[0m[90m_[0m[35m4[0m[90mn1[0m                              arg  3 mem   1.78 GB tm     21.80us/ 14379.35ms (    140 GFLOPS  145|253    GB/s)
*** AMD      676 E[90m_[0m[34m512[0m[90m_[0m[34m4[0m[90m_[0m[36m8[0m[90m_[0m[36m2[0m[90m_[0m[36m4[0m[90m_[0m[33m3[0m[90m_[0m[33m2[0m[90m[0m                              arg  6 mem   1.78 GB tm     29.20us/ 14379.38ms (    112 GFLOPS  162|198    GB/s)
*** AMD      677 r[90m_[0m[34m32[0m[90m_[0m[34m96[0m[90m_[0m[36m32[0m[90m_[0m[36m2[0m[90m_[0m[33m2[0m[90m_[0m[33m4[0m[90m_[0m[33m2[0m[90m_[0m[31m24[0m[90m_[0m[35m4[0m[90m_[0m[35m4[0m[90m[0m                      arg  4 mem   1.78 GB tm   1441.56us/ 14380.82ms (   1739 GFLOPS    6|1789   GB/s)
[32m*** AMD      678[0m r[90m_[0m[34m3[0m[90m_[0m[34m512[0m[90m_[0m[36m32[0m[90m_[0m[33m4[0m[90m_[0m[33m4[0m[90m_[0m[31m384[0m[90m_[0m[35m4[0m[90m[0m                           arg  6 mem   1.78 GB tm   1985.04us/ 14382.80ms (   1218 GFLOPS    5|611    GB/s)
*** AMD      679 r[90m_[0m[34m32[0m[90m_[0m[34m4[0m[90m_[0m[34m192[0m[90m_[0m[36m16[0m[90m_[0m[36m2[0m[90m_[0m[31m7[0m[90m_[0m[31m7[0m[90m[0m                            arg  4 mem   1.78 GB tm   1095.08us/ 14383.90ms (    232 GFLOPS    4|145    GB/s)
*** AMD      680 r[90m_[0m[34m1024[0m[90m_[0m[91m16[0m[90m_[0m[36m2[0m[90m_[0m[31m6[0m[90m_[0m[35m4[0m[90m[0m                                arg  2 mem   1.78 GB tm     21.60us/ 14383.92ms (     64 GFLOPS  146|255    GB/s)
*** AMD      681 r[90m_[0m[34m1024[0m[90m_[0m[91m16[0m[90m_[0m[36m2[0m[90m_[0m[31m6[0m[90m_[0m[35m4[0m[90mn1[0m                              arg  3 mem   1.78 GB tm     21.80us/ 14383.94ms (    140 GFLOPS  145|253    GB/s)
*** AMD      682 E[90m_[0m[34m512[0m[90m_[0m[34m4[0m[90m_[0m[36m8[0m[90m_[0m[36m2[0m[90m_[0m[36m4[0m[90m_[0m[33m3[0m[90m_[0m[33m2[0m[90m[0m                              arg  6 mem   1.78 GB tm     29.20us/ 14383.97ms (    112 GFLOPS  162|198    GB/s)
*** AMD      683 r[90m_[0m[34m32[0m[90m_[0m[34m96[0m[90m_[0m[36m32[0m[90m_[0m[36m2[0m[90m_[0m[33m2[0m[90m_[0m[33m4[0m[90m_[0m[33m2[0m[90m_[0m[31m24[0m[90m_[0m[35m4[0m[90m_[0m[35m4[0m[90m[0m                      arg  4 mem   1.78 GB tm   1443.12us/ 14385.42ms (   1737 GFLOPS    6|1787   GB/s)
[32m*** AMD      684[0m r[90m_[0m[34m8[0m[90m_[0m[34m256[0m[90m_[0m[36m4[0m[90m_[0m[36m8[0m[90m_[0m[91m8[0m[90m_[0m[33m4[0m[90m_[0m[33m3[0m[90m_[0m[31m48[0m[90m_[0m[35m4[0m[90m[0m                         arg  6 mem   1.78 GB tm   3891.48us/ 14389.31ms (    639 GFLOPS    3|747    GB/s)
*** AMD      685 r[90m_[0m[34m1024[0m[90m_[0m[91m16[0m[90m_[0m[36m2[0m[90m_[0m[31m6[0m[90m_[0m[35m4[0m[90m[0m                                arg  2 mem   1.78 GB tm     21.12us/ 14389.33ms (     65 GFLOPS  149|261    GB/s)
*** AMD      686 r[90m_[0m[34m1024[0m[90m_[0m[91m16[0m[90m_[0m[36m2[0m[90m_[0m[31m6[0m[90m_[0m[35m4[0m[90mn1[0m                              arg  3 mem   1.78 GB tm     22.52us/ 14389.35ms (    135 GFLOPS  140|245    GB/s)
*** AMD      687 E[90m_[0m[34m512[0m[90m_[0m[34m4[0m[90m_[0m[36m8[0m[90m_[0m[36m2[0m[90m_[0m[36m4[0m[90m_[0m[33m3[0m[90m_[0m[33m2[0m[90m[0m                              arg  6 mem   1.78 GB tm     29.28us/ 14389.38ms (    112 GFLOPS  162|197    GB/s)
[32m*** AMD      688[0m r[90m_[0m[34m96[0m[90m_[0m[34m16[0m[90m_[0m[34m16[0m[90m_[0m[91m16[0m[90m_[0m[36m8[0m[90m_[0m[33m2[0m[90m_[0m[31m4[0m[90m_[0m[31m24[0m[90m[0m                         arg  4 mem   1.78 GB tm   2271.52us/ 14391.65ms (   1395 GFLOPS    2|2590   GB/s)
[32m*** AMD      689[0m r[90m_[0m[34m2[0m[90m_[0m[34m8[0m[90m_[0m[34m384[0m[90m_[0m[36m16[0m[90m_[0m[36m2[0m[90m_[0m[36m2[0m[90m_[0m[35m7[0m[90m_[0m[35m7[0m[90m[0m                           arg  4 mem   1.78 GB tm    332.76us/ 14391.98ms (    177 GFLOPS    7|239    GB/s)
[32m*** AMD      690[0m r[90m_[0m[34m512[0m[90m_[0m[91m16[0m[90m_[0m[31m3[0m[90m_[0m[35m4[0m[90m_[0m[35m4[0m[90m[0m                                 arg  2 mem   1.78 GB tm     15.20us/ 14392.00ms (     36 GFLOPS  104|142    GB/s)
[32m*** AMD      691[0m r[90m_[0m[34m512[0m[90m_[0m[91m16[0m[90m_[0m[31m12[0m[90m_[0m[35m4[0m[90m[0m                                  arg  3 mem   1.78 GB tm     15.92us/ 14392.02ms (     85 GFLOPS   99|136    GB/s)
[32m*** AMD      692[0m E[90m_[0m[34m256[0m[90m_[0m[34m4[0m[90m_[0m[36m16[0m[90m_[0m[36m4[0m[90m_[0m[36m2[0m[90m_[0m[33m3[0m[90m[0m                               arg  6 mem   1.78 GB tm     19.68us/ 14392.03ms (     87 GFLOPS  120|173    GB/s)
[32m*** AMD      693[0m r[90m_[0m[34m32[0m[90m_[0m[34m12[0m[90m_[0m[36m16[0m[90m_[0m[36m8[0m[90m_[0m[36m2[0m[90m_[0m[33m4[0m[90m_[0m[33m4[0m[90m_[0m[31m192[0m[90m_[0m[35m4[0m[90m[0m                       arg  4 mem   1.78 GB tm   1775.56us/ 14393.81ms (   1386 GFLOPS    5|1448   GB/s)
[32m*** AMD      694[0m r[90m_[0m[34m24[0m[90m_[0m[34m32[0m[90m_[0m[36m32[0m[90m_[0m[33m4[0m[90m_[0m[33m4[0m[90m_[0m[31m768[0m[90m_[0m[35m4[0m[90m[0m                           arg  6 mem   1.78 GB tm   3247.08us/ 14397.06ms (    744 GFLOPS    3|791    GB/s)
*** AMD      695 r[90m_[0m[34m2[0m[90m_[0m[34m8[0m[90m_[0m[34m384[0m[90m_[0m[36m16[0m[90m_[0m[36m2[0m[90m_[0m[36m2[0m[90m_[0m[35m7[0m[90m_[0m[35m7[0m[90m[0m                           arg  4 mem   1.78 GB tm    329.76us/ 14397.39ms (    179 GFLOPS    7|241    GB/s)
*** AMD      696 r[90m_[0m[34m512[0m[90m_[0m[91m16[0m[90m_[0m[31m3[0m[90m_[0m[35m4[0m[90m_[0m[35m4[0m[90m[0m                                 arg  2 mem   1.78 GB tm     14.68us/ 14397.40ms (     37 GFLOPS  107|147    GB/s)
*** AMD      697 r[90m_[0m[34m512[0m[90m_[0m[91m16[0m[90m_[0m[31m12[0m[90m_[0m[35m4[0m[90m[0m                                  arg  3 mem   1.78 GB tm     15.76us/ 14397.42ms (     86 GFLOPS  100|137    GB/s)
*** AMD      698 E[90m_[0m[34m256[0m[90m_[0m[34m4[0m[90m_[0m[36m16[0m[90m_[0m[36m4[0m[90m_[0m[36m2[0m[90m_[0m[33m3[0m[90m[0m                               arg  6 mem   1.78 GB tm     19.80us/ 14397.44ms (     86 GFLOPS  120|172    GB/s)
*** AMD      699 r[90m_[0m[34m32[0m[90m_[0m[34m12[0m[90m_[0m[36m16[0m[90m_[0m[36m8[0m[90m_[0m[36m2[0m[90m_[0m[33m4[0m[90m_[0m[33m4[0m[90m_[0m[31m192[0m[90m_[0m[35m4[0m[90m[0m                       arg  4 mem   1.78 GB tm   1848.48us/ 14399.29ms (   1332 GFLOPS    5|1390   GB/s)
*** AMD      700 r[90m_[0m[34m24[0m[90m_[0m[34m32[0m[90m_[0m[36m32[0m[90m_[0m[33m4[0m[90m_[0m[33m4[0m[90m_[0m[31m768[0m[90m_[0m[35m4[0m[90m[0m                           arg  6 mem   1.78 GB tm   3259.32us/ 14402.55ms (    742 GFLOPS    3|788    GB/s)
*** AMD      701 r[90m_[0m[34m2[0m[90m_[0m[34m8[0m[90m_[0m[34m384[0m[90m_[0m[36m16[0m[90m_[0m[36m2[0m[90m_[0m[36m2[0m[90m_[0m[35m7[0m[90m_[0m[35m7[0m[90m[0m                           arg  4 mem   1.78 GB tm    330.52us/ 14402.88ms (    178 GFLOPS    7|240    GB/s)
*** AMD      702 r[90m_[0m[34m512[0m[90m_[0m[91m16[0m[90m_[0m[31m3[0m[90m_[0m[35m4[0m[90m_[0m[35m4[0m[90m[0m                                 arg  2 mem   1.78 GB tm     15.08us/ 14402.89ms (     36 GFLOPS  104|143    GB/s)
*** AMD      703 r[90m_[0m[34m512[0m[90m_[0m[91m16[0m[90m_[0m[31m12[0m[90m_[0m[35m4[0m[90m[0m                                  arg  3 mem   1.78 GB tm     15.72us/ 14402.91ms (     86 GFLOPS  100|138    GB/s)
*** AMD      704 E[90m_[0m[34m256[0m[90m_[0m[34m4[0m[90m_[0m[36m16[0m[90m_[0m[36m4[0m[90m_[0m[36m2[0m[90m_[0m[33m3[0m[90m[0m                               arg  6 mem   1.78 GB tm     19.40us/ 14402.93ms (     88 GFLOPS  122|176    GB/s)
*** AMD      705 r[90m_[0m[34m32[0m[90m_[0m[34m12[0m[90m_[0m[36m16[0m[90m_[0m[36m8[0m[90m_[0m[36m2[0m[90m_[0m[33m4[0m[90m_[0m[33m4[0m[90m_[0m[31m192[0m[90m_[0m[35m4[0m[90m[0m                       arg  4 mem   1.78 GB tm   1884.04us/ 14404.81ms (   1307 GFLOPS    5|1364   GB/s)
*** AMD      706 r[90m_[0m[34m24[0m[90m_[0m[34m32[0m[90m_[0m[36m32[0m[90m_[0m[33m4[0m[90m_[0m[33m4[0m[90m_[0m[31m768[0m[90m_[0m[35m4[0m[90m[0m                           arg  6 mem   1.78 GB tm   3122.44us/ 14407.93ms (    774 GFLOPS    3|823    GB/s)
*** AMD      707 r[90m_[0m[34m2[0m[90m_[0m[34m8[0m[90m_[0m[34m384[0m[90m_[0m[36m16[0m[90m_[0m[36m2[0m[90m_[0m[36m2[0m[90m_[0m[35m7[0m[90m_[0m[35m7[0m[90m[0m                           arg  4 mem   1.78 GB tm    330.44us/ 14408.26ms (    178 GFLOPS    7|240    GB/s)
*** AMD      708 r[90m_[0m[34m512[0m[90m_[0m[91m16[0m[90m_[0m[31m3[0m[90m_[0m[35m4[0m[90m_[0m[35m4[0m[90m[0m                                 arg  2 mem   1.78 GB tm     15.48us/ 14408.28ms (     35 GFLOPS  102|140    GB/s)
*** AMD      709 r[90m_[0m[34m512[0m[90m_[0m[91m16[0m[90m_[0m[31m12[0m[90m_[0m[35m4[0m[90m[0m                                  arg  3 mem   1.78 GB tm     15.76us/ 14408.29ms (     86 GFLOPS  100|137    GB/s)
*** AMD      710 E[90m_[0m[34m256[0m[90m_[0m[34m4[0m[90m_[0m[36m16[0m[90m_[0m[36m4[0m[90m_[0m[36m2[0m[90m_[0m[33m3[0m[90m[0m                               arg  6 mem   1.78 GB tm     19.36us/ 14408.31ms (     88 GFLOPS  122|176    GB/s)
*** AMD      711 r[90m_[0m[34m32[0m[90m_[0m[34m12[0m[90m_[0m[36m16[0m[90m_[0m[36m8[0m[90m_[0m[36m2[0m[90m_[0m[33m4[0m[90m_[0m[33m4[0m[90m_[0m[31m192[0m[90m_[0m[35m4[0m[90m[0m                       arg  4 mem   1.78 GB tm   1868.44us/ 14410.18ms (   1317 GFLOPS    5|1376   GB/s)
[32m*** AMD      712[0m r[90m_[0m[34m32[0m[90m_[0m[34m3[0m[90m_[0m[36m16[0m[90m_[0m[36m4[0m[90m_[0m[36m4[0m[90m_[0m[33m4[0m[90m_[0m[33m4[0m[90m_[0m[31m768[0m[90m_[0m[35m4[0m[90m[0m                        arg  6 mem   1.78 GB tm   2785.20us/ 14412.97ms (    868 GFLOPS    4|923    GB/s)
*** AMD      713 r[90m_[0m[34m512[0m[90m_[0m[91m16[0m[90m_[0m[31m3[0m[90m_[0m[35m4[0m[90m_[0m[35m4[0m[90m[0m                                 arg  2 mem   1.78 GB tm     15.52us/ 14412.98ms (     35 GFLOPS  101|139    GB/s)
*** AMD      714 r[90m_[0m[34m512[0m[90m_[0m[91m16[0m[90m_[0m[31m12[0m[90m_[0m[35m4[0m[90m[0m                                  arg  3 mem   1.78 GB tm     16.32us/ 14413.00ms (     83 GFLOPS   97|133    GB/s)
*** AMD      715 E[90m_[0m[34m256[0m[90m_[0m[34m4[0m[90m_[0m[36m16[0m[90m_[0m[36m4[0m[90m_[0m[36m2[0m[90m_[0m[33m3[0m[90m[0m                               arg  6 mem   1.78 GB tm     19.44us/ 14413.02ms (     88 GFLOPS  122|175    GB/s)
[32m*** AMD      716[0m r[90m_[0m[34m256[0m[90m_[0m[34m8[0m[90m_[0m[34m8[0m[90m_[0m[91m32[0m[90m_[0m[36m3[0m[90m_[0m[36m2[0m[90m_[0m[33m2[0m[90m_[0m[31m4[0m[90m_[0m[31m24[0m[90m[0m                        arg  4 mem   1.78 GB tm   3639.40us/ 14416.66ms (    898 GFLOPS    3|1727   GB/s)
[32m*** AMD      717[0m r[90m_[0m[34m8[0m[90m_[0m[34m1536[0m[90m_[0m[36m16[0m[90m_[0m[31m7[0m[90m_[0m[31m7[0m[90m[0m                                arg  4 mem   1.78 GB tm    436.68us/ 14417.09ms (    145 GFLOPS    3|91     GB/s)
[32m*** AMD      718[0m r[90m_[0m[34m128[0m[90m_[0m[91m32[0m[90m_[0m[31m12[0m[90m_[0m[35m4[0m[90m[0m                                  arg  2 mem   1.78 GB tm     12.56us/ 14417.11ms (     27 GFLOPS   63|107    GB/s)
[32m*** AMD      719[0m r[90m_[0m[34m32[0m[90m_[0m[91m64[0m[90m_[0m[36m4[0m[90m_[0m[31m6[0m[90m_[0m[35m4[0m[90m[0m                                  arg  3 mem   1.78 GB tm     13.76us/ 14417.12ms (     84 GFLOPS   57|214    GB/s)
[32m*** AMD      720[0m E[90m_[0m[34m128[0m[90m_[0m[34m8[0m[90m_[0m[36m16[0m[90m_[0m[33m3[0m[90m_[0m[33m4[0m[90m[0m                                 arg  6 mem   1.78 GB tm     13.48us/ 14417.13ms (     60 GFLOPS   88|98     GB/s)
[32m*** AMD      721[0m r[90m_[0m[34m24[0m[90m_[0m[34m8[0m[90m_[0m[36m16[0m[90m_[0m[36m2[0m[90m_[0m[36m8[0m[90m_[0m[33m4[0m[90m_[0m[33m4[0m[90m_[0m[31m384[0m[90m_[0m[35m4[0m[90m[0m                        arg  4 mem   1.78 GB tm   2068.44us/ 14419.20ms (   1179 GFLOPS   10|1242   GB/s)
[32m*** AMD      722[0m r[90m_[0m[34m24[0m[90m_[0m[34m32[0m[90m_[0m[36m32[0m[90m_[0m[36m2[0m[90m_[0m[33m4[0m[90m_[0m[31m384[0m[90m_[0m[35m4[0m[90m_[0m[35m4[0m[90m[0m                         arg  6 mem   1.78 GB tm   4701.04us/ 14423.90ms (    514 GFLOPS    5|643    GB/s)
*** AMD      723 r[90m_[0m[34m8[0m[90m_[0m[34m1536[0m[90m_[0m[36m16[0m[90m_[0m[31m7[0m[90m_[0m[31m7[0m[90m[0m                                arg  4 mem   1.78 GB tm    439.24us/ 14424.34ms (    145 GFLOPS    3|90     GB/s)
*** AMD      724 r[90m_[0m[34m128[0m[90m_[0m[91m32[0m[90m_[0m[31m12[0m[90m_[0m[35m4[0m[90m[0m                                  arg  2 mem   1.78 GB tm     12.04us/ 14424.36ms (     28 GFLOPS   65|112    GB/s)
*** AMD      725 r[90m_[0m[34m32[0m[90m_[0m[91m64[0m[90m_[0m[36m4[0m[90m_[0m[31m6[0m[90m_[0m[35m4[0m[90m[0m                                  arg  3 mem   1.78 GB tm     13.76us/ 14424.37ms (     84 GFLOPS   57|214    GB/s)
*** AMD      726 E[90m_[0m[34m128[0m[90m_[0m[34m8[0m[90m_[0m[36m16[0m[90m_[0m[33m3[0m[90m_[0m[33m4[0m[90m[0m                                 arg  6 mem   1.78 GB tm     16.60us/ 14424.39ms (     48 GFLOPS   71|79     GB/s)
*** AMD      727 r[90m_[0m[34m24[0m[90m_[0m[34m8[0m[90m_[0m[36m16[0m[90m_[0m[36m2[0m[90m_[0m[36m8[0m[90m_[0m[33m4[0m[90m_[0m[33m4[0m[90m_[0m[31m384[0m[90m_[0m[35m4[0m[90m[0m                        arg  4 mem   1.78 GB tm   2263.48us/ 14426.65ms (   1077 GFLOPS    9|1135   GB/s)
*** AMD      728 r[90m_[0m[34m24[0m[90m_[0m[34m32[0m[90m_[0m[36m32[0m[90m_[0m[36m2[0m[90m_[0m[33m4[0m[90m_[0m[31m384[0m[90m_[0m[35m4[0m[90m_[0m[35m4[0m[90m[0m                         arg  6 mem   1.78 GB tm   4409.60us/ 14431.06ms (    548 GFLOPS    5|685    GB/s)
*** AMD      729 r[90m_[0m[34m8[0m[90m_[0m[34m1536[0m[90m_[0m[36m16[0m[90m_[0m[31m7[0m[90m_[0m[31m7[0m[90m[0m                                arg  4 mem   1.78 GB tm    441.36us/ 14431.50ms (    144 GFLOPS    3|90     GB/s)
*** AMD      730 r[90m_[0m[34m128[0m[90m_[0m[91m32[0m[90m_[0m[31m12[0m[90m_[0m[35m4[0m[90m[0m                                  arg  2 mem   1.78 GB tm     12.72us/ 14431.51ms (     26 GFLOPS   62|106    GB/s)
*** AMD      731 r[90m_[0m[34m32[0m[90m_[0m[91m64[0m[90m_[0m[36m4[0m[90m_[0m[31m6[0m[90m_[0m[35m4[0m[90m[0m                                  arg  3 mem   1.78 GB tm     13.64us/ 14431.53ms (     85 GFLOPS   58|216    GB/s)
*** AMD      732 E[90m_[0m[34m128[0m[90m_[0m[34m8[0m[90m_[0m[36m16[0m[90m_[0m[33m3[0m[90m_[0m[33m4[0m[90m[0m                                 arg  6 mem   1.78 GB tm     14.56us/ 14431.54ms (     55 GFLOPS   82|90     GB/s)
*** AMD      733 r[90m_[0m[34m24[0m[90m_[0m[34m8[0m[90m_[0m[36m16[0m[90m_[0m[36m2[0m[90m_[0m[36m8[0m[90m_[0m[33m4[0m[90m_[0m[33m4[0m[90m_[0m[31m384[0m[90m_[0m[35m4[0m[90m[0m                        arg  4 mem   1.78 GB tm   2121.00us/ 14433.66ms (   1150 GFLOPS   10|1211   GB/s)
*** AMD      734 r[90m_[0m[34m24[0m[90m_[0m[34m32[0m[90m_[0m[36m32[0m[90m_[0m[36m2[0m[90m_[0m[33m4[0m[90m_[0m[31m384[0m[90m_[0m[35m4[0m[90m_[0m[35m4[0m[90m[0m                         arg  6 mem   1.78 GB tm   4697.40us/ 14438.36ms (    514 GFLOPS    5|643    GB/s)
*** AMD      735 r[90m_[0m[34m8[0m[90m_[0m[34m1536[0m[90m_[0m[36m16[0m[90m_[0m[31m7[0m[90m_[0m[31m7[0m[90m[0m                                arg  4 mem   1.78 GB tm    439.56us/ 14438.80ms (    144 GFLOPS    3|90     GB/s)
*** AMD      736 r[90m_[0m[34m128[0m[90m_[0m[91m32[0m[90m_[0m[31m12[0m[90m_[0m[35m4[0m[90m[0m                                  arg  2 mem   1.78 GB tm     12.56us/ 14438.81ms (     27 GFLOPS   63|107    GB/s)
*** AMD      737 r[90m_[0m[34m32[0m[90m_[0m[91m64[0m[90m_[0m[36m4[0m[90m_[0m[31m6[0m[90m_[0m[35m4[0m[90m[0m                                  arg  3 mem   1.78 GB tm     13.60us/ 14438.83ms (     85 GFLOPS   58|217    GB/s)
*** AMD      738 E[90m_[0m[34m128[0m[90m_[0m[34m8[0m[90m_[0m[36m16[0m[90m_[0m[33m3[0m[90m_[0m[33m4[0m[90m[0m                                 arg  6 mem   1.78 GB tm     16.64us/ 14438.84ms (     48 GFLOPS   71|79     GB/s)
*** AMD      739 r[90m_[0m[34m24[0m[90m_[0m[34m8[0m[90m_[0m[36m16[0m[90m_[0m[36m2[0m[90m_[0m[36m8[0m[90m_[0m[33m4[0m[90m_[0m[33m4[0m[90m_[0m[31m384[0m[90m_[0m[35m4[0m[90m[0m                        arg  4 mem   1.78 GB tm   1775.96us/ 14440.62ms (   1373 GFLOPS   12|1446   GB/s)
*** AMD      740 r[90m_[0m[34m24[0m[90m_[0m[34m32[0m[90m_[0m[36m32[0m[90m_[0m[36m2[0m[90m_[0m[33m4[0m[90m_[0m[31m384[0m[90m_[0m[35m4[0m[90m_[0m[35m4[0m[90m[0m                         arg  6 mem   1.78 GB tm   4544.24us/ 14445.16ms (    532 GFLOPS    5|665    GB/s)
*** AMD      741 r[90m_[0m[34m8[0m[90m_[0m[34m1536[0m[90m_[0m[36m16[0m[90m_[0m[31m7[0m[90m_[0m[31m7[0m[90m[0m                                arg  4 mem   1.78 GB tm    438.92us/ 14445.60ms (    145 GFLOPS    3|90     GB/s)
*** AMD      742 r[90m_[0m[34m128[0m[90m_[0m[91m32[0m[90m_[0m[31m12[0m[90m_[0m[35m4[0m[90m[0m                                  arg  2 mem   1.78 GB tm     12.64us/ 14445.61ms (     27 GFLOPS   62|106    GB/s)
*** AMD      743 r[90m_[0m[34m32[0m[90m_[0m[91m64[0m[90m_[0m[36m4[0m[90m_[0m[31m6[0m[90m_[0m[35m4[0m[90m[0m                                  arg  3 mem   1.78 GB tm     13.44us/ 14445.63ms (     86 GFLOPS   59|219    GB/s)
*** AMD      744 E[90m_[0m[34m128[0m[90m_[0m[34m8[0m[90m_[0m[36m16[0m[90m_[0m[33m3[0m[90m_[0m[33m4[0m[90m[0m                                 arg  6 mem   1.78 GB tm     14.64us/ 14445.64ms (     55 GFLOPS   81|90     GB/s)
*** AMD      745 r[90m_[0m[34m24[0m[90m_[0m[34m8[0m[90m_[0m[36m16[0m[90m_[0m[36m2[0m[90m_[0m[36m8[0m[90m_[0m[33m4[0m[90m_[0m[33m4[0m[90m_[0m[31m384[0m[90m_[0m[35m4[0m[90m[0m                        arg  4 mem   1.78 GB tm   2343.32us/ 14447.98ms (   1041 GFLOPS    9|1096   GB/s)
*** AMD      746 r[90m_[0m[34m24[0m[90m_[0m[34m32[0m[90m_[0m[36m32[0m[90m_[0m[36m2[0m[90m_[0m[33m4[0m[90m_[0m[31m384[0m[90m_[0m[35m4[0m[90m_[0m[35m4[0m[90m[0m                         arg  6 mem   1.78 GB tm   4602.28us/ 14452.59ms (    525 GFLOPS    5|656    GB/s)
*** AMD      747 r[90m_[0m[34m8[0m[90m_[0m[34m1536[0m[90m_[0m[36m16[0m[90m_[0m[31m7[0m[90m_[0m[31m7[0m[90m[0m                                arg  4 mem   1.78 GB tm    440.48us/ 14453.03ms (    144 GFLOPS    3|90     GB/s)
*** AMD      748 r[90m_[0m[34m128[0m[90m_[0m[91m32[0m[90m_[0m[31m12[0m[90m_[0m[35m4[0m[90m[0m                                  arg  2 mem   1.78 GB tm     12.20us/ 14453.04ms (     28 GFLOPS   65|110    GB/s)
*** AMD      749 r[90m_[0m[34m32[0m[90m_[0m[91m64[0m[90m_[0m[36m4[0m[90m_[0m[31m6[0m[90m_[0m[35m4[0m[90m[0m                                  arg  3 mem   1.78 GB tm     13.48us/ 14453.05ms (     86 GFLOPS   58|219    GB/s)
*** AMD      750 E[90m_[0m[34m128[0m[90m_[0m[34m8[0m[90m_[0m[36m16[0m[90m_[0m[33m3[0m[90m_[0m[33m4[0m[90m[0m                                 arg  6 mem   1.78 GB tm     16.64us/ 14453.07ms (     48 GFLOPS   71|79     GB/s)
*** AMD      751 r[90m_[0m[34m24[0m[90m_[0m[34m8[0m[90m_[0m[36m16[0m[90m_[0m[36m2[0m[90m_[0m[36m8[0m[90m_[0m[33m4[0m[90m_[0m[33m4[0m[90m_[0m[31m384[0m[90m_[0m[35m4[0m[90m[0m                        arg  4 mem   1.78 GB tm   2219.52us/ 14455.29ms (   1099 GFLOPS    9|1157   GB/s)
*** AMD      752 r[90m_[0m[34m24[0m[90m_[0m[34m32[0m[90m_[0m[36m32[0m[90m_[0m[36m2[0m[90m_[0m[33m4[0m[90m_[0m[31m384[0m[90m_[0m[35m4[0m[90m_[0m[35m4[0m[90m[0m                         arg  6 mem   1.78 GB tm   4572.28us/ 14459.86ms (    529 GFLOPS    5|661    GB/s)
*** AMD      753 r[90m_[0m[34m8[0m[90m_[0m[34m1536[0m[90m_[0m[36m16[0m[90m_[0m[31m7[0m[90m_[0m[31m7[0m[90m[0m                                arg  4 mem   1.78 GB tm    439.80us/ 14460.30ms (    144 GFLOPS    3|90     GB/s)
*** AMD      754 r[90m_[0m[34m128[0m[90m_[0m[91m32[0m[90m_[0m[31m12[0m[90m_[0m[35m4[0m[90m[0m                                  arg  2 mem   1.78 GB tm     12.60us/ 14460.31ms (     27 GFLOPS   62|107    GB/s)
*** AMD      755 r[90m_[0m[34m32[0m[90m_[0m[91m64[0m[90m_[0m[36m4[0m[90m_[0m[31m6[0m[90m_[0m[35m4[0m[90m[0m                                  arg  3 mem   1.78 GB tm     13.56us/ 14460.33ms (     85 GFLOPS   58|218    GB/s)
*** AMD      756 E[90m_[0m[34m128[0m[90m_[0m[34m8[0m[90m_[0m[36m16[0m[90m_[0m[33m3[0m[90m_[0m[33m4[0m[90m[0m                                 arg  6 mem   1.78 GB tm     14.76us/ 14460.34ms (     54 GFLOPS   80|89     GB/s)
*** AMD      757 r[90m_[0m[34m24[0m[90m_[0m[34m8[0m[90m_[0m[36m16[0m[90m_[0m[36m2[0m[90m_[0m[36m8[0m[90m_[0m[33m4[0m[90m_[0m[33m4[0m[90m_[0m[31m384[0m[90m_[0m[35m4[0m[90m[0m                        arg  4 mem   1.78 GB tm   2172.28us/ 14462.51ms (   1123 GFLOPS   10|1182   GB/s)
*** AMD      758 r[90m_[0m[34m24[0m[90m_[0m[34m32[0m[90m_[0m[36m32[0m[90m_[0m[36m2[0m[90m_[0m[33m4[0m[90m_[0m[31m384[0m[90m_[0m[35m4[0m[90m_[0m[35m4[0m[90m[0m                         arg  6 mem   1.78 GB tm   4819.24us/ 14467.33ms (    501 GFLOPS    4|627    GB/s)
*** AMD      759 r[90m_[0m[34m8[0m[90m_[0m[34m1536[0m[90m_[0m[36m16[0m[90m_[0m[31m7[0m[90m_[0m[31m7[0m[90m[0m                                arg  4 mem   1.78 GB tm    439.64us/ 14467.77ms (    144 GFLOPS    3|90     GB/s)
*** AMD      760 r[90m_[0m[34m128[0m[90m_[0m[91m32[0m[90m_[0m[31m12[0m[90m_[0m[35m4[0m[90m[0m                                  arg  2 mem   1.78 GB tm     12.68us/ 14467.79ms (     26 GFLOPS   62|106    GB/s)
*** AMD      761 r[90m_[0m[34m32[0m[90m_[0m[91m64[0m[90m_[0m[36m4[0m[90m_[0m[31m6[0m[90m_[0m[35m4[0m[90m[0m                                  arg  3 mem   1.78 GB tm     13.44us/ 14467.80ms (     86 GFLOPS   59|219    GB/s)
*** AMD      762 E[90m_[0m[34m128[0m[90m_[0m[34m8[0m[90m_[0m[36m16[0m[90m_[0m[33m3[0m[90m_[0m[33m4[0m[90m[0m                                 arg  6 mem   1.78 GB tm     14.28us/ 14467.81ms (     56 GFLOPS   83|92     GB/s)
*** AMD      763 r[90m_[0m[34m24[0m[90m_[0m[34m8[0m[90m_[0m[36m16[0m[90m_[0m[36m2[0m[90m_[0m[36m8[0m[90m_[0m[33m4[0m[90m_[0m[33m4[0m[90m_[0m[31m384[0m[90m_[0m[35m4[0m[90m[0m                        arg  4 mem   1.78 GB tm   2334.00us/ 14470.15ms (   1045 GFLOPS    9|1101   GB/s)
*** AMD      764 r[90m_[0m[34m24[0m[90m_[0m[34m32[0m[90m_[0m[36m32[0m[90m_[0m[36m2[0m[90m_[0m[33m4[0m[90m_[0m[31m384[0m[90m_[0m[35m4[0m[90m_[0m[35m4[0m[90m[0m                         arg  6 mem   1.78 GB tm   4307.48us/ 14474.46ms (    561 GFLOPS    5|701    GB/s)
*** AMD      765 r[90m_[0m[34m8[0m[90m_[0m[34m1536[0m[90m_[0m[36m16[0m[90m_[0m[31m7[0m[90m_[0m[31m7[0m[90m[0m                                arg  4 mem   1.78 GB tm    438.96us/ 14474.89ms (    145 GFLOPS    3|90     GB/s)
*** AMD      766 r[90m_[0m[34m128[0m[90m_[0m[91m32[0m[90m_[0m[31m12[0m[90m_[0m[35m4[0m[90m[0m                                  arg  2 mem   1.78 GB tm     12.64us/ 14474.91ms (     27 GFLOPS   62|106    GB/s)
*** AMD      767 r[90m_[0m[34m32[0m[90m_[0m[91m64[0m[90m_[0m[36m4[0m[90m_[0m[31m6[0m[90m_[0m[35m4[0m[90m[0m                                  arg  3 mem   1.78 GB tm     13.28us/ 14474.92ms (     87 GFLOPS   59|222    GB/s)
*** AMD      768 E[90m_[0m[34m128[0m[90m_[0m[34m8[0m[90m_[0m[36m16[0m[90m_[0m[33m3[0m[90m_[0m[33m4[0m[90m[0m                                 arg  6 mem   1.78 GB tm     14.68us/ 14474.94ms (     55 GFLOPS   81|90     GB/s)
*** AMD      769 r[90m_[0m[34m24[0m[90m_[0m[34m8[0m[90m_[0m[36m16[0m[90m_[0m[36m2[0m[90m_[0m[36m8[0m[90m_[0m[33m4[0m[90m_[0m[33m4[0m[90m_[0m[31m384[0m[90m_[0m[35m4[0m[90m[0m                        arg  4 mem   1.78 GB tm   2221.84us/ 14477.16ms (   1098 GFLOPS    9|1156   GB/s)
*** AMD      770 r[90m_[0m[34m24[0m[90m_[0m[34m32[0m[90m_[0m[36m32[0m[90m_[0m[36m2[0m[90m_[0m[33m4[0m[90m_[0m[31m384[0m[90m_[0m[35m4[0m[90m_[0m[35m4[0m[90m[0m                         arg  6 mem   1.78 GB tm   4473.68us/ 14481.63ms (    540 GFLOPS    5|675    GB/s)
*** AMD      771 r[90m_[0m[34m8[0m[90m_[0m[34m1536[0m[90m_[0m[36m16[0m[90m_[0m[31m7[0m[90m_[0m[31m7[0m[90m[0m                                arg  4 mem   1.78 GB tm    439.56us/ 14482.07ms (    144 GFLOPS    3|90     GB/s)
*** AMD      772 r[90m_[0m[34m128[0m[90m_[0m[91m32[0m[90m_[0m[31m12[0m[90m_[0m[35m4[0m[90m[0m                                  arg  2 mem   1.78 GB tm     12.88us/ 14482.08ms (     26 GFLOPS   61|104    GB/s)
*** AMD      773 r[90m_[0m[34m32[0m[90m_[0m[91m64[0m[90m_[0m[36m4[0m[90m_[0m[31m6[0m[90m_[0m[35m4[0m[90m[0m                                  arg  3 mem   1.78 GB tm     13.44us/ 14482.10ms (     86 GFLOPS   59|219    GB/s)
*** AMD      774 E[90m_[0m[34m128[0m[90m_[0m[34m8[0m[90m_[0m[36m16[0m[90m_[0m[33m3[0m[90m_[0m[33m4[0m[90m[0m                                 arg  6 mem   1.78 GB tm     14.56us/ 14482.11ms (     55 GFLOPS   82|90     GB/s)
*** AMD      775 r[90m_[0m[34m24[0m[90m_[0m[34m8[0m[90m_[0m[36m16[0m[90m_[0m[36m2[0m[90m_[0m[36m8[0m[90m_[0m[33m4[0m[90m_[0m[33m4[0m[90m_[0m[31m384[0m[90m_[0m[35m4[0m[90m[0m                        arg  4 mem   1.78 GB tm   1822.04us/ 14483.93ms (   1338 GFLOPS   11|1410   GB/s)
*** AMD      776 r[90m_[0m[34m24[0m[90m_[0m[34m32[0m[90m_[0m[36m32[0m[90m_[0m[36m2[0m[90m_[0m[33m4[0m[90m_[0m[31m384[0m[90m_[0m[35m4[0m[90m_[0m[35m4[0m[90m[0m                         arg  6 mem   1.78 GB tm   4429.52us/ 14488.36ms (    546 GFLOPS    5|682    GB/s)
*** AMD      777 r[90m_[0m[34m8[0m[90m_[0m[34m1536[0m[90m_[0m[36m16[0m[90m_[0m[31m7[0m[90m_[0m[31m7[0m[90m[0m                                arg  4 mem   1.78 GB tm    438.32us/ 14488.80ms (    145 GFLOPS    3|91     GB/s)
*** AMD      778 r[90m_[0m[34m128[0m[90m_[0m[91m32[0m[90m_[0m[31m12[0m[90m_[0m[35m4[0m[90m[0m                                  arg  2 mem   1.78 GB tm     13.36us/ 14488.81ms (     25 GFLOPS   59|101    GB/s)
*** AMD      779 r[90m_[0m[34m32[0m[90m_[0m[91m64[0m[90m_[0m[36m4[0m[90m_[0m[31m6[0m[90m_[0m[35m4[0m[90m[0m                                  arg  3 mem   1.78 GB tm     13.76us/ 14488.83ms (     84 GFLOPS   57|214    GB/s)
*** AMD      780 E[90m_[0m[34m128[0m[90m_[0m[34m8[0m[90m_[0m[36m16[0m[90m_[0m[33m3[0m[90m_[0m[33m4[0m[90m[0m                                 arg  6 mem   1.78 GB tm     14.16us/ 14488.84ms (     57 GFLOPS   84|93     GB/s)
*** AMD      781 r[90m_[0m[34m24[0m[90m_[0m[34m8[0m[90m_[0m[36m16[0m[90m_[0m[36m2[0m[90m_[0m[36m8[0m[90m_[0m[33m4[0m[90m_[0m[33m4[0m[90m_[0m[31m384[0m[90m_[0m[35m4[0m[90m[0m                        arg  4 mem   1.78 GB tm   1675.92us/ 14490.52ms (   1455 GFLOPS   12|1533   GB/s)
*** AMD      782 r[90m_[0m[34m24[0m[90m_[0m[34m32[0m[90m_[0m[36m32[0m[90m_[0m[36m2[0m[90m_[0m[33m4[0m[90m_[0m[31m384[0m[90m_[0m[35m4[0m[90m_[0m[35m4[0m[90m[0m                         arg  6 mem   1.78 GB tm   4543.52us/ 14495.06ms (    532 GFLOPS    5|665    GB/s)
*** AMD      783 r[90m_[0m[34m8[0m[90m_[0m[34m1536[0m[90m_[0m[36m16[0m[90m_[0m[31m7[0m[90m_[0m[31m7[0m[90m[0m                                arg  4 mem   1.78 GB tm    439.68us/ 14495.50ms (    144 GFLOPS    3|90     GB/s)
*** AMD      784 r[90m_[0m[34m128[0m[90m_[0m[91m32[0m[90m_[0m[31m12[0m[90m_[0m[35m4[0m[90m[0m                                  arg  2 mem   1.78 GB tm     11.96us/ 14495.51ms (     28 GFLOPS   66|112    GB/s)
*** AMD      785 r[90m_[0m[34m32[0m[90m_[0m[91m64[0m[90m_[0m[36m4[0m[90m_[0m[31m6[0m[90m_[0m[35m4[0m[90m[0m                                  arg  3 mem   1.78 GB tm     13.60us/ 14495.53ms (     85 GFLOPS   58|217    GB/s)
*** AMD      786 E[90m_[0m[34m128[0m[90m_[0m[34m8[0m[90m_[0m[36m16[0m[90m_[0m[33m3[0m[90m_[0m[33m4[0m[90m[0m                                 arg  6 mem   1.78 GB tm     14.60us/ 14495.54ms (     55 GFLOPS   81|90     GB/s)
*** AMD      787 r[90m_[0m[34m24[0m[90m_[0m[34m8[0m[90m_[0m[36m16[0m[90m_[0m[36m2[0m[90m_[0m[36m8[0m[90m_[0m[33m4[0m[90m_[0m[33m4[0m[90m_[0m[31m384[0m[90m_[0m[35m4[0m[90m[0m                        arg  4 mem   1.78 GB tm   2263.16us/ 14497.80ms (   1078 GFLOPS    9|1135   GB/s)
*** AMD      788 r[90m_[0m[34m24[0m[90m_[0m[34m32[0m[90m_[0m[36m32[0m[90m_[0m[36m2[0m[90m_[0m[33m4[0m[90m_[0m[31m384[0m[90m_[0m[35m4[0m[90m_[0m[35m4[0m[90m[0m                         arg  6 mem   1.78 GB tm   4422.00us/ 14502.23ms (    546 GFLOPS    5|683    GB/s)
*** AMD      789 r[90m_[0m[34m8[0m[90m_[0m[34m1536[0m[90m_[0m[36m16[0m[90m_[0m[31m7[0m[90m_[0m[31m7[0m[90m[0m                                arg  4 mem   1.78 GB tm    439.32us/ 14502.67ms (    145 GFLOPS    3|90     GB/s)
*** AMD      790 r[90m_[0m[34m128[0m[90m_[0m[91m32[0m[90m_[0m[31m12[0m[90m_[0m[35m4[0m[90m[0m                                  arg  2 mem   1.78 GB tm     13.48us/ 14502.68ms (     25 GFLOPS   58|100    GB/s)
*** AMD      791 r[90m_[0m[34m32[0m[90m_[0m[91m64[0m[90m_[0m[36m4[0m[90m_[0m[31m6[0m[90m_[0m[35m4[0m[90m[0m                                  arg  3 mem   1.78 GB tm     13.36us/ 14502.69ms (     86 GFLOPS   59|221    GB/s)
*** AMD      792 E[90m_[0m[34m128[0m[90m_[0m[34m8[0m[90m_[0m[36m16[0m[90m_[0m[33m3[0m[90m_[0m[33m4[0m[90m[0m                                 arg  6 mem   1.78 GB tm     14.44us/ 14502.71ms (     56 GFLOPS   82|91     GB/s)
*** AMD      793 r[90m_[0m[34m24[0m[90m_[0m[34m8[0m[90m_[0m[36m16[0m[90m_[0m[36m2[0m[90m_[0m[36m8[0m[90m_[0m[33m4[0m[90m_[0m[33m4[0m[90m_[0m[31m384[0m[90m_[0m[35m4[0m[90m[0m                        arg  4 mem   1.78 GB tm   1816.04us/ 14504.52ms (   1343 GFLOPS   11|1414   GB/s)
*** AMD      794 r[90m_[0m[34m24[0m[90m_[0m[34m32[0m[90m_[0m[36m32[0m[90m_[0m[36m2[0m[90m_[0m[33m4[0m[90m_[0m[31m384[0m[90m_[0m[35m4[0m[90m_[0m[35m4[0m[90m[0m                         arg  6 mem   1.78 GB tm   4436.48us/ 14508.96ms (    545 GFLOPS    5|681    GB/s)
*** AMD      795 r[90m_[0m[34m8[0m[90m_[0m[34m1536[0m[90m_[0m[36m16[0m[90m_[0m[31m7[0m[90m_[0m[31m7[0m[90m[0m                                arg  4 mem   1.78 GB tm    440.84us/ 14509.40ms (    144 GFLOPS    3|90     GB/s)
*** AMD      796 r[90m_[0m[34m128[0m[90m_[0m[91m32[0m[90m_[0m[31m12[0m[90m_[0m[35m4[0m[90m[0m                                  arg  2 mem   1.78 GB tm     12.12us/ 14509.41ms (     28 GFLOPS   65|111    GB/s)
*** AMD      797 r[90m_[0m[34m32[0m[90m_[0m[91m64[0m[90m_[0m[36m4[0m[90m_[0m[31m6[0m[90m_[0m[35m4[0m[90m[0m                                  arg  3 mem   1.78 GB tm     13.72us/ 14509.43ms (     84 GFLOPS   57|215    GB/s)
*** AMD      798 E[90m_[0m[34m128[0m[90m_[0m[34m8[0m[90m_[0m[36m16[0m[90m_[0m[33m3[0m[90m_[0m[33m4[0m[90m[0m                                 arg  6 mem   1.78 GB tm     14.68us/ 14509.44ms (     55 GFLOPS   81|90     GB/s)
*** AMD      799 r[90m_[0m[34m24[0m[90m_[0m[34m8[0m[90m_[0m[36m16[0m[90m_[0m[36m2[0m[90m_[0m[36m8[0m[90m_[0m[33m4[0m[90m_[0m[33m4[0m[90m_[0m[31m384[0m[90m_[0m[35m4[0m[90m[0m                        arg  4 mem   1.78 GB tm   1739.92us/ 14511.18ms (   1402 GFLOPS   12|1476   GB/s)
*** AMD      800 r[90m_[0m[34m24[0m[90m_[0m[34m32[0m[90m_[0m[36m32[0m[90m_[0m[36m2[0m[90m_[0m[33m4[0m[90m_[0m[31m384[0m[90m_[0m[35m4[0m[90m_[0m[35m4[0m[90m[0m                         arg  6 mem   1.78 GB tm   4409.84us/ 14515.59ms (    548 GFLOPS    5|685    GB/s)
*** AMD      801 r[90m_[0m[34m8[0m[90m_[0m[34m1536[0m[90m_[0m[36m16[0m[90m_[0m[31m7[0m[90m_[0m[31m7[0m[90m[0m                                arg  4 mem   1.78 GB tm    441.00us/ 14516.03ms (    144 GFLOPS    3|90     GB/s)
*** AMD      802 r[90m_[0m[34m128[0m[90m_[0m[91m32[0m[90m_[0m[31m12[0m[90m_[0m[35m4[0m[90m[0m                                  arg  2 mem   1.78 GB tm     13.48us/ 14516.05ms (     25 GFLOPS   58|100    GB/s)
*** AMD      803 r[90m_[0m[34m32[0m[90m_[0m[91m64[0m[90m_[0m[36m4[0m[90m_[0m[31m6[0m[90m_[0m[35m4[0m[90m[0m                                  arg  3 mem   1.78 GB tm     13.84us/ 14516.06ms (     83 GFLOPS   57|213    GB/s)
*** AMD      804 E[90m_[0m[34m128[0m[90m_[0m[34m8[0m[90m_[0m[36m16[0m[90m_[0m[33m3[0m[90m_[0m[33m4[0m[90m[0m                                 arg  6 mem   1.78 GB tm     14.00us/ 14516.07ms (     57 GFLOPS   85|94     GB/s)
*** AMD      805 r[90m_[0m[34m24[0m[90m_[0m[34m8[0m[90m_[0m[36m16[0m[90m_[0m[36m2[0m[90m_[0m[36m8[0m[90m_[0m[33m4[0m[90m_[0m[33m4[0m[90m_[0m[31m384[0m[90m_[0m[35m4[0m[90m[0m                        arg  4 mem   1.78 GB tm   1781.52us/ 14517.85ms (   1369 GFLOPS   12|1442   GB/s)
*** AMD      806 r[90m_[0m[34m24[0m[90m_[0m[34m32[0m[90m_[0m[36m32[0m[90m_[0m[36m2[0m[90m_[0m[33m4[0m[90m_[0m[31m384[0m[90m_[0m[35m4[0m[90m_[0m[35m4[0m[90m[0m                         arg  6 mem   1.78 GB tm   4589.20us/ 14522.44ms (    527 GFLOPS    5|658    GB/s)
*** AMD      807 r[90m_[0m[34m8[0m[90m_[0m[34m1536[0m[90m_[0m[36m16[0m[90m_[0m[31m7[0m[90m_[0m[31m7[0m[90m[0m                                arg  4 mem   1.78 GB tm    440.32us/ 14522.88ms (    144 GFLOPS    3|90     GB/s)
*** AMD      808 r[90m_[0m[34m128[0m[90m_[0m[91m32[0m[90m_[0m[31m12[0m[90m_[0m[35m4[0m[90m[0m                                  arg  2 mem   1.78 GB tm     12.60us/ 14522.90ms (     27 GFLOPS   62|107    GB/s)
*** AMD      809 r[90m_[0m[34m32[0m[90m_[0m[91m64[0m[90m_[0m[36m4[0m[90m_[0m[31m6[0m[90m_[0m[35m4[0m[90m[0m                                  arg  3 mem   1.78 GB tm     13.56us/ 14522.91ms (     85 GFLOPS   58|218    GB/s)
*** AMD      810 E[90m_[0m[34m128[0m[90m_[0m[34m8[0m[90m_[0m[36m16[0m[90m_[0m[33m3[0m[90m_[0m[33m4[0m[90m[0m                                 arg  6 mem   1.78 GB tm     14.48us/ 14522.92ms (     55 GFLOPS   82|91     GB/s)
*** AMD      811 r[90m_[0m[34m24[0m[90m_[0m[34m8[0m[90m_[0m[36m16[0m[90m_[0m[36m2[0m[90m_[0m[36m8[0m[90m_[0m[33m4[0m[90m_[0m[33m4[0m[90m_[0m[31m384[0m[90m_[0m[35m4[0m[90m[0m                        arg  4 mem   1.78 GB tm   1775.76us/ 14524.70ms (   1373 GFLOPS   12|1446   GB/s)
*** AMD      812 r[90m_[0m[34m24[0m[90m_[0m[34m32[0m[90m_[0m[36m32[0m[90m_[0m[36m2[0m[90m_[0m[33m4[0m[90m_[0m[31m384[0m[90m_[0m[35m4[0m[90m_[0m[35m4[0m[90m[0m                         arg  6 mem   1.78 GB tm   4435.60us/ 14529.14ms (    545 GFLOPS    5|681    GB/s)
*** AMD      813 r[90m_[0m[34m8[0m[90m_[0m[34m1536[0m[90m_[0m[36m16[0m[90m_[0m[31m7[0m[90m_[0m[31m7[0m[90m[0m                                arg  4 mem   1.78 GB tm    439.88us/ 14529.58ms (    144 GFLOPS    3|90     GB/s)
*** AMD      814 r[90m_[0m[34m128[0m[90m_[0m[91m32[0m[90m_[0m[31m12[0m[90m_[0m[35m4[0m[90m[0m                                  arg  2 mem   1.78 GB tm     13.12us/ 14529.59ms (     26 GFLOPS   60|102    GB/s)
*** AMD      815 r[90m_[0m[34m32[0m[90m_[0m[91m64[0m[90m_[0m[36m4[0m[90m_[0m[31m6[0m[90m_[0m[35m4[0m[90m[0m                                  arg  3 mem   1.78 GB tm     13.56us/ 14529.60ms (     85 GFLOPS   58|218    GB/s)
*** AMD      816 E[90m_[0m[34m128[0m[90m_[0m[34m8[0m[90m_[0m[36m16[0m[90m_[0m[33m3[0m[90m_[0m[33m4[0m[90m[0m                                 arg  6 mem   1.78 GB tm     14.04us/ 14529.62ms (     57 GFLOPS   85|94     GB/s)
*** AMD      817 r[90m_[0m[34m24[0m[90m_[0m[34m8[0m[90m_[0m[36m16[0m[90m_[0m[36m2[0m[90m_[0m[36m8[0m[90m_[0m[33m4[0m[90m_[0m[33m4[0m[90m_[0m[31m384[0m[90m_[0m[35m4[0m[90m[0m                        arg  4 mem   1.78 GB tm   1820.72us/ 14531.44ms (   1339 GFLOPS   11|1411   GB/s)
*** AMD      818 r[90m_[0m[34m24[0m[90m_[0m[34m32[0m[90m_[0m[36m32[0m[90m_[0m[36m2[0m[90m_[0m[33m4[0m[90m_[0m[31m384[0m[90m_[0m[35m4[0m[90m_[0m[35m4[0m[90m[0m                         arg  6 mem   1.78 GB tm   4476.20us/ 14535.91ms (    540 GFLOPS    5|675    GB/s)
*** AMD      819 r[90m_[0m[34m8[0m[90m_[0m[34m1536[0m[90m_[0m[36m16[0m[90m_[0m[31m7[0m[90m_[0m[31m7[0m[90m[0m                                arg  4 mem   1.78 GB tm    438.84us/ 14536.35ms (    145 GFLOPS    3|90     GB/s)
*** AMD      820 r[90m_[0m[34m128[0m[90m_[0m[91m32[0m[90m_[0m[31m12[0m[90m_[0m[35m4[0m[90m[0m                                  arg  2 mem   1.78 GB tm     12.56us/ 14536.37ms (     27 GFLOPS   63|107    GB/s)
*** AMD      821 r[90m_[0m[34m32[0m[90m_[0m[91m64[0m[90m_[0m[36m4[0m[90m_[0m[31m6[0m[90m_[0m[35m4[0m[90m[0m                                  arg  3 mem   1.78 GB tm     13.56us/ 14536.38ms (     85 GFLOPS   58|218    GB/s)
*** AMD      822 E[90m_[0m[34m128[0m[90m_[0m[34m8[0m[90m_[0m[36m16[0m[90m_[0m[33m3[0m[90m_[0m[33m4[0m[90m[0m                                 arg  6 mem   1.78 GB tm     14.52us/ 14536.39ms (     55 GFLOPS   82|91     GB/s)
*** AMD      823 r[90m_[0m[34m24[0m[90m_[0m[34m8[0m[90m_[0m[36m16[0m[90m_[0m[36m2[0m[90m_[0m[36m8[0m[90m_[0m[33m4[0m[90m_[0m[33m4[0m[90m_[0m[31m384[0m[90m_[0m[35m4[0m[90m[0m                        arg  4 mem   1.78 GB tm   2201.92us/ 14538.60ms (   1108 GFLOPS    9|1167   GB/s)
*** AMD      824 r[90m_[0m[34m24[0m[90m_[0m[34m32[0m[90m_[0m[36m32[0m[90m_[0m[36m2[0m[90m_[0m[33m4[0m[90m_[0m[31m384[0m[90m_[0m[35m4[0m[90m_[0m[35m4[0m[90m[0m                         arg  6 mem   1.78 GB tm   4366.64us/ 14542.96ms (    553 GFLOPS    5|692    GB/s)
*** AMD      825 r[90m_[0m[34m8[0m[90m_[0m[34m1536[0m[90m_[0m[36m16[0m[90m_[0m[31m7[0m[90m_[0m[31m7[0m[90m[0m                                arg  4 mem   1.78 GB tm    438.52us/ 14543.40ms (    145 GFLOPS    3|91     GB/s)
*** AMD      826 r[90m_[0m[34m128[0m[90m_[0m[91m32[0m[90m_[0m[31m12[0m[90m_[0m[35m4[0m[90m[0m                                  arg  2 mem   1.78 GB tm     12.64us/ 14543.41ms (     27 GFLOPS   62|106    GB/s)
*** AMD      827 r[90m_[0m[34m32[0m[90m_[0m[91m64[0m[90m_[0m[36m4[0m[90m_[0m[31m6[0m[90m_[0m[35m4[0m[90m[0m                                  arg  3 mem   1.78 GB tm     13.68us/ 14543.43ms (     84 GFLOPS   58|216    GB/s)
*** AMD      828 E[90m_[0m[34m128[0m[90m_[0m[34m8[0m[90m_[0m[36m16[0m[90m_[0m[33m3[0m[90m_[0m[33m4[0m[90m[0m                                 arg  6 mem   1.78 GB tm     14.08us/ 14543.44ms (     57 GFLOPS   84|94     GB/s)
*** AMD      829 r[90m_[0m[34m24[0m[90m_[0m[34m8[0m[90m_[0m[36m16[0m[90m_[0m[36m2[0m[90m_[0m[36m8[0m[90m_[0m[33m4[0m[90m_[0m[33m4[0m[90m_[0m[31m384[0m[90m_[0m[35m4[0m[90m[0m                        arg  4 mem   1.78 GB tm   1769.04us/ 14545.21ms (   1379 GFLOPS   12|1452   GB/s)
*** AMD      830 r[90m_[0m[34m24[0m[90m_[0m[34m32[0m[90m_[0m[36m32[0m[90m_[0m[36m2[0m[90m_[0m[33m4[0m[90m_[0m[31m384[0m[90m_[0m[35m4[0m[90m_[0m[35m4[0m[90m[0m                         arg  6 mem   1.78 GB tm   4962.88us/ 14550.17ms (    487 GFLOPS    4|609    GB/s)
*** AMD      831 r[90m_[0m[34m8[0m[90m_[0m[34m1536[0m[90m_[0m[36m16[0m[90m_[0m[31m7[0m[90m_[0m[31m7[0m[90m[0m                                arg  4 mem   1.78 GB tm    439.60us/ 14550.61ms (    144 GFLOPS    3|90     GB/s)
*** AMD      832 r[90m_[0m[34m128[0m[90m_[0m[91m32[0m[90m_[0m[31m12[0m[90m_[0m[35m4[0m[90m[0m                                  arg  2 mem   1.78 GB tm     12.52us/ 14550.62ms (     27 GFLOPS   63|107    GB/s)
*** AMD      833 r[90m_[0m[34m32[0m[90m_[0m[91m64[0m[90m_[0m[36m4[0m[90m_[0m[31m6[0m[90m_[0m[35m4[0m[90m[0m                                  arg  3 mem   1.78 GB tm     13.40us/ 14550.64ms (     86 GFLOPS   59|220    GB/s)
*** AMD      834 E[90m_[0m[34m128[0m[90m_[0m[34m8[0m[90m_[0m[36m16[0m[90m_[0m[33m3[0m[90m_[0m[33m4[0m[90m[0m                                 arg  6 mem   1.78 GB tm     14.32us/ 14550.65ms (     56 GFLOPS   83|92     GB/s)
*** AMD      835 r[90m_[0m[34m24[0m[90m_[0m[34m8[0m[90m_[0m[36m16[0m[90m_[0m[36m2[0m[90m_[0m[36m8[0m[90m_[0m[33m4[0m[90m_[0m[33m4[0m[90m_[0m[31m384[0m[90m_[0m[35m4[0m[90m[0m                        arg  4 mem   1.78 GB tm   1879.16us/ 14552.53ms (   1298 GFLOPS   11|1367   GB/s)
*** AMD      836 r[90m_[0m[34m24[0m[90m_[0m[34m32[0m[90m_[0m[36m32[0m[90m_[0m[36m2[0m[90m_[0m[33m4[0m[90m_[0m[31m384[0m[90m_[0m[35m4[0m[90m_[0m[35m4[0m[90m[0m                         arg  6 mem   1.78 GB tm   4199.04us/ 14556.73ms (    575 GFLOPS    5|719    GB/s)
*** AMD      837 r[90m_[0m[34m8[0m[90m_[0m[34m1536[0m[90m_[0m[36m16[0m[90m_[0m[31m7[0m[90m_[0m[31m7[0m[90m[0m                                arg  4 mem   1.78 GB tm    439.12us/ 14557.17ms (    145 GFLOPS    3|90     GB/s)
*** AMD      838 r[90m_[0m[34m128[0m[90m_[0m[91m32[0m[90m_[0m[31m12[0m[90m_[0m[35m4[0m[90m[0m                                  arg  2 mem   1.78 GB tm     12.56us/ 14557.18ms (     27 GFLOPS   63|107    GB/s)
*** AMD      839 r[90m_[0m[34m32[0m[90m_[0m[91m64[0m[90m_[0m[36m4[0m[90m_[0m[31m6[0m[90m_[0m[35m4[0m[90m[0m                                  arg  3 mem   1.78 GB tm     13.40us/ 14557.20ms (     86 GFLOPS   59|220    GB/s)
*** AMD      840 E[90m_[0m[34m128[0m[90m_[0m[34m8[0m[90m_[0m[36m16[0m[90m_[0m[33m3[0m[90m_[0m[33m4[0m[90m[0m                                 arg  6 mem   1.78 GB tm     13.80us/ 14557.21ms (     58 GFLOPS   86|95     GB/s)
*** AMD      841 r[90m_[0m[34m24[0m[90m_[0m[34m8[0m[90m_[0m[36m16[0m[90m_[0m[36m2[0m[90m_[0m[36m8[0m[90m_[0m[33m4[0m[90m_[0m[33m4[0m[90m_[0m[31m384[0m[90m_[0m[35m4[0m[90m[0m                        arg  4 mem   1.78 GB tm   1777.68us/ 14558.99ms (   1372 GFLOPS   12|1445   GB/s)
*** AMD      842 r[90m_[0m[34m24[0m[90m_[0m[34m32[0m[90m_[0m[36m32[0m[90m_[0m[36m2[0m[90m_[0m[33m4[0m[90m_[0m[31m384[0m[90m_[0m[35m4[0m[90m_[0m[35m4[0m[90m[0m                         arg  6 mem   1.78 GB tm   4433.20us/ 14563.42ms (    545 GFLOPS    5|681    GB/s)
*** AMD      843 r[90m_[0m[34m8[0m[90m_[0m[34m1536[0m[90m_[0m[36m16[0m[90m_[0m[31m7[0m[90m_[0m[31m7[0m[90m[0m                                arg  4 mem   1.78 GB tm    438.20us/ 14563.86ms (    145 GFLOPS    3|91     GB/s)
*** AMD      844 r[90m_[0m[34m128[0m[90m_[0m[91m32[0m[90m_[0m[31m12[0m[90m_[0m[35m4[0m[90m[0m                                  arg  2 mem   1.78 GB tm     12.00us/ 14563.87ms (     28 GFLOPS   66|112    GB/s)
*** AMD      845 r[90m_[0m[34m32[0m[90m_[0m[91m64[0m[90m_[0m[36m4[0m[90m_[0m[31m6[0m[90m_[0m[35m4[0m[90m[0m                                  arg  3 mem   1.78 GB tm     13.32us/ 14563.88ms (     87 GFLOPS   59|221    GB/s)
*** AMD      846 E[90m_[0m[34m128[0m[90m_[0m[34m8[0m[90m_[0m[36m16[0m[90m_[0m[33m3[0m[90m_[0m[33m4[0m[90m[0m                                 arg  6 mem   1.78 GB tm     14.64us/ 14563.90ms (     55 GFLOPS   81|90     GB/s)
*** AMD      847 r[90m_[0m[34m24[0m[90m_[0m[34m8[0m[90m_[0m[36m16[0m[90m_[0m[36m2[0m[90m_[0m[36m8[0m[90m_[0m[33m4[0m[90m_[0m[33m4[0m[90m_[0m[31m384[0m[90m_[0m[35m4[0m[90m[0m                        arg  4 mem   1.78 GB tm   2064.52us/ 14565.96ms (   1181 GFLOPS   10|1244   GB/s)
*** AMD      848 r[90m_[0m[34m24[0m[90m_[0m[34m32[0m[90m_[0m[36m32[0m[90m_[0m[36m2[0m[90m_[0m[33m4[0m[90m_[0m[31m384[0m[90m_[0m[35m4[0m[90m_[0m[35m4[0m[90m[0m                         arg  6 mem   1.78 GB tm   4348.04us/ 14570.31ms (    556 GFLOPS    5|695    GB/s)
*** AMD      849 r[90m_[0m[34m8[0m[90m_[0m[34m1536[0m[90m_[0m[36m16[0m[90m_[0m[31m7[0m[90m_[0m[31m7[0m[90m[0m                                arg  4 mem   1.78 GB tm    444.88us/ 14570.76ms (    143 GFLOPS    3|89     GB/s)
*** AMD      850 r[90m_[0m[34m128[0m[90m_[0m[91m32[0m[90m_[0m[31m12[0m[90m_[0m[35m4[0m[90m[0m                                  arg  2 mem   1.78 GB tm     12.64us/ 14570.77ms (     27 GFLOPS   62|106    GB/s)
*** AMD      851 r[90m_[0m[34m32[0m[90m_[0m[91m64[0m[90m_[0m[36m4[0m[90m_[0m[31m6[0m[90m_[0m[35m4[0m[90m[0m                                  arg  3 mem   1.78 GB tm     13.52us/ 14570.78ms (     85 GFLOPS   58|218    GB/s)
*** AMD      852 E[90m_[0m[34m128[0m[90m_[0m[34m8[0m[90m_[0m[36m16[0m[90m_[0m[33m3[0m[90m_[0m[33m4[0m[90m[0m                                 arg  6 mem   1.78 GB tm     14.68us/ 14570.80ms (     55 GFLOPS   81|90     GB/s)
*** AMD      853 r[90m_[0m[34m24[0m[90m_[0m[34m8[0m[90m_[0m[36m16[0m[90m_[0m[36m2[0m[90m_[0m[36m8[0m[90m_[0m[33m4[0m[90m_[0m[33m4[0m[90m_[0m[31m384[0m[90m_[0m[35m4[0m[90m[0m                        arg  4 mem   1.78 GB tm   2240.68us/ 14573.04ms (   1088 GFLOPS    9|1146   GB/s)
*** AMD      854 r[90m_[0m[34m24[0m[90m_[0m[34m32[0m[90m_[0m[36m32[0m[90m_[0m[36m2[0m[90m_[0m[33m4[0m[90m_[0m[31m384[0m[90m_[0m[35m4[0m[90m_[0m[35m4[0m[90m[0m                         arg  6 mem   1.78 GB tm   4457.36us/ 14577.49ms (    542 GFLOPS    5|678    GB/s)
*** AMD      855 r[90m_[0m[34m8[0m[90m_[0m[34m1536[0m[90m_[0m[36m16[0m[90m_[0m[31m7[0m[90m_[0m[31m7[0m[90m[0m                                arg  4 mem   1.78 GB tm    438.88us/ 14577.93ms (    145 GFLOPS    3|90     GB/s)
*** AMD      856 r[90m_[0m[34m128[0m[90m_[0m[91m32[0m[90m_[0m[31m12[0m[90m_[0m[35m4[0m[90m[0m                                  arg  2 mem   1.78 GB tm     12.28us/ 14577.95ms (     27 GFLOPS   64|109    GB/s)
*** AMD      857 r[90m_[0m[34m32[0m[90m_[0m[91m64[0m[90m_[0m[36m4[0m[90m_[0m[31m6[0m[90m_[0m[35m4[0m[90m[0m                                  arg  3 mem   1.78 GB tm     13.52us/ 14577.96ms (     85 GFLOPS   58|218    GB/s)
*** AMD      858 E[90m_[0m[34m128[0m[90m_[0m[34m8[0m[90m_[0m[36m16[0m[90m_[0m[33m3[0m[90m_[0m[33m4[0m[90m[0m                                 arg  6 mem   1.78 GB tm     14.56us/ 14577.97ms (     55 GFLOPS   82|90     GB/s)
*** AMD      859 r[90m_[0m[34m24[0m[90m_[0m[34m8[0m[90m_[0m[36m16[0m[90m_[0m[36m2[0m[90m_[0m[36m8[0m[90m_[0m[33m4[0m[90m_[0m[33m4[0m[90m_[0m[31m384[0m[90m_[0m[35m4[0m[90m[0m                        arg  4 mem   1.78 GB tm   2095.24us/ 14580.07ms (   1164 GFLOPS   10|1226   GB/s)
*** AMD      860 r[90m_[0m[34m24[0m[90m_[0m[34m32[0m[90m_[0m[36m32[0m[90m_[0m[36m2[0m[90m_[0m[33m4[0m[90m_[0m[31m384[0m[90m_[0m[35m4[0m[90m_[0m[35m4[0m[90m[0m                         arg  6 mem   1.78 GB tm   4452.96us/ 14584.52ms (    543 GFLOPS    5|678    GB/s)
*** AMD      861 r[90m_[0m[34m8[0m[90m_[0m[34m1536[0m[90m_[0m[36m16[0m[90m_[0m[31m7[0m[90m_[0m[31m7[0m[90m[0m                                arg  4 mem   1.78 GB tm    437.96us/ 14584.96ms (    145 GFLOPS    3|91     GB/s)
*** AMD      862 r[90m_[0m[34m128[0m[90m_[0m[91m32[0m[90m_[0m[31m12[0m[90m_[0m[35m4[0m[90m[0m                                  arg  2 mem   1.78 GB tm     12.56us/ 14584.97ms (     27 GFLOPS   63|107    GB/s)
*** AMD      863 r[90m_[0m[34m32[0m[90m_[0m[91m64[0m[90m_[0m[36m4[0m[90m_[0m[31m6[0m[90m_[0m[35m4[0m[90m[0m                                  arg  3 mem   1.78 GB tm     13.36us/ 14584.99ms (     86 GFLOPS   59|221    GB/s)
*** AMD      864 E[90m_[0m[34m128[0m[90m_[0m[34m8[0m[90m_[0m[36m16[0m[90m_[0m[33m3[0m[90m_[0m[33m4[0m[90m[0m                                 arg  6 mem   1.78 GB tm     14.76us/ 14585.00ms (     54 GFLOPS   80|89     GB/s)
*** AMD      865 r[90m_[0m[34m24[0m[90m_[0m[34m8[0m[90m_[0m[36m16[0m[90m_[0m[36m2[0m[90m_[0m[36m8[0m[90m_[0m[33m4[0m[90m_[0m[33m4[0m[90m_[0m[31m384[0m[90m_[0m[35m4[0m[90m[0m                        arg  4 mem   1.78 GB tm   2445.92us/ 14587.45ms (    997 GFLOPS    9|1050   GB/s)
*** AMD      866 r[90m_[0m[34m24[0m[90m_[0m[34m32[0m[90m_[0m[36m32[0m[90m_[0m[36m2[0m[90m_[0m[33m4[0m[90m_[0m[31m384[0m[90m_[0m[35m4[0m[90m_[0m[35m4[0m[90m[0m                         arg  6 mem   1.78 GB tm   4472.48us/ 14591.92ms (    540 GFLOPS    5|675    GB/s)
*** AMD      867 r[90m_[0m[34m8[0m[90m_[0m[34m1536[0m[90m_[0m[36m16[0m[90m_[0m[31m7[0m[90m_[0m[31m7[0m[90m[0m                                arg  4 mem   1.78 GB tm    438.80us/ 14592.36ms (    145 GFLOPS    3|91     GB/s)
*** AMD      868 r[90m_[0m[34m128[0m[90m_[0m[91m32[0m[90m_[0m[31m12[0m[90m_[0m[35m4[0m[90m[0m                                  arg  2 mem   1.78 GB tm     11.92us/ 14592.37ms (     28 GFLOPS   66|113    GB/s)
*** AMD      869 r[90m_[0m[34m32[0m[90m_[0m[91m64[0m[90m_[0m[36m4[0m[90m_[0m[31m6[0m[90m_[0m[35m4[0m[90m[0m                                  arg  3 mem   1.78 GB tm     13.40us/ 14592.38ms (     86 GFLOPS   59|220    GB/s)
*** AMD      870 E[90m_[0m[34m128[0m[90m_[0m[34m8[0m[90m_[0m[36m16[0m[90m_[0m[33m3[0m[90m_[0m[33m4[0m[90m[0m                                 arg  6 mem   1.78 GB tm     14.32us/ 14592.40ms (     56 GFLOPS   83|92     GB/s)
*** AMD      871 r[90m_[0m[34m24[0m[90m_[0m[34m8[0m[90m_[0m[36m16[0m[90m_[0m[36m2[0m[90m_[0m[36m8[0m[90m_[0m[33m4[0m[90m_[0m[33m4[0m[90m_[0m[31m384[0m[90m_[0m[35m4[0m[90m[0m                        arg  4 mem   1.78 GB tm   1719.28us/ 14594.12ms (   1418 GFLOPS   12|1494   GB/s)
*** AMD      872 r[90m_[0m[34m24[0m[90m_[0m[34m32[0m[90m_[0m[36m32[0m[90m_[0m[36m2[0m[90m_[0m[33m4[0m[90m_[0m[31m384[0m[90m_[0m[35m4[0m[90m_[0m[35m4[0m[90m[0m                         arg  6 mem   1.78 GB tm   4327.16us/ 14598.44ms (    558 GFLOPS    5|698    GB/s)
*** AMD      873 r[90m_[0m[34m8[0m[90m_[0m[34m1536[0m[90m_[0m[36m16[0m[90m_[0m[31m7[0m[90m_[0m[31m7[0m[90m[0m                                arg  4 mem   1.78 GB tm    438.76us/ 14598.88ms (    145 GFLOPS    3|91     GB/s)
*** AMD      874 r[90m_[0m[34m128[0m[90m_[0m[91m32[0m[90m_[0m[31m12[0m[90m_[0m[35m4[0m[90m[0m                                  arg  2 mem   1.78 GB tm     12.64us/ 14598.90ms (     27 GFLOPS   62|106    GB/s)
*** AMD      875 r[90m_[0m[34m32[0m[90m_[0m[91m64[0m[90m_[0m[36m4[0m[90m_[0m[31m6[0m[90m_[0m[35m4[0m[90m[0m                                  arg  3 mem   1.78 GB tm     13.72us/ 14598.91ms (     84 GFLOPS   57|215    GB/s)
*** AMD      876 E[90m_[0m[34m128[0m[90m_[0m[34m8[0m[90m_[0m[36m16[0m[90m_[0m[33m3[0m[90m_[0m[33m4[0m[90m[0m                                 arg  6 mem   1.78 GB tm     14.44us/ 14598.92ms (     56 GFLOPS   82|91     GB/s)
*** AMD      877 r[90m_[0m[34m24[0m[90m_[0m[34m8[0m[90m_[0m[36m16[0m[90m_[0m[36m2[0m[90m_[0m[36m8[0m[90m_[0m[33m4[0m[90m_[0m[33m4[0m[90m_[0m[31m384[0m[90m_[0m[35m4[0m[90m[0m                        arg  4 mem   1.78 GB tm   1831.40us/ 14600.76ms (   1332 GFLOPS   11|1403   GB/s)
*** AMD      878 r[90m_[0m[34m24[0m[90m_[0m[34m32[0m[90m_[0m[36m32[0m[90m_[0m[36m2[0m[90m_[0m[33m4[0m[90m_[0m[31m384[0m[90m_[0m[35m4[0m[90m_[0m[35m4[0m[90m[0m                         arg  6 mem   1.78 GB tm   4526.40us/ 14605.28ms (    534 GFLOPS    5|667    GB/s)
*** AMD      879 r[90m_[0m[34m8[0m[90m_[0m[34m1536[0m[90m_[0m[36m16[0m[90m_[0m[31m7[0m[90m_[0m[31m7[0m[90m[0m                                arg  4 mem   1.78 GB tm    439.60us/ 14605.72ms (    144 GFLOPS    3|90     GB/s)
*** AMD      880 r[90m_[0m[34m128[0m[90m_[0m[91m32[0m[90m_[0m[31m12[0m[90m_[0m[35m4[0m[90m[0m                                  arg  2 mem   1.78 GB tm     12.08us/ 14605.73ms (     28 GFLOPS   65|111    GB/s)
*** AMD      881 r[90m_[0m[34m32[0m[90m_[0m[91m64[0m[90m_[0m[36m4[0m[90m_[0m[31m6[0m[90m_[0m[35m4[0m[90m[0m                                  arg  3 mem   1.78 GB tm     13.68us/ 14605.75ms (     84 GFLOPS   58|216    GB/s)
*** AMD      882 E[90m_[0m[34m128[0m[90m_[0m[34m8[0m[90m_[0m[36m16[0m[90m_[0m[33m3[0m[90m_[0m[33m4[0m[90m[0m                                 arg  6 mem   1.78 GB tm     14.84us/ 14605.76ms (     54 GFLOPS   80|89     GB/s)
*** AMD      883 r[90m_[0m[34m24[0m[90m_[0m[34m8[0m[90m_[0m[36m16[0m[90m_[0m[36m2[0m[90m_[0m[36m8[0m[90m_[0m[33m4[0m[90m_[0m[33m4[0m[90m_[0m[31m384[0m[90m_[0m[35m4[0m[90m[0m                        arg  4 mem   1.78 GB tm   1709.24us/ 14607.47ms (   1427 GFLOPS   12|1503   GB/s)
*** AMD      884 r[90m_[0m[34m24[0m[90m_[0m[34m32[0m[90m_[0m[36m32[0m[90m_[0m[36m2[0m[90m_[0m[33m4[0m[90m_[0m[31m384[0m[90m_[0m[35m4[0m[90m_[0m[35m4[0m[90m[0m                         arg  6 mem   1.78 GB tm   4499.32us/ 14611.97ms (    537 GFLOPS    5|671    GB/s)
*** AMD      885 r[90m_[0m[34m8[0m[90m_[0m[34m1536[0m[90m_[0m[36m16[0m[90m_[0m[31m7[0m[90m_[0m[31m7[0m[90m[0m                                arg  4 mem   1.78 GB tm    439.12us/ 14612.41ms (    145 GFLOPS    3|90     GB/s)
*** AMD      886 r[90m_[0m[34m128[0m[90m_[0m[91m32[0m[90m_[0m[31m12[0m[90m_[0m[35m4[0m[90m[0m                                  arg  2 mem   1.78 GB tm     12.64us/ 14612.42ms (     27 GFLOPS   62|106    GB/s)
*** AMD      887 r[90m_[0m[34m32[0m[90m_[0m[91m64[0m[90m_[0m[36m4[0m[90m_[0m[31m6[0m[90m_[0m[35m4[0m[90m[0m                                  arg  3 mem   1.78 GB tm     13.44us/ 14612.44ms (     86 GFLOPS   59|219    GB/s)
*** AMD      888 E[90m_[0m[34m128[0m[90m_[0m[34m8[0m[90m_[0m[36m16[0m[90m_[0m[33m3[0m[90m_[0m[33m4[0m[90m[0m                                 arg  6 mem   1.78 GB tm     14.48us/ 14612.45ms (     55 GFLOPS   82|91     GB/s)
*** AMD      889 r[90m_[0m[34m24[0m[90m_[0m[34m8[0m[90m_[0m[36m16[0m[90m_[0m[36m2[0m[90m_[0m[36m8[0m[90m_[0m[33m4[0m[90m_[0m[33m4[0m[90m_[0m[31m384[0m[90m_[0m[35m4[0m[90m[0m                        arg  4 mem   1.78 GB tm   2247.00us/ 14614.70ms (   1085 GFLOPS    9|1143   GB/s)
*** AMD      890 r[90m_[0m[34m24[0m[90m_[0m[34m32[0m[90m_[0m[36m32[0m[90m_[0m[36m2[0m[90m_[0m[33m4[0m[90m_[0m[31m384[0m[90m_[0m[35m4[0m[90m_[0m[35m4[0m[90m[0m                         arg  6 mem   1.78 GB tm   4420.48us/ 14619.12ms (    547 GFLOPS    5|683    GB/s)
*** AMD      891 r[90m_[0m[34m8[0m[90m_[0m[34m1536[0m[90m_[0m[36m16[0m[90m_[0m[31m7[0m[90m_[0m[31m7[0m[90m[0m                                arg  4 mem   1.78 GB tm    440.16us/ 14619.56ms (    144 GFLOPS    3|90     GB/s)
*** AMD      892 r[90m_[0m[34m128[0m[90m_[0m[91m32[0m[90m_[0m[31m12[0m[90m_[0m[35m4[0m[90m[0m                                  arg  2 mem   1.78 GB tm     12.00us/ 14619.57ms (     28 GFLOPS   66|112    GB/s)
*** AMD      893 r[90m_[0m[34m32[0m[90m_[0m[91m64[0m[90m_[0m[36m4[0m[90m_[0m[31m6[0m[90m_[0m[35m4[0m[90m[0m                                  arg  3 mem   1.78 GB tm     13.60us/ 14619.58ms (     85 GFLOPS   58|217    GB/s)
*** AMD      894 E[90m_[0m[34m128[0m[90m_[0m[34m8[0m[90m_[0m[36m16[0m[90m_[0m[33m3[0m[90m_[0m[33m4[0m[90m[0m                                 arg  6 mem   1.78 GB tm     14.48us/ 14619.60ms (     55 GFLOPS   82|91     GB/s)
*** AMD      895 r[90m_[0m[34m24[0m[90m_[0m[34m8[0m[90m_[0m[36m16[0m[90m_[0m[36m2[0m[90m_[0m[36m8[0m[90m_[0m[33m4[0m[90m_[0m[33m4[0m[90m_[0m[31m384[0m[90m_[0m[35m4[0m[90m[0m                        arg  4 mem   1.78 GB tm   2438.00us/ 14622.04ms (   1000 GFLOPS    9|1054   GB/s)
[32m*** AMD      896[0m r[90m_[0m[34m6[0m[90m_[0m[34m32[0m[90m_[0m[36m4[0m[90m_[0m[36m16[0m[90m_[0m[33m4[0m[90m_[0m[33m4[0m[90m_[0m[31m1536[0m[90m_[0m[35m4[0m[90m[0m                         arg  6 mem   1.78 GB tm   2102.68us/ 14624.14ms (   1149 GFLOPS   10|575    GB/s)
*** AMD      897 r[90m_[0m[34m128[0m[90m_[0m[91m32[0m[90m_[0m[31m12[0m[90m_[0m[35m4[0m[90m[0m                                  arg  2 mem   1.78 GB tm     12.64us/ 14624.15ms (     27 GFLOPS   62|106    GB/s)
*** AMD      898 r[90m_[0m[34m32[0m[90m_[0m[91m64[0m[90m_[0m[36m4[0m[90m_[0m[31m6[0m[90m_[0m[35m4[0m[90m[0m                                  arg  3 mem   1.78 GB tm     13.40us/ 14624.16ms (     86 GFLOPS   59|220    GB/s)
*** AMD      899 E[90m_[0m[34m128[0m[90m_[0m[34m8[0m[90m_[0m[36m16[0m[90m_[0m[33m3[0m[90m_[0m[33m4[0m[90m[0m                                 arg  6 mem   1.78 GB tm     14.68us/ 14624.18ms (     55 GFLOPS   81|90     GB/s)
[32m*** AMD      900[0m r[90m_[0m[34m1024[0m[90m_[0m[34m4[0m[90m_[0m[34m8[0m[90m_[0m[91m64[0m[90m_[0m[36m3[0m[90m_[0m[31m4[0m[90m_[0m[31m24[0m[90m[0m                           arg  4 mem   1.78 GB tm   3837.92us/ 14628.02ms (    915 GFLOPS   10|2006   GB/s)
[32m*** AMD      901[0m r[90m_[0m[34m96[0m[90m_[0m[36m8[0m[90m_[0m[36m8[0m[90m_[0m[36m4[0m[90m_[0m[33m4[0m[90m_[0m[31m7[0m[90m_[0m[35m7[0m[90m[0m                               arg  4 mem   1.78 GB tm     34.76us/ 14628.05ms (    176 GFLOPS   26|122    GB/s)
[32m*** AMD      902[0m r[90m_[0m[34m32[0m[90m_[0m[91m64[0m[90m_[0m[31m12[0m[90m_[0m[35m4[0m[90m[0m                                   arg  2 mem   1.78 GB tm     12.28us/ 14628.06ms (     19 GFLOPS   32|76     GB/s)
[32m*** AMD      903[0m r[90m_[0m[34m32[0m[90m_[0m[91m64[0m[90m_[0m[31m12[0m[90m_[0m[35m4[0m[90mn1[0m                                 arg  3 mem   1.78 GB tm     11.76us/ 14628.08ms (     37 GFLOPS   33|79     GB/s)
[32m*** AMD      904[0m E[90m_[0m[34m32[0m[90m_[0m[34m6[0m[90m_[0m[36m16[0m[90m_[0m[36m8[0m[90m_[0m[33m4[0m[90m[0m                                  arg  6 mem   1.78 GB tm     10.56us/ 14628.09ms (     40 GFLOPS   57|76     GB/s)
[32m*** AMD      905[0m r[90m_[0m[34m48[0m[90m_[0m[34m2[0m[90m_[0m[36m16[0m[90m_[0m[36m16[0m[90m_[0m[33m4[0m[90m_[0m[33m4[0m[90m_[0m[31m768[0m[90m_[0m[35m4[0m[90m[0m                         arg  4 mem   1.78 GB tm   1821.52us/ 14629.91ms (   1333 GFLOPS   42|1410   GB/s)
[32m*** AMD      906[0m r[90m_[0m[34m12[0m[90m_[0m[34m8[0m[90m_[0m[36m32[0m[90m_[0m[36m8[0m[90m_[0m[33m4[0m[90m_[0m[31m768[0m[90m_[0m[35m4[0m[90m_[0m[35m4[0m[90m[0m                          arg  6 mem   1.78 GB tm   5271.92us/ 14635.18ms (    458 GFLOPS   15|573    GB/s)
*** AMD      907 r[90m_[0m[34m96[0m[90m_[0m[36m8[0m[90m_[0m[36m8[0m[90m_[0m[36m4[0m[90m_[0m[33m4[0m[90m_[0m[31m7[0m[90m_[0m[35m7[0m[90m[0m                               arg  4 mem   1.78 GB tm     35.80us/ 14635.22ms (    171 GFLOPS   25|118    GB/s)
*** AMD      908 r[90m_[0m[34m32[0m[90m_[0m[91m64[0m[90m_[0m[31m12[0m[90m_[0m[35m4[0m[90m[0m                                   arg  2 mem   1.78 GB tm     11.76us/ 14635.23ms (     20 GFLOPS   33|79     GB/s)
*** AMD      909 r[90m_[0m[34m32[0m[90m_[0m[91m64[0m[90m_[0m[31m12[0m[90m_[0m[35m4[0m[90mn1[0m                                 arg  3 mem   1.78 GB tm     12.16us/ 14635.24ms (     36 GFLOPS   32|77     GB/s)
*** AMD      910 E[90m_[0m[34m32[0m[90m_[0m[34m6[0m[90m_[0m[36m16[0m[90m_[0m[36m8[0m[90m_[0m[33m4[0m[90m[0m                                  arg  6 mem   1.78 GB tm     11.40us/ 14635.25ms (     37 GFLOPS   53|70     GB/s)
*** AMD      911 r[90m_[0m[34m48[0m[90m_[0m[34m2[0m[90m_[0m[36m16[0m[90m_[0m[36m16[0m[90m_[0m[33m4[0m[90m_[0m[33m4[0m[90m_[0m[31m768[0m[90m_[0m[35m4[0m[90m[0m                         arg  4 mem   1.78 GB tm   1815.28us/ 14637.07ms (   1337 GFLOPS   42|1415   GB/s)
*** AMD      912 r[90m_[0m[34m12[0m[90m_[0m[34m8[0m[90m_[0m[36m32[0m[90m_[0m[36m8[0m[90m_[0m[33m4[0m[90m_[0m[31m768[0m[90m_[0m[35m4[0m[90m_[0m[35m4[0m[90m[0m                          arg  6 mem   1.78 GB tm   5457.68us/ 14642.52ms (    443 GFLOPS   14|553    GB/s)
*** AMD      913 r[90m_[0m[34m96[0m[90m_[0m[36m8[0m[90m_[0m[36m8[0m[90m_[0m[36m4[0m[90m_[0m[33m4[0m[90m_[0m[31m7[0m[90m_[0m[35m7[0m[90m[0m                               arg  4 mem   1.78 GB tm     35.60us/ 14642.56ms (    172 GFLOPS   25|119    GB/s)
*** AMD      914 r[90m_[0m[34m32[0m[90m_[0m[91m64[0m[90m_[0m[31m12[0m[90m_[0m[35m4[0m[90m[0m                                   arg  2 mem   1.78 GB tm     11.68us/ 14642.57ms (     20 GFLOPS   34|80     GB/s)
*** AMD      915 r[90m_[0m[34m32[0m[90m_[0m[91m64[0m[90m_[0m[31m12[0m[90m_[0m[35m4[0m[90mn1[0m                                 arg  3 mem   1.78 GB tm     12.16us/ 14642.58ms (     36 GFLOPS   32|77     GB/s)
*** AMD      916 E[90m_[0m[34m32[0m[90m_[0m[34m6[0m[90m_[0m[36m16[0m[90m_[0m[36m8[0m[90m_[0m[33m4[0m[90m[0m                                  arg  6 mem   1.78 GB tm     10.80us/ 14642.59ms (     39 GFLOPS   56|74     GB/s)
*** AMD      917 r[90m_[0m[34m48[0m[90m_[0m[34m2[0m[90m_[0m[36m16[0m[90m_[0m[36m16[0m[90m_[0m[33m4[0m[90m_[0m[33m4[0m[90m_[0m[31m768[0m[90m_[0m[35m4[0m[90m[0m                         arg  4 mem   1.78 GB tm   1814.32us/ 14644.41ms (   1338 GFLOPS   42|1415   GB/s)
[32m*** AMD      918[0m r[90m_[0m[34m32[0m[90m_[0m[36m16[0m[90m_[0m[36m2[0m[90m_[0m[36m3[0m[90m_[0m[31m12288[0m[90m_[0m[35m32[0m[90m[0m                           arg  6 mem   1.78 GB tm [33m    16.54ms[0m/ 14660.94ms (    146 GFLOPS    5|151    GB/s)
[32m*** AMD      919[0m r[90m_[0m[91m32[0m[90m_[0m[31m6[0m[90m_[0m[35m4[0m[90m_[0m[35m4[0m[90m[0m                                     arg  2 mem   1.78 GB tm     10.64us/ 14660.95ms (      0 GFLOPS    1|2      GB/s)
[32m*** AMD      920[0m r[90m_[0m[91m64[0m[90m_[0m[31m3[0m[90m_[0m[35m4[0m[90m_[0m[35m4[0m[90m[0m                                     arg  3 mem   1.78 GB tm     10.76us/ 14660.97ms (      1 GFLOPS    1|3      GB/s)
[32m*** AMD      921[0m E[90m_[0m[34m24[0m[90m_[0m[36m32[0m[90m_[0m[36m2[0m[90m_[0m[33m2[0m[90m[0m                                    arg  6 mem   1.78 GB tm      8.28us/ 14660.97ms (      2 GFLOPS    4|5      GB/s)
[32m*** AMD      922[0m r[90m_[0m[34m512[0m[90m_[0m[91m2[0m[90m_[0m[91m16[0m[90m_[0m[31m24[0m[90m_[0m[35m4[0m[90m[0m                                arg  4 mem   1.78 GB tm     39.44us/ 14661.01ms (     95 GFLOPS   80|216    GB/s)
[32m*** AMD      923[0m r[90m_[0m[91m16[0m[90m_[0m[91m2[0m[90m_[0m[35m4[0m[90m_[0m[35m4[0m[90m[0m                                     arg  2 mem   1.78 GB tm      9.16us/ 14661.02ms (      0 GFLOPS    0|1      GB/s)
[32m*** AMD      924[0m E[90m_[0m[34m32[0m[90m_[0m[36m16[0m[90m_[0m[36m3[0m[90m_[0m[36m3[0m[90m[0m                                    arg  4 mem   1.78 GB tm      9.28us/ 14661.03ms (      4 GFLOPS    4|5      GB/s)
[32m*** AMD      925[0m r[90m_[0m[91m16[0m[90m_[0m[31m2[0m[90m_[0m[35m4[0m[90m_[0m[35m4[0m[90mn1[0m                                   arg  3 mem   1.78 GB tm     10.12us/ 14661.04ms (      0 GFLOPS    0|0      GB/s)
[32m*** AMD      926[0m r[90m_[0m[34m9[0m[90m_[0m[91m16[0m[90m_[0m[35m32[0m[90m[0m                                      arg  2 mem   1.78 GB tm      9.00us/ 14661.05ms (      1 GFLOPS    2|3      GB/s)
[32m*** AMD      927[0m E[90m_[0m[34m16[0m[90m_[0m[36m16[0m[90m_[0m[33m2[0m[90m[0m                                      arg  6 mem   1.78 GB tm      8.28us/ 14661.06ms (      0 GFLOPS    0|1      GB/s)
[32m*** AMD      928[0m r[90m_[0m[34m9[0m[90m_[0m[91m16[0m[90m_[0m[31m32[0m[90mn1[0m                                    arg  3 mem   1.78 GB tm      9.32us/ 14661.07ms (      2 GFLOPS    2|3      GB/s)
[32m*** AMD      929[0m r[90m_[0m[34m1024[0m[90m_[0m[91m32[0m[90m_[0m[31m16[0m[90m[0m                                   arg  3 mem   1.78 GB tm     15.92us/ 14661.08ms (    150 GFLOPS   66|408    GB/s)
[32m*** AMD      930[0m E[90m_[0m[34m9[0m[90m_[0m[34m2[0m[90m_[0m[36m16[0m[90m_[0m[36m16[0m[90m[0m                                    arg  6 mem   1.78 GB tm      9.36us/ 14661.09ms (      2 GFLOPS    4|8      GB/s)
*** AMD      931 E[90m_[0m[34m9[0m[90m_[0m[34m2[0m[90m_[0m[36m16[0m[90m_[0m[36m16[0m[90m[0m                                    arg  6 mem   1.78 GB tm      8.48us/ 14661.10ms (      3 GFLOPS    5|9      GB/s)
[32m*** AMD      932[0m r[90m_[0m[34m512[0m[90m_[0m[91m32[0m[90m_[0m[31m32[0m[90m[0m                                    arg  4 mem   1.78 GB tm     15.76us/ 14661.12ms (    102 GFLOPS   67|274    GB/s)
[32m*** AMD      933[0m r[90m_[0m[34m9[0m[90m_[0m[34m8[0m[90m_[0m[36m16[0m[90m_[0m[36m2[0m[90m_[0m[36m4[0m[90m_[0m[31m8[0m[90m_[0m[35m4[0m[90m_[0m[35m4[0m[90m_[0m[35m4[0m[90m[0m                           arg  3 mem   1.78 GB tm     37.60us/ 14661.16ms (    253 GFLOPS   29|754    GB/s)
*** AMD      934 r[90m_[0m[34m9[0m[90m_[0m[34m8[0m[90m_[0m[36m16[0m[90m_[0m[36m2[0m[90m_[0m[36m4[0m[90m_[0m[31m8[0m[90m_[0m[35m4[0m[90m_[0m[35m4[0m[90m_[0m[35m4[0m[90m[0m                           arg  3 mem   1.78 GB tm     37.64us/ 14661.19ms (    253 GFLOPS   29|753    GB/s)
*** AMD      935 r[90m_[0m[91m16[0m[90m_[0m[91m2[0m[90m_[0m[35m4[0m[90m_[0m[35m4[0m[90m[0m                                     arg  2 mem   1.78 GB tm      9.00us/ 14661.20ms (      0 GFLOPS    0|1      GB/s)
[32m*** AMD      936[0m r[90m_[0m[34m8[0m[90m_[0m[34m3[0m[90m_[0m[36m16[0m[90m_[0m[91m4[0m[90m_[0m[91m4[0m[90m_[0m[33m4[0m[90m_[0m[33m3[0m[90m_[0m[31m16[0m[90m_[0m[35m4[0m[90m[0m                          arg  4 mem   1.78 GB tm     34.84us/ 14661.24ms (    307 GFLOPS   32|387    GB/s)
*** AMD      937 r[90m_[0m[34m8[0m[90m_[0m[34m3[0m[90m_[0m[36m16[0m[90m_[0m[91m4[0m[90m_[0m[91m4[0m[90m_[0m[33m4[0m[90m_[0m[33m3[0m[90m_[0m[31m16[0m[90m_[0m[35m4[0m[90m[0m                          arg  4 mem   1.78 GB tm     35.32us/ 14661.27ms (    303 GFLOPS   32|381    GB/s)
*** AMD      938 r[90m_[0m[91m16[0m[90m_[0m[31m2[0m[90m_[0m[35m4[0m[90m_[0m[35m4[0m[90mn1[0m                                   arg  3 mem   1.78 GB tm      9.48us/ 14661.28ms (      0 GFLOPS    0|0      GB/s)
*** AMD      939 r[90m_[0m[34m9[0m[90m_[0m[91m16[0m[90m_[0m[35m32[0m[90m[0m                                      arg  2 mem   1.78 GB tm      9.20us/ 14661.29ms (      1 GFLOPS    2|3      GB/s)
*** AMD      940 r[90m_[0m[34m9[0m[90m_[0m[91m16[0m[90m_[0m[35m32[0m[90m[0m                                      arg  2 mem   1.78 GB tm      8.44us/ 14661.30ms (      1 GFLOPS    2|3      GB/s)
*** AMD      941 E[90m_[0m[34m16[0m[90m_[0m[36m16[0m[90m_[0m[33m2[0m[90m[0m                                      arg  6 mem   1.78 GB tm      8.76us/ 14661.31ms (      0 GFLOPS    0|1      GB/s)
*** AMD      942 r[90m_[0m[34m9[0m[90m_[0m[91m16[0m[90m_[0m[31m32[0m[90mn1[0m                                    arg  3 mem   1.78 GB tm     10.08us/ 14661.32ms (      2 GFLOPS    2|3      GB/s)
*** AMD      943 r[90m_[0m[34m9[0m[90m_[0m[91m16[0m[90m_[0m[31m32[0m[90mn1[0m                                    arg  3 mem   1.78 GB tm      9.44us/ 14661.33ms (      2 GFLOPS    2|3      GB/s)
*** AMD      944 r[90m_[0m[34m1024[0m[90m_[0m[91m32[0m[90m_[0m[31m16[0m[90m[0m                                   arg  3 mem   1.78 GB tm     17.76us/ 14661.35ms (    135 GFLOPS   59|365    GB/s)
*** AMD      945 E[90m_[0m[34m9[0m[90m_[0m[34m2[0m[90m_[0m[36m16[0m[90m_[0m[36m16[0m[90m[0m                                    arg  6 mem   1.78 GB tm      8.52us/ 14661.35ms (      3 GFLOPS    5|9      GB/s)
*** AMD      946 E[90m_[0m[34m9[0m[90m_[0m[34m2[0m[90m_[0m[36m16[0m[90m_[0m[36m16[0m[90m[0m                                    arg  6 mem   1.78 GB tm      8.88us/ 14661.36ms (      3 GFLOPS    4|9      GB/s)
*** AMD      947 r[90m_[0m[34m512[0m[90m_[0m[91m32[0m[90m_[0m[31m32[0m[90m[0m                                    arg  4 mem   1.78 GB tm     16.80us/ 14661.38ms (     96 GFLOPS   63|257    GB/s)
*** AMD      948 r[90m_[0m[34m9[0m[90m_[0m[34m8[0m[90m_[0m[36m16[0m[90m_[0m[36m2[0m[90m_[0m[36m4[0m[90m_[0m[31m8[0m[90m_[0m[35m4[0m[90m_[0m[35m4[0m[90m_[0m[35m4[0m[90m[0m                           arg  3 mem   1.78 GB tm     37.44us/ 14661.42ms (    254 GFLOPS   29|757    GB/s)
*** AMD      949 r[90m_[0m[34m9[0m[90m_[0m[34m8[0m[90m_[0m[36m16[0m[90m_[0m[36m2[0m[90m_[0m[36m4[0m[90m_[0m[31m8[0m[90m_[0m[35m4[0m[90m_[0m[35m4[0m[90m_[0m[35m4[0m[90m[0m                           arg  3 mem   1.78 GB tm     37.44us/ 14661.45ms (    254 GFLOPS   29|757    GB/s)
*** AMD      950 r[90m_[0m[91m16[0m[90m_[0m[91m2[0m[90m_[0m[35m4[0m[90m_[0m[35m4[0m[90m[0m                                     arg  2 mem   1.78 GB tm      9.16us/ 14661.46ms (      0 GFLOPS    0|1      GB/s)
[32m*** AMD      951[0m r[90m_[0m[34m3[0m[90m_[0m[34m8[0m[90m_[0m[36m16[0m[90m_[0m[91m4[0m[90m_[0m[91m4[0m[90m_[0m[33m4[0m[90m_[0m[33m3[0m[90m_[0m[31m16[0m[90m_[0m[35m4[0m[90m[0m                          arg  8 mem   1.78 GB tm     36.52us/ 14661.50ms (    301 GFLOPS   31|381    GB/s)
*** AMD      952 r[90m_[0m[34m3[0m[90m_[0m[34m8[0m[90m_[0m[36m16[0m[90m_[0m[91m4[0m[90m_[0m[91m4[0m[90m_[0m[33m4[0m[90m_[0m[33m3[0m[90m_[0m[31m16[0m[90m_[0m[35m4[0m[90m[0m                          arg  8 mem   1.78 GB tm     35.96us/ 14661.54ms (    306 GFLOPS   32|387    GB/s)
*** AMD      953 r[90m_[0m[91m16[0m[90m_[0m[31m2[0m[90m_[0m[35m4[0m[90m_[0m[35m4[0m[90mn1[0m                                   arg  3 mem   1.78 GB tm      9.44us/ 14661.55ms (      0 GFLOPS    0|0      GB/s)
*** AMD      954 r[90m_[0m[34m9[0m[90m_[0m[91m16[0m[90m_[0m[35m32[0m[90m[0m                                      arg  2 mem   1.78 GB tm      8.96us/ 14661.55ms (      1 GFLOPS    2|3      GB/s)
*** AMD      955 r[90m_[0m[34m9[0m[90m_[0m[91m16[0m[90m_[0m[35m32[0m[90m[0m                                      arg  2 mem   1.78 GB tm      9.04us/ 14661.56ms (      1 GFLOPS    2|3      GB/s)
*** AMD      956 E[90m_[0m[34m16[0m[90m_[0m[36m16[0m[90m_[0m[33m2[0m[90m[0m                                      arg  6 mem   1.78 GB tm      8.32us/ 14661.57ms (      0 GFLOPS    0|1      GB/s)
*** AMD      957 r[90m_[0m[34m9[0m[90m_[0m[91m16[0m[90m_[0m[31m32[0m[90mn1[0m                                    arg  3 mem   1.78 GB tm      9.44us/ 14661.58ms (      2 GFLOPS    2|3      GB/s)
*** AMD      958 r[90m_[0m[34m9[0m[90m_[0m[91m16[0m[90m_[0m[31m32[0m[90mn1[0m                                    arg  3 mem   1.78 GB tm      9.32us/ 14661.59ms (      2 GFLOPS    2|3      GB/s)
*** AMD      959 r[90m_[0m[34m1024[0m[90m_[0m[91m32[0m[90m_[0m[31m16[0m[90m[0m                                   arg  3 mem   1.78 GB tm     17.84us/ 14661.61ms (    134 GFLOPS   59|364    GB/s)
*** AMD      960 E[90m_[0m[34m9[0m[90m_[0m[34m2[0m[90m_[0m[36m16[0m[90m_[0m[36m16[0m[90m[0m                                    arg  6 mem   1.78 GB tm      8.44us/ 14661.62ms (      3 GFLOPS    5|9      GB/s)
*** AMD      961 E[90m_[0m[34m9[0m[90m_[0m[34m2[0m[90m_[0m[36m16[0m[90m_[0m[36m16[0m[90m[0m                                    arg  6 mem   1.78 GB tm      8.40us/ 14661.63ms (      3 GFLOPS    5|9      GB/s)
*** AMD      962 r[90m_[0m[34m512[0m[90m_[0m[91m32[0m[90m_[0m[31m32[0m[90m[0m                                    arg  4 mem   1.78 GB tm     16.40us/ 14661.64ms (     98 GFLOPS   64|264    GB/s)
[32m*** AMD      963[0m r[90m_[0m[34m3[0m[90m_[0m[34m9[0m[90m_[0m[36m4[0m[90m_[0m[36m8[0m[90m_[0m[36m2[0m[90m_[0m[36m4[0m[90m_[0m[33m2[0m[90m_[0m[31m32[0m[90m_[0m[35m4[0m[90m_[0m[35m4[0m[90m[0m                         arg  4 mem   1.78 GB tm     49.92us/ 14661.69ms (    284 GFLOPS   33|569    GB/s)
*** AMD      964 r[90m_[0m[34m3[0m[90m_[0m[34m9[0m[90m_[0m[36m4[0m[90m_[0m[36m8[0m[90m_[0m[36m2[0m[90m_[0m[36m4[0m[90m_[0m[33m2[0m[90m_[0m[31m32[0m[90m_[0m[35m4[0m[90m_[0m[35m4[0m[90m[0m                         arg  4 mem   1.78 GB tm     50.08us/ 14661.74ms (    283 GFLOPS   33|567    GB/s)
[32m*** AMD      965[0m r[90m_[0m[34m8[0m[90m_[0m[34m9[0m[90m_[0m[91m4[0m[90m_[0m[31m16[0m[90m[0m                                     arg  2 mem   1.78 GB tm      8.64us/ 14661.75ms (      1 GFLOPS    2|3      GB/s)
[32m*** AMD      966[0m r[90m_[0m[34m9[0m[90m_[0m[34m8[0m[90m_[0m[91m4[0m[90m_[0m[31m4[0m[90m_[0m[35m4[0m[90m[0m                                    arg  2 mem   1.78 GB tm      8.56us/ 14661.76ms (      1 GFLOPS    2|3      GB/s)
[32m*** AMD      967[0m r[90m_[0m[34m8[0m[90m_[0m[34m3[0m[90m_[0m[91m4[0m[90m_[0m[36m3[0m[90m_[0m[31m16[0m[90m[0m                                   arg  2 mem   1.78 GB tm      8.48us/ 14661.77ms (      1 GFLOPS    2|3      GB/s)
[32m*** AMD      968[0m r[90m_[0m[34m8[0m[90m_[0m[34m3[0m[90m_[0m[91m4[0m[90m_[0m[36m3[0m[90m_[0m[31m4[0m[90m_[0m[35m4[0m[90m[0m                                  arg  2 mem   1.78 GB tm      8.44us/ 14661.78ms (      1 GFLOPS    2|3      GB/s)
[32m*** AMD      969[0m r[90m_[0m[34m9[0m[90m_[0m[34m4[0m[90m_[0m[91m8[0m[90m_[0m[36m2[0m[90m_[0m[31m8[0m[90m[0m                                    arg  3 mem   1.78 GB tm      8.68us/ 14661.78ms (      2 GFLOPS    2|5      GB/s)
[32m*** AMD      970[0m r[90m_[0m[34m9[0m[90m_[0m[34m8[0m[90m_[0m[91m4[0m[90m_[0m[31m4[0m[90m_[0m[35m4[0m[90mn1[0m                                  arg  3 mem   1.78 GB tm      8.72us/ 14661.79ms (      2 GFLOPS    2|3      GB/s)
[32m*** AMD      971[0m r[90m_[0m[34m8[0m[90m_[0m[34m3[0m[90m_[0m[91m8[0m[90m_[0m[36m3[0m[90m_[0m[31m8[0m[90m[0m                                    arg  3 mem   1.78 GB tm      8.56us/ 14661.80ms (      2 GFLOPS    2|5      GB/s)
[32m*** AMD      972[0m r[90m_[0m[34m8[0m[90m_[0m[34m9[0m[90m_[0m[91m4[0m[90m_[0m[31m4[0m[90m_[0m[35m4[0m[90m[0m                                    arg  3 mem   1.78 GB tm      8.80us/ 14661.81ms (      2 GFLOPS    2|3      GB/s)
[32m*** AMD      973[0m E[90m_[0m[34m4[0m[90m_[0m[34m9[0m[90m_[0m[34m2[0m[90m_[0m[36m16[0m[90m_[0m[36m2[0m[90m_[0m[33m2[0m[90m[0m                                 arg  7 mem   1.78 GB tm      8.52us/ 14661.82ms (      3 GFLOPS    4|7      GB/s)
[32m*** AMD      974[0m E[90m_[0m[34m8[0m[90m_[0m[34m8[0m[90m_[0m[36m8[0m[90m_[0m[36m3[0m[90m_[0m[33m3[0m[90m[0m                                    arg  7 mem   1.78 GB tm      8.44us/ 14661.83ms (      3 GFLOPS    4|9      GB/s)
[32m*** AMD      975[0m E[90m_[0m[34m8[0m[90m_[0m[34m9[0m[90m_[0m[36m4[0m[90m_[0m[36m4[0m[90m_[0m[33m4[0m[90m[0m                                    arg  6 mem   1.78 GB tm      8.32us/ 14661.84ms (      2 GFLOPS    5|6      GB/s)
[32m*** AMD      976[0m E[90m_[0m[34m8[0m[90m_[0m[34m9[0m[90m_[0m[36m16[0m[90m_[0m[33m4[0m[90m[0m                                     arg  6 mem   1.78 GB tm      8.44us/ 14661.84ms (      2 GFLOPS    4|5      GB/s)
[32m*** AMD      977[0m r[90m_[0m[34m8[0m[90m_[0m[34m9[0m[90m_[0m[34m3[0m[90m_[0m[91m8[0m[90m_[0m[36m3[0m[90m_[0m[31m8[0m[90m[0m                                  arg  4 mem   1.78 GB tm      9.48us/ 14661.85ms (     14 GFLOPS    4|58     GB/s)
[32m*** AMD      978[0m r[90m_[0m[34m9[0m[90m_[0m[34m8[0m[90m_[0m[34m3[0m[90m_[0m[91m8[0m[90m_[0m[36m3[0m[90m_[0m[31m8[0m[90m[0m                                  arg  4 mem   1.78 GB tm      9.88us/ 14661.86ms (     14 GFLOPS    4|55     GB/s)
[32m*** AMD      979[0m r[90m_[0m[34m36[0m[90m_[0m[33m2[0m[90m_[0m[31m9[0m[90m[0m                                       arg  2 mem   1.78 GB tm      8.20us/ 14661.87ms (      0 GFLOPS    0|0      GB/s)
*** AMD      980 r[90m_[0m[34m36[0m[90m_[0m[33m2[0m[90m_[0m[31m9[0m[90m[0m                                       arg  2 mem   1.78 GB tm      8.08us/ 14661.88ms (      0 GFLOPS    0|0      GB/s)
[32m*** AMD      981[0m r[90m_[0m[34m18[0m[90m_[0m[91m9[0m[90m_[0m[36m4[0m[90m[0m                                       arg  3 mem   1.78 GB tm      8.52us/ 14661.89ms (      1 GFLOPS    0|4      GB/s)
*** AMD      982 r[90m_[0m[34m18[0m[90m_[0m[91m9[0m[90m_[0m[36m4[0m[90m[0m                                       arg  3 mem   1.78 GB tm      8.64us/ 14661.90ms (      1 GFLOPS    0|4      GB/s)
[32m*** AMD      983[0m r[90m_[0m[34m9[0m[90m_[0m[34m4[0m[90m_[0m[34m4[0m[90m_[0m[36m16[0m[90m_[0m[36m2[0m[90m_[0m[35m9[0m[90m[0m                                 arg  5 mem   1.78 GB tm      9.52us/ 14661.91ms (     22 GFLOPS    8|20     GB/s)
*** AMD      984 r[90m_[0m[34m9[0m[90m_[0m[34m4[0m[90m_[0m[34m4[0m[90m_[0m[36m16[0m[90m_[0m[36m2[0m[90m_[0m[35m9[0m[90m[0m                                 arg  5 mem   1.78 GB tm      9.28us/ 14661.92ms (     23 GFLOPS    8|20     GB/s)
[32m*** AMD      985[0m r[90m_[0m[34m8[0m[90m_[0m[34m9[0m[90m_[0m[36m16[0m[90m_[0m[36m4[0m[90m_[0m[31m8[0m[90m_[0m[35m4[0m[90m_[0m[35m16[0m[90m[0m                              arg  5 mem   1.78 GB tm     38.16us/ 14661.95ms (    124 GFLOPS   15|372    GB/s)
*** AMD      986 r[90m_[0m[34m8[0m[90m_[0m[34m9[0m[90m_[0m[36m16[0m[90m_[0m[36m4[0m[90m_[0m[31m8[0m[90m_[0m[35m4[0m[90m_[0m[35m16[0m[90m[0m                              arg  5 mem   1.78 GB tm     37.96us/ 14661.99ms (    125 GFLOPS   15|374    GB/s)
*** AMD      987 r[90m_[0m[34m9[0m[90m_[0m[91m16[0m[90m_[0m[35m32[0m[90m[0m                                      arg  2 mem   1.78 GB tm      9.16us/ 14662.00ms (      1 GFLOPS    2|3      GB/s)
*** AMD      988 r[90m_[0m[34m9[0m[90m_[0m[91m16[0m[90m_[0m[35m32[0m[90m[0m                                      arg  2 mem   1.78 GB tm      9.08us/ 14662.01ms (      1 GFLOPS    2|3      GB/s)
*** AMD      989 r[90m_[0m[34m9[0m[90m_[0m[91m16[0m[90m_[0m[31m32[0m[90mn1[0m                                    arg  3 mem   1.78 GB tm      9.44us/ 14662.02ms (      2 GFLOPS    2|3      GB/s)
*** AMD      990 r[90m_[0m[34m9[0m[90m_[0m[91m16[0m[90m_[0m[31m32[0m[90mn1[0m                                    arg  3 mem   1.78 GB tm      9.60us/ 14662.03ms (      2 GFLOPS    2|3      GB/s)
*** AMD      991 E[90m_[0m[34m9[0m[90m_[0m[34m2[0m[90m_[0m[36m16[0m[90m_[0m[36m16[0m[90m[0m                                    arg  6 mem   1.78 GB tm      8.48us/ 14662.04ms (      3 GFLOPS    5|9      GB/s)
*** AMD      992 E[90m_[0m[34m9[0m[90m_[0m[34m2[0m[90m_[0m[36m16[0m[90m_[0m[36m16[0m[90m[0m                                    arg  6 mem   1.78 GB tm      8.36us/ 14662.05ms (      3 GFLOPS    5|9      GB/s)
[32m*** AMD      993[0m r[90m_[0m[34m8[0m[90m_[0m[34m9[0m[90m_[0m[36m16[0m[90m_[0m[36m2[0m[90m_[0m[36m4[0m[90m_[0m[31m8[0m[90m_[0m[35m4[0m[90m_[0m[35m4[0m[90m_[0m[35m4[0m[90m[0m                           arg  4 mem   1.78 GB tm     39.40us/ 14662.09ms (    242 GFLOPS   28|720    GB/s)
*** AMD      994 r[90m_[0m[34m8[0m[90m_[0m[34m9[0m[90m_[0m[36m16[0m[90m_[0m[36m2[0m[90m_[0m[36m4[0m[90m_[0m[31m8[0m[90m_[0m[35m4[0m[90m_[0m[35m4[0m[90m_[0m[35m4[0m[90m[0m                           arg  4 mem   1.78 GB tm     39.08us/ 14662.12ms (    244 GFLOPS   28|726    GB/s)
[32m*** AMD      995[0m r[90m_[0m[34m8[0m[90m_[0m[34m3[0m[90m_[0m[36m16[0m[90m_[0m[91m4[0m[90m_[0m[91m4[0m[90m_[0m[33m4[0m[90m_[0m[33m3[0m[90m_[0m[31m16[0m[90m_[0m[35m4[0m[90mn1[0m                        arg  5 mem   1.78 GB tm     35.24us/ 14662.16ms (    306 GFLOPS   32|384    GB/s)
*** AMD      996 r[90m_[0m[34m8[0m[90m_[0m[34m3[0m[90m_[0m[36m16[0m[90m_[0m[91m4[0m[90m_[0m[91m4[0m[90m_[0m[33m4[0m[90m_[0m[33m3[0m[90m_[0m[31m16[0m[90m_[0m[35m4[0m[90mn1[0m                        arg  5 mem   1.78 GB tm     35.40us/ 14662.20ms (    305 GFLOPS   32|382    GB/s)
*** AMD      997 r[90m_[0m[34m9[0m[90m_[0m[91m16[0m[90m_[0m[35m32[0m[90m[0m                                      arg  2 mem   1.78 GB tm      9.08us/ 14662.20ms (      1 GFLOPS    2|3      GB/s)
*** AMD      998 r[90m_[0m[34m9[0m[90m_[0m[91m16[0m[90m_[0m[35m32[0m[90m[0m                                      arg  2 mem   1.78 GB tm      8.88us/ 14662.21ms (      1 GFLOPS    2|3      GB/s)
*** AMD      999 r[90m_[0m[34m9[0m[90m_[0m[91m16[0m[90m_[0m[31m32[0m[90mn1[0m                                    arg  3 mem   1.78 GB tm      9.44us/ 14662.22ms (      2 GFLOPS    2|3      GB/s)
*** AMD     1000 r[90m_[0m[34m9[0m[90m_[0m[91m16[0m[90m_[0m[31m32[0m[90mn1[0m                                    arg  3 mem   1.78 GB tm      9.96us/ 14662.23ms (      2 GFLOPS    2|3      GB/s)
*** AMD     1001 E[90m_[0m[34m9[0m[90m_[0m[34m2[0m[90m_[0m[36m16[0m[90m_[0m[36m16[0m[90m[0m                                    arg  6 mem   1.78 GB tm      8.48us/ 14662.24ms (      3 GFLOPS    5|9      GB/s)
*** AMD     1002 E[90m_[0m[34m9[0m[90m_[0m[34m2[0m[90m_[0m[36m16[0m[90m_[0m[36m16[0m[90m[0m                                    arg  6 mem   1.78 GB tm      8.28us/ 14662.25ms (      3 GFLOPS    5|9      GB/s)
*** AMD     1003 r[90m_[0m[34m3[0m[90m_[0m[34m9[0m[90m_[0m[36m4[0m[90m_[0m[36m8[0m[90m_[0m[36m2[0m[90m_[0m[36m4[0m[90m_[0m[33m2[0m[90m_[0m[31m32[0m[90m_[0m[35m4[0m[90m_[0m[35m4[0m[90m[0m                         arg  4 mem   1.78 GB tm     50.88us/ 14662.30ms (    278 GFLOPS   32|558    GB/s)
*** AMD     1004 r[90m_[0m[34m3[0m[90m_[0m[34m9[0m[90m_[0m[36m4[0m[90m_[0m[36m8[0m[90m_[0m[36m2[0m[90m_[0m[36m4[0m[90m_[0m[33m2[0m[90m_[0m[31m32[0m[90m_[0m[35m4[0m[90m_[0m[35m4[0m[90m[0m                         arg  4 mem   1.78 GB tm     49.92us/ 14662.35ms (    284 GFLOPS   33|569    GB/s)
*** AMD     1005 r[90m_[0m[34m8[0m[90m_[0m[34m9[0m[90m_[0m[91m4[0m[90m_[0m[31m16[0m[90m[0m                                     arg  2 mem   1.78 GB tm      8.48us/ 14662.36ms (      1 GFLOPS    2|3      GB/s)
*** AMD     1006 r[90m_[0m[34m9[0m[90m_[0m[34m8[0m[90m_[0m[91m4[0m[90m_[0m[31m4[0m[90m_[0m[35m4[0m[90m[0m                                    arg  2 mem   1.78 GB tm      8.48us/ 14662.37ms (      1 GFLOPS    2|3      GB/s)
*** AMD     1007 r[90m_[0m[34m8[0m[90m_[0m[34m3[0m[90m_[0m[91m4[0m[90m_[0m[36m3[0m[90m_[0m[31m16[0m[90m[0m                                   arg  2 mem   1.78 GB tm      8.64us/ 14662.38ms (      1 GFLOPS    2|3      GB/s)
*** AMD     1008 r[90m_[0m[34m8[0m[90m_[0m[34m3[0m[90m_[0m[91m4[0m[90m_[0m[36m3[0m[90m_[0m[31m4[0m[90m_[0m[35m4[0m[90m[0m                                  arg  2 mem   1.78 GB tm      8.44us/ 14662.38ms (      1 GFLOPS    2|3      GB/s)
*** AMD     1009 r[90m_[0m[34m9[0m[90m_[0m[34m4[0m[90m_[0m[91m8[0m[90m_[0m[36m2[0m[90m_[0m[31m8[0m[90m[0m                                    arg  3 mem   1.78 GB tm      8.72us/ 14662.39ms (      2 GFLOPS    2|5      GB/s)
*** AMD     1010 r[90m_[0m[34m9[0m[90m_[0m[34m8[0m[90m_[0m[91m4[0m[90m_[0m[31m4[0m[90m_[0m[35m4[0m[90mn1[0m                                  arg  3 mem   1.78 GB tm      8.96us/ 14662.40ms (      2 GFLOPS    2|3      GB/s)
*** AMD     1011 r[90m_[0m[34m8[0m[90m_[0m[34m3[0m[90m_[0m[91m8[0m[90m_[0m[36m3[0m[90m_[0m[31m8[0m[90m[0m                                    arg  3 mem   1.78 GB tm      8.80us/ 14662.41ms (      2 GFLOPS    2|5      GB/s)
*** AMD     1012 r[90m_[0m[34m8[0m[90m_[0m[34m9[0m[90m_[0m[91m4[0m[90m_[0m[31m4[0m[90m_[0m[35m4[0m[90m[0m                                    arg  3 mem   1.78 GB tm      8.92us/ 14662.42ms (      2 GFLOPS    2|3      GB/s)
*** AMD     1013 E[90m_[0m[34m4[0m[90m_[0m[34m9[0m[90m_[0m[34m2[0m[90m_[0m[36m16[0m[90m_[0m[36m2[0m[90m_[0m[33m2[0m[90m[0m                                 arg  7 mem   1.78 GB tm      8.40us/ 14662.43ms (      3 GFLOPS    4|7      GB/s)
*** AMD     1014 E[90m_[0m[34m8[0m[90m_[0m[34m8[0m[90m_[0m[36m8[0m[90m_[0m[36m3[0m[90m_[0m[33m3[0m[90m[0m                                    arg  7 mem   1.78 GB tm      8.64us/ 14662.44ms (      3 GFLOPS    4|9      GB/s)
*** AMD     1015 E[90m_[0m[34m8[0m[90m_[0m[34m9[0m[90m_[0m[36m4[0m[90m_[0m[36m4[0m[90m_[0m[33m4[0m[90m[0m                                    arg  6 mem   1.78 GB tm      8.36us/ 14662.45ms (      2 GFLOPS    5|6      GB/s)
*** AMD     1016 E[90m_[0m[34m8[0m[90m_[0m[34m9[0m[90m_[0m[36m16[0m[90m_[0m[33m4[0m[90m[0m                                     arg  6 mem   1.78 GB tm      8.40us/ 14662.45ms (      2 GFLOPS    4|6      GB/s)
*** AMD     1017 r[90m_[0m[34m8[0m[90m_[0m[34m9[0m[90m_[0m[34m3[0m[90m_[0m[91m8[0m[90m_[0m[36m3[0m[90m_[0m[31m8[0m[90m[0m                                  arg  4 mem   1.78 GB tm      9.44us/ 14662.46ms (     14 GFLOPS    4|58     GB/s)
*** AMD     1018 r[90m_[0m[34m9[0m[90m_[0m[34m8[0m[90m_[0m[34m3[0m[90m_[0m[91m8[0m[90m_[0m[36m3[0m[90m_[0m[31m8[0m[90m[0m                                  arg  4 mem   1.78 GB tm      9.08us/ 14662.47ms (     15 GFLOPS    4|60     GB/s)
*** AMD     1019 r[90m_[0m[34m36[0m[90m_[0m[33m2[0m[90m_[0m[31m9[0m[90m[0m                                       arg  2 mem   1.78 GB tm      8.20us/ 14662.48ms (      0 GFLOPS    0|0      GB/s)
*** AMD     1020 r[90m_[0m[34m36[0m[90m_[0m[33m2[0m[90m_[0m[31m9[0m[90m[0m                                       arg  2 mem   1.78 GB tm      8.16us/ 14662.49ms (      0 GFLOPS    0|0      GB/s)
*** AMD     1021 r[90m_[0m[34m18[0m[90m_[0m[91m9[0m[90m_[0m[36m4[0m[90m[0m                                       arg  3 mem   1.78 GB tm      8.52us/ 14662.50ms (      1 GFLOPS    0|4      GB/s)
*** AMD     1022 r[90m_[0m[34m18[0m[90m_[0m[91m9[0m[90m_[0m[36m4[0m[90m[0m                                       arg  3 mem   1.78 GB tm      8.60us/ 14662.51ms (      1 GFLOPS    0|4      GB/s)
*** AMD     1023 r[90m_[0m[34m9[0m[90m_[0m[34m4[0m[90m_[0m[34m4[0m[90m_[0m[36m16[0m[90m_[0m[36m2[0m[90m_[0m[35m9[0m[90m[0m                                 arg  5 mem   1.78 GB tm      9.48us/ 14662.51ms (     22 GFLOPS    8|20     GB/s)
*** AMD     1024 r[90m_[0m[34m9[0m[90m_[0m[34m4[0m[90m_[0m[34m4[0m[90m_[0m[36m16[0m[90m_[0m[36m2[0m[90m_[0m[35m9[0m[90m[0m                                 arg  5 mem   1.78 GB tm      9.28us/ 14662.52ms (     23 GFLOPS    8|20     GB/s)
*** AMD     1025 r[90m_[0m[34m8[0m[90m_[0m[34m9[0m[90m_[0m[36m16[0m[90m_[0m[36m4[0m[90m_[0m[31m8[0m[90m_[0m[35m4[0m[90m_[0m[35m16[0m[90m[0m                              arg  5 mem   1.78 GB tm     38.16us/ 14662.56ms (    124 GFLOPS   15|372    GB/s)
*** AMD     1026 r[90m_[0m[34m8[0m[90m_[0m[34m9[0m[90m_[0m[36m16[0m[90m_[0m[36m4[0m[90m_[0m[31m8[0m[90m_[0m[35m4[0m[90m_[0m[35m16[0m[90m[0m                              arg  5 mem   1.78 GB tm     37.88us/ 14662.60ms (    125 GFLOPS   15|375    GB/s)
*** AMD     1027 r[90m_[0m[34m9[0m[90m_[0m[91m16[0m[90m_[0m[35m32[0m[90m[0m                                      arg  2 mem   1.78 GB tm      9.00us/ 14662.61ms (      1 GFLOPS    2|3      GB/s)
*** AMD     1028 r[90m_[0m[34m9[0m[90m_[0m[91m16[0m[90m_[0m[35m32[0m[90m[0m                                      arg  2 mem   1.78 GB tm      8.92us/ 14662.62ms (      1 GFLOPS    2|3      GB/s)
*** AMD     1029 r[90m_[0m[34m9[0m[90m_[0m[91m16[0m[90m_[0m[31m32[0m[90mn1[0m                                    arg  3 mem   1.78 GB tm      9.32us/ 14662.63ms (      2 GFLOPS    2|3      GB/s)
*** AMD     1030 r[90m_[0m[34m9[0m[90m_[0m[91m16[0m[90m_[0m[31m32[0m[90mn1[0m                                    arg  3 mem   1.78 GB tm      9.36us/ 14662.64ms (      2 GFLOPS    2|3      GB/s)
*** AMD     1031 E[90m_[0m[34m9[0m[90m_[0m[34m2[0m[90m_[0m[36m16[0m[90m_[0m[36m16[0m[90m[0m                                    arg  6 mem   1.78 GB tm      8.40us/ 14662.65ms (      3 GFLOPS    5|9      GB/s)
*** AMD     1032 E[90m_[0m[34m9[0m[90m_[0m[34m2[0m[90m_[0m[36m16[0m[90m_[0m[36m16[0m[90m[0m                                    arg  6 mem   1.78 GB tm      8.28us/ 14662.65ms (      3 GFLOPS    5|9      GB/s)
*** AMD     1033 r[90m_[0m[34m8[0m[90m_[0m[34m9[0m[90m_[0m[36m16[0m[90m_[0m[36m2[0m[90m_[0m[36m4[0m[90m_[0m[31m8[0m[90m_[0m[35m4[0m[90m_[0m[35m4[0m[90m_[0m[35m4[0m[90m[0m                           arg  4 mem   1.78 GB tm     38.76us/ 14662.69ms (    246 GFLOPS   29|732    GB/s)
*** AMD     1034 r[90m_[0m[34m8[0m[90m_[0m[34m9[0m[90m_[0m[36m16[0m[90m_[0m[36m2[0m[90m_[0m[36m4[0m[90m_[0m[31m8[0m[90m_[0m[35m4[0m[90m_[0m[35m4[0m[90m_[0m[35m4[0m[90m[0m                           arg  4 mem   1.78 GB tm     39.16us/ 14662.73ms (    243 GFLOPS   28|724    GB/s)
*** AMD     1035 r[90m_[0m[34m8[0m[90m_[0m[34m3[0m[90m_[0m[36m16[0m[90m_[0m[91m4[0m[90m_[0m[91m4[0m[90m_[0m[33m4[0m[90m_[0m[33m3[0m[90m_[0m[31m16[0m[90m_[0m[35m4[0m[90mn1[0m                        arg  5 mem   1.78 GB tm     35.32us/ 14662.77ms (    305 GFLOPS   32|383    GB/s)
*** AMD     1036 r[90m_[0m[34m8[0m[90m_[0m[34m3[0m[90m_[0m[36m16[0m[90m_[0m[91m4[0m[90m_[0m[91m4[0m[90m_[0m[33m4[0m[90m_[0m[33m3[0m[90m_[0m[31m16[0m[90m_[0m[35m4[0m[90mn1[0m                        arg  5 mem   1.78 GB tm     35.56us/ 14662.80ms (    303 GFLOPS   32|380    GB/s)
*** AMD     1037 r[90m_[0m[34m9[0m[90m_[0m[91m16[0m[90m_[0m[35m32[0m[90m[0m                                      arg  2 mem   1.78 GB tm      9.12us/ 14662.81ms (      1 GFLOPS    2|3      GB/s)
*** AMD     1038 r[90m_[0m[34m9[0m[90m_[0m[91m16[0m[90m_[0m[35m32[0m[90m[0m                                      arg  2 mem   1.78 GB tm      9.00us/ 14662.82ms (      1 GFLOPS    2|3      GB/s)
*** AMD     1039 r[90m_[0m[34m9[0m[90m_[0m[91m16[0m[90m_[0m[31m32[0m[90mn1[0m                                    arg  3 mem   1.78 GB tm      9.40us/ 14662.83ms (      2 GFLOPS    2|3      GB/s)
*** AMD     1040 r[90m_[0m[34m9[0m[90m_[0m[91m16[0m[90m_[0m[31m32[0m[90mn1[0m                                    arg  3 mem   1.78 GB tm      9.28us/ 14662.84ms (      2 GFLOPS    2|3      GB/s)
*** AMD     1041 E[90m_[0m[34m9[0m[90m_[0m[34m2[0m[90m_[0m[36m16[0m[90m_[0m[36m16[0m[90m[0m                                    arg  6 mem   1.78 GB tm      8.36us/ 14662.85ms (      3 GFLOPS    5|9      GB/s)
*** AMD     1042 E[90m_[0m[34m9[0m[90m_[0m[34m2[0m[90m_[0m[36m16[0m[90m_[0m[36m16[0m[90m[0m                                    arg  6 mem   1.78 GB tm      8.36us/ 14662.86ms (      3 GFLOPS    5|9      GB/s)
*** AMD     1043 r[90m_[0m[34m3[0m[90m_[0m[34m9[0m[90m_[0m[36m4[0m[90m_[0m[36m8[0m[90m_[0m[36m2[0m[90m_[0m[36m4[0m[90m_[0m[33m2[0m[90m_[0m[31m32[0m[90m_[0m[35m4[0m[90m_[0m[35m4[0m[90m[0m                         arg  4 mem   1.78 GB tm     50.96us/ 14662.91ms (    278 GFLOPS   32|557    GB/s)
*** AMD     1044 r[90m_[0m[34m3[0m[90m_[0m[34m9[0m[90m_[0m[36m4[0m[90m_[0m[36m8[0m[90m_[0m[36m2[0m[90m_[0m[36m4[0m[90m_[0m[33m2[0m[90m_[0m[31m32[0m[90m_[0m[35m4[0m[90m_[0m[35m4[0m[90m[0m                         arg  4 mem   1.78 GB tm     49.84us/ 14662.96ms (    284 GFLOPS   33|570    GB/s)
*** AMD     1045 r[90m_[0m[34m8[0m[90m_[0m[34m9[0m[90m_[0m[91m4[0m[90m_[0m[31m16[0m[90m[0m                                     arg  2 mem   1.78 GB tm      8.64us/ 14662.97ms (      1 GFLOPS    2|3      GB/s)
*** AMD     1046 r[90m_[0m[34m9[0m[90m_[0m[34m8[0m[90m_[0m[91m4[0m[90m_[0m[31m4[0m[90m_[0m[35m4[0m[90m[0m                                    arg  2 mem   1.78 GB tm      8.44us/ 14662.97ms (      1 GFLOPS    2|3      GB/s)
*** AMD     1047 r[90m_[0m[34m8[0m[90m_[0m[34m3[0m[90m_[0m[91m4[0m[90m_[0m[36m3[0m[90m_[0m[31m16[0m[90m[0m                                   arg  2 mem   1.78 GB tm      8.60us/ 14662.98ms (      1 GFLOPS    2|3      GB/s)
*** AMD     1048 r[90m_[0m[34m8[0m[90m_[0m[34m3[0m[90m_[0m[91m4[0m[90m_[0m[36m3[0m[90m_[0m[31m4[0m[90m_[0m[35m4[0m[90m[0m                                  arg  2 mem   1.78 GB tm      8.56us/ 14662.99ms (      1 GFLOPS    2|3      GB/s)
*** AMD     1049 r[90m_[0m[34m9[0m[90m_[0m[34m4[0m[90m_[0m[91m8[0m[90m_[0m[36m2[0m[90m_[0m[31m8[0m[90m[0m                                    arg  3 mem   1.78 GB tm      8.68us/ 14663.00ms (      2 GFLOPS    2|5      GB/s)
*** AMD     1050 r[90m_[0m[34m9[0m[90m_[0m[34m8[0m[90m_[0m[91m4[0m[90m_[0m[31m4[0m[90m_[0m[35m4[0m[90mn1[0m                                  arg  3 mem   1.78 GB tm      8.76us/ 14663.01ms (      2 GFLOPS    2|3      GB/s)
*** AMD     1051 r[90m_[0m[34m8[0m[90m_[0m[34m3[0m[90m_[0m[91m8[0m[90m_[0m[36m3[0m[90m_[0m[31m8[0m[90m[0m                                    arg  3 mem   1.78 GB tm      8.80us/ 14663.02ms (      2 GFLOPS    2|5      GB/s)
*** AMD     1052 r[90m_[0m[34m8[0m[90m_[0m[34m9[0m[90m_[0m[91m4[0m[90m_[0m[31m4[0m[90m_[0m[35m4[0m[90m[0m                                    arg  3 mem   1.78 GB tm      8.88us/ 14663.03ms (      2 GFLOPS    2|3      GB/s)
*** AMD     1053 E[90m_[0m[34m4[0m[90m_[0m[34m9[0m[90m_[0m[34m2[0m[90m_[0m[36m16[0m[90m_[0m[36m2[0m[90m_[0m[33m2[0m[90m[0m                                 arg  7 mem   1.78 GB tm      8.48us/ 14663.03ms (      3 GFLOPS    4|7      GB/s)
*** AMD     1054 E[90m_[0m[34m8[0m[90m_[0m[34m8[0m[90m_[0m[36m8[0m[90m_[0m[36m3[0m[90m_[0m[33m3[0m[90m[0m                                    arg  7 mem   1.78 GB tm      8.32us/ 14663.04ms (      3 GFLOPS    5|9      GB/s)
*** AMD     1055 E[90m_[0m[34m8[0m[90m_[0m[34m9[0m[90m_[0m[36m4[0m[90m_[0m[36m4[0m[90m_[0m[33m4[0m[90m[0m                                    arg  6 mem   1.78 GB tm      8.32us/ 14663.05ms (      2 GFLOPS    5|6      GB/s)
*** AMD     1056 E[90m_[0m[34m8[0m[90m_[0m[34m9[0m[90m_[0m[36m16[0m[90m_[0m[33m4[0m[90m[0m                                     arg  6 mem   1.78 GB tm      8.24us/ 14663.06ms (      2 GFLOPS    5|6      GB/s)
*** AMD     1057 r[90m_[0m[34m8[0m[90m_[0m[34m9[0m[90m_[0m[34m3[0m[90m_[0m[91m8[0m[90m_[0m[36m3[0m[90m_[0m[31m8[0m[90m[0m                                  arg  4 mem   1.78 GB tm      9.20us/ 14663.07ms (     15 GFLOPS    4|60     GB/s)
*** AMD     1058 r[90m_[0m[34m9[0m[90m_[0m[34m8[0m[90m_[0m[34m3[0m[90m_[0m[91m8[0m[90m_[0m[36m3[0m[90m_[0m[31m8[0m[90m[0m                                  arg  4 mem   1.78 GB tm      9.08us/ 14663.08ms (     15 GFLOPS    4|60     GB/s)
*** AMD     1059 r[90m_[0m[34m36[0m[90m_[0m[33m2[0m[90m_[0m[31m9[0m[90m[0m                                       arg  2 mem   1.78 GB tm      8.16us/ 14663.09ms (      0 GFLOPS    0|0      GB/s)
*** AMD     1060 r[90m_[0m[34m36[0m[90m_[0m[33m2[0m[90m_[0m[31m9[0m[90m[0m                                       arg  2 mem   1.78 GB tm      8.12us/ 14663.09ms (      0 GFLOPS    0|0      GB/s)
*** AMD     1061 r[90m_[0m[34m18[0m[90m_[0m[91m9[0m[90m_[0m[36m4[0m[90m[0m                                       arg  3 mem   1.78 GB tm      8.64us/ 14663.10ms (      1 GFLOPS    0|4      GB/s)
*** AMD     1062 r[90m_[0m[34m18[0m[90m_[0m[91m9[0m[90m_[0m[36m4[0m[90m[0m                                       arg  3 mem   1.78 GB tm      8.48us/ 14663.11ms (      1 GFLOPS    0|4      GB/s)
*** AMD     1063 r[90m_[0m[34m9[0m[90m_[0m[34m4[0m[90m_[0m[34m4[0m[90m_[0m[36m16[0m[90m_[0m[36m2[0m[90m_[0m[35m9[0m[90m[0m                                 arg  5 mem   1.78 GB tm      9.40us/ 14663.12ms (     23 GFLOPS    8|20     GB/s)
*** AMD     1064 r[90m_[0m[34m9[0m[90m_[0m[34m4[0m[90m_[0m[34m4[0m[90m_[0m[36m16[0m[90m_[0m[36m2[0m[90m_[0m[35m9[0m[90m[0m                                 arg  5 mem   1.78 GB tm      9.40us/ 14663.13ms (     23 GFLOPS    8|20     GB/s)
*** AMD     1065 r[90m_[0m[34m8[0m[90m_[0m[34m9[0m[90m_[0m[36m16[0m[90m_[0m[36m4[0m[90m_[0m[31m8[0m[90m_[0m[35m4[0m[90m_[0m[35m16[0m[90m[0m                              arg  5 mem   1.78 GB tm     38.24us/ 14663.17ms (    124 GFLOPS   15|371    GB/s)
*** AMD     1066 r[90m_[0m[34m8[0m[90m_[0m[34m9[0m[90m_[0m[36m16[0m[90m_[0m[36m4[0m[90m_[0m[31m8[0m[90m_[0m[35m4[0m[90m_[0m[35m16[0m[90m[0m                              arg  5 mem   1.78 GB tm     38.36us/ 14663.21ms (    123 GFLOPS   15|370    GB/s)
*** AMD     1067 r[90m_[0m[34m9[0m[90m_[0m[91m16[0m[90m_[0m[35m32[0m[90m[0m                                      arg  2 mem   1.78 GB tm      9.00us/ 14663.22ms (      1 GFLOPS    2|3      GB/s)
*** AMD     1068 r[90m_[0m[34m9[0m[90m_[0m[91m16[0m[90m_[0m[35m32[0m[90m[0m                                      arg  2 mem   1.78 GB tm      9.00us/ 14663.22ms (      1 GFLOPS    2|3      GB/s)
*** AMD     1069 r[90m_[0m[34m9[0m[90m_[0m[91m16[0m[90m_[0m[31m32[0m[90mn1[0m                                    arg  3 mem   1.78 GB tm      9.44us/ 14663.23ms (      2 GFLOPS    2|3      GB/s)
*** AMD     1070 r[90m_[0m[34m9[0m[90m_[0m[91m16[0m[90m_[0m[31m32[0m[90mn1[0m                                    arg  3 mem   1.78 GB tm      9.44us/ 14663.24ms (      2 GFLOPS    2|3      GB/s)
*** AMD     1071 E[90m_[0m[34m9[0m[90m_[0m[34m2[0m[90m_[0m[36m16[0m[90m_[0m[36m16[0m[90m[0m                                    arg  6 mem   1.78 GB tm      8.32us/ 14663.25ms (      3 GFLOPS    5|9      GB/s)
*** AMD     1072 E[90m_[0m[34m9[0m[90m_[0m[34m2[0m[90m_[0m[36m16[0m[90m_[0m[36m16[0m[90m[0m                                    arg  6 mem   1.78 GB tm      8.40us/ 14663.26ms (      3 GFLOPS    5|9      GB/s)
*** AMD     1073 r[90m_[0m[34m8[0m[90m_[0m[34m9[0m[90m_[0m[36m16[0m[90m_[0m[36m2[0m[90m_[0m[36m4[0m[90m_[0m[31m8[0m[90m_[0m[35m4[0m[90m_[0m[35m4[0m[90m_[0m[35m4[0m[90m[0m                           arg  4 mem   1.78 GB tm     40.04us/ 14663.30ms (    238 GFLOPS   28|708    GB/s)
*** AMD     1074 r[90m_[0m[34m8[0m[90m_[0m[34m9[0m[90m_[0m[36m16[0m[90m_[0m[36m2[0m[90m_[0m[36m4[0m[90m_[0m[31m8[0m[90m_[0m[35m4[0m[90m_[0m[35m4[0m[90m_[0m[35m4[0m[90m[0m                           arg  4 mem   1.78 GB tm     39.44us/ 14663.34ms (    241 GFLOPS   28|719    GB/s)
*** AMD     1075 r[90m_[0m[34m8[0m[90m_[0m[34m3[0m[90m_[0m[36m16[0m[90m_[0m[91m4[0m[90m_[0m[91m4[0m[90m_[0m[33m4[0m[90m_[0m[33m3[0m[90m_[0m[31m16[0m[90m_[0m[35m4[0m[90mn1[0m                        arg  5 mem   1.78 GB tm     35.48us/ 14663.38ms (    304 GFLOPS   32|381    GB/s)
*** AMD     1076 r[90m_[0m[34m8[0m[90m_[0m[34m3[0m[90m_[0m[36m16[0m[90m_[0m[91m4[0m[90m_[0m[91m4[0m[90m_[0m[33m4[0m[90m_[0m[33m3[0m[90m_[0m[31m16[0m[90m_[0m[35m4[0m[90mn1[0m                        arg  5 mem   1.78 GB tm     35.20us/ 14663.41ms (    306 GFLOPS   32|384    GB/s)
*** AMD     1077 r[90m_[0m[34m9[0m[90m_[0m[91m16[0m[90m_[0m[35m32[0m[90m[0m                                      arg  2 mem   1.78 GB tm      9.00us/ 14663.42ms (      1 GFLOPS    2|3      GB/s)
*** AMD     1078 r[90m_[0m[34m9[0m[90m_[0m[91m16[0m[90m_[0m[35m32[0m[90m[0m                                      arg  2 mem   1.78 GB tm      9.04us/ 14663.43ms (      1 GFLOPS    2|3      GB/s)
*** AMD     1079 r[90m_[0m[34m9[0m[90m_[0m[91m16[0m[90m_[0m[31m32[0m[90mn1[0m                                    arg  3 mem   1.78 GB tm      9.32us/ 14663.44ms (      2 GFLOPS    2|3      GB/s)
*** AMD     1080 r[90m_[0m[34m9[0m[90m_[0m[91m16[0m[90m_[0m[31m32[0m[90mn1[0m                                    arg  3 mem   1.78 GB tm      9.28us/ 14663.45ms (      2 GFLOPS    2|3      GB/s)
*** AMD     1081 E[90m_[0m[34m9[0m[90m_[0m[34m2[0m[90m_[0m[36m16[0m[90m_[0m[36m16[0m[90m[0m                                    arg  6 mem   1.78 GB tm      8.52us/ 14663.46ms (      3 GFLOPS    5|9      GB/s)
*** AMD     1082 E[90m_[0m[34m9[0m[90m_[0m[34m2[0m[90m_[0m[36m16[0m[90m_[0m[36m16[0m[90m[0m                                    arg  6 mem   1.78 GB tm      8.44us/ 14663.46ms (      3 GFLOPS    5|9      GB/s)
*** AMD     1083 r[90m_[0m[34m3[0m[90m_[0m[34m9[0m[90m_[0m[36m4[0m[90m_[0m[36m8[0m[90m_[0m[36m2[0m[90m_[0m[36m4[0m[90m_[0m[33m2[0m[90m_[0m[31m32[0m[90m_[0m[35m4[0m[90m_[0m[35m4[0m[90m[0m                         arg  4 mem   1.78 GB tm     50.20us/ 14663.51ms (    282 GFLOPS   33|566    GB/s)
*** AMD     1084 r[90m_[0m[34m3[0m[90m_[0m[34m9[0m[90m_[0m[36m4[0m[90m_[0m[36m8[0m[90m_[0m[36m2[0m[90m_[0m[36m4[0m[90m_[0m[33m2[0m[90m_[0m[31m32[0m[90m_[0m[35m4[0m[90m_[0m[35m4[0m[90m[0m                         arg  4 mem   1.78 GB tm     50.04us/ 14663.56ms (    283 GFLOPS   33|567    GB/s)
*** AMD     1085 r[90m_[0m[34m8[0m[90m_[0m[34m9[0m[90m_[0m[91m4[0m[90m_[0m[31m16[0m[90m[0m                                     arg  2 mem   1.78 GB tm      8.48us/ 14663.57ms (      1 GFLOPS    2|3      GB/s)
*** AMD     1086 r[90m_[0m[34m9[0m[90m_[0m[34m8[0m[90m_[0m[91m4[0m[90m_[0m[31m4[0m[90m_[0m[35m4[0m[90m[0m                                    arg  2 mem   1.78 GB tm      8.56us/ 14663.58ms (      1 GFLOPS    2|3      GB/s)
*** AMD     1087 r[90m_[0m[34m8[0m[90m_[0m[34m3[0m[90m_[0m[91m4[0m[90m_[0m[36m3[0m[90m_[0m[31m16[0m[90m[0m                                   arg  2 mem   1.78 GB tm      8.60us/ 14663.59ms (      1 GFLOPS    2|3      GB/s)
*** AMD     1088 r[90m_[0m[34m8[0m[90m_[0m[34m3[0m[90m_[0m[91m4[0m[90m_[0m[36m3[0m[90m_[0m[31m4[0m[90m_[0m[35m4[0m[90m[0m                                  arg  2 mem   1.78 GB tm      8.56us/ 14663.60ms (      1 GFLOPS    2|3      GB/s)
*** AMD     1089 r[90m_[0m[34m9[0m[90m_[0m[34m4[0m[90m_[0m[91m8[0m[90m_[0m[36m2[0m[90m_[0m[31m8[0m[90m[0m                                    arg  3 mem   1.78 GB tm      8.64us/ 14663.61ms (      2 GFLOPS    2|5      GB/s)
*** AMD     1090 r[90m_[0m[34m9[0m[90m_[0m[34m8[0m[90m_[0m[91m4[0m[90m_[0m[31m4[0m[90m_[0m[35m4[0m[90mn1[0m                                  arg  3 mem   1.78 GB tm      8.68us/ 14663.62ms (      2 GFLOPS    2|3      GB/s)
*** AMD     1091 r[90m_[0m[34m8[0m[90m_[0m[34m3[0m[90m_[0m[91m8[0m[90m_[0m[36m3[0m[90m_[0m[31m8[0m[90m[0m                                    arg  3 mem   1.78 GB tm      8.60us/ 14663.62ms (      2 GFLOPS    2|5      GB/s)
*** AMD     1092 r[90m_[0m[34m8[0m[90m_[0m[34m9[0m[90m_[0m[91m4[0m[90m_[0m[31m4[0m[90m_[0m[35m4[0m[90m[0m                                    arg  3 mem   1.78 GB tm      8.84us/ 14663.63ms (      2 GFLOPS    2|3      GB/s)
*** AMD     1093 E[90m_[0m[34m4[0m[90m_[0m[34m9[0m[90m_[0m[34m2[0m[90m_[0m[36m16[0m[90m_[0m[36m2[0m[90m_[0m[33m2[0m[90m[0m                                 arg  7 mem   1.78 GB tm      8.36us/ 14663.64ms (      3 GFLOPS    5|7      GB/s)
*** AMD     1094 E[90m_[0m[34m8[0m[90m_[0m[34m8[0m[90m_[0m[36m8[0m[90m_[0m[36m3[0m[90m_[0m[33m3[0m[90m[0m                                    arg  7 mem   1.78 GB tm      8.44us/ 14663.65ms (      3 GFLOPS    4|9      GB/s)
*** AMD     1095 E[90m_[0m[34m8[0m[90m_[0m[34m9[0m[90m_[0m[36m4[0m[90m_[0m[36m4[0m[90m_[0m[33m4[0m[90m[0m                                    arg  6 mem   1.78 GB tm      8.76us/ 14663.66ms (      2 GFLOPS    4|5      GB/s)
*** AMD     1096 E[90m_[0m[34m8[0m[90m_[0m[34m9[0m[90m_[0m[36m16[0m[90m_[0m[33m4[0m[90m[0m                                     arg  6 mem   1.78 GB tm      8.20us/ 14663.67ms (      2 GFLOPS    5|6      GB/s)
*** AMD     1097 r[90m_[0m[34m8[0m[90m_[0m[34m9[0m[90m_[0m[34m3[0m[90m_[0m[91m8[0m[90m_[0m[36m3[0m[90m_[0m[31m8[0m[90m[0m                                  arg  4 mem   1.78 GB tm      9.40us/ 14663.68ms (     14 GFLOPS    4|58     GB/s)
*** AMD     1098 r[90m_[0m[34m9[0m[90m_[0m[34m8[0m[90m_[0m[34m3[0m[90m_[0m[91m8[0m[90m_[0m[36m3[0m[90m_[0m[31m8[0m[90m[0m                                  arg  4 mem   1.78 GB tm      9.08us/ 14663.69ms (     15 GFLOPS    4|60     GB/s)
*** AMD     1099 r[90m_[0m[34m36[0m[90m_[0m[33m2[0m[90m_[0m[31m9[0m[90m[0m                                       arg  2 mem   1.78 GB tm      8.04us/ 14663.69ms (      0 GFLOPS    0|0      GB/s)
*** AMD     1100 r[90m_[0m[34m36[0m[90m_[0m[33m2[0m[90m_[0m[31m9[0m[90m[0m                                       arg  2 mem   1.78 GB tm      8.12us/ 14663.70ms (      0 GFLOPS    0|0      GB/s)
*** AMD     1101 r[90m_[0m[34m18[0m[90m_[0m[91m9[0m[90m_[0m[36m4[0m[90m[0m                                       arg  3 mem   1.78 GB tm      8.64us/ 14663.71ms (      1 GFLOPS    0|4      GB/s)
*** AMD     1102 r[90m_[0m[34m18[0m[90m_[0m[91m9[0m[90m_[0m[36m4[0m[90m[0m                                       arg  3 mem   1.78 GB tm      8.56us/ 14663.72ms (      1 GFLOPS    0|4      GB/s)
*** AMD     1103 r[90m_[0m[34m9[0m[90m_[0m[34m4[0m[90m_[0m[34m4[0m[90m_[0m[36m16[0m[90m_[0m[36m2[0m[90m_[0m[35m9[0m[90m[0m                                 arg  5 mem   1.78 GB tm      9.48us/ 14663.73ms (     22 GFLOPS    8|20     GB/s)
*** AMD     1104 r[90m_[0m[34m9[0m[90m_[0m[34m4[0m[90m_[0m[34m4[0m[90m_[0m[36m16[0m[90m_[0m[36m2[0m[90m_[0m[35m9[0m[90m[0m                                 arg  5 mem   1.78 GB tm      9.24us/ 14663.74ms (     23 GFLOPS    8|20     GB/s)
*** AMD     1105 r[90m_[0m[34m8[0m[90m_[0m[34m9[0m[90m_[0m[36m16[0m[90m_[0m[36m4[0m[90m_[0m[31m8[0m[90m_[0m[35m4[0m[90m_[0m[35m16[0m[90m[0m                              arg  5 mem   1.78 GB tm     37.92us/ 14663.78ms (    125 GFLOPS   15|375    GB/s)
*** AMD     1106 r[90m_[0m[34m8[0m[90m_[0m[34m9[0m[90m_[0m[36m16[0m[90m_[0m[36m4[0m[90m_[0m[31m8[0m[90m_[0m[35m4[0m[90m_[0m[35m16[0m[90m[0m                              arg  5 mem   1.78 GB tm     38.04us/ 14663.81ms (    124 GFLOPS   15|373    GB/s)
*** AMD     1107 r[90m_[0m[34m9[0m[90m_[0m[91m16[0m[90m_[0m[35m32[0m[90m[0m                                      arg  2 mem   1.78 GB tm      9.16us/ 14663.82ms (      1 GFLOPS    2|3      GB/s)
*** AMD     1108 r[90m_[0m[34m9[0m[90m_[0m[91m16[0m[90m_[0m[35m32[0m[90m[0m                                      arg  2 mem   1.78 GB tm      9.08us/ 14663.83ms (      1 GFLOPS    2|3      GB/s)
*** AMD     1109 r[90m_[0m[34m9[0m[90m_[0m[91m16[0m[90m_[0m[31m32[0m[90mn1[0m                                    arg  3 mem   1.78 GB tm      9.48us/ 14663.84ms (      2 GFLOPS    2|3      GB/s)
*** AMD     1110 r[90m_[0m[34m9[0m[90m_[0m[91m16[0m[90m_[0m[31m32[0m[90mn1[0m                                    arg  3 mem   1.78 GB tm      9.32us/ 14663.85ms (      2 GFLOPS    2|3      GB/s)
*** AMD     1111 E[90m_[0m[34m9[0m[90m_[0m[34m2[0m[90m_[0m[36m16[0m[90m_[0m[36m16[0m[90m[0m                                    arg  6 mem   1.78 GB tm      8.44us/ 14663.86ms (      3 GFLOPS    5|9      GB/s)
*** AMD     1112 E[90m_[0m[34m9[0m[90m_[0m[34m2[0m[90m_[0m[36m16[0m[90m_[0m[36m16[0m[90m[0m                                    arg  6 mem   1.78 GB tm      8.32us/ 14663.87ms (      3 GFLOPS    5|9      GB/s)
*** AMD     1113 r[90m_[0m[34m8[0m[90m_[0m[34m9[0m[90m_[0m[36m16[0m[90m_[0m[36m2[0m[90m_[0m[36m4[0m[90m_[0m[31m8[0m[90m_[0m[35m4[0m[90m_[0m[35m4[0m[90m_[0m[35m4[0m[90m[0m                           arg  4 mem   1.78 GB tm     39.16us/ 14663.91ms (    243 GFLOPS   28|724    GB/s)
*** AMD     1114 r[90m_[0m[34m8[0m[90m_[0m[34m9[0m[90m_[0m[36m16[0m[90m_[0m[36m2[0m[90m_[0m[36m4[0m[90m_[0m[31m8[0m[90m_[0m[35m4[0m[90m_[0m[35m4[0m[90m_[0m[35m4[0m[90m[0m                           arg  4 mem   1.78 GB tm     39.56us/ 14663.95ms (    241 GFLOPS   28|717    GB/s)
[32m*** AMD     1115[0m r[90m_[0m[34m32[0m[90m_[0m[36m8[0m[90m_[0m[91m4[0m[90m_[0m[91m4[0m[90m_[0m[33m2[0m[90m_[0m[31m16[0m[90m_[0m[35m4[0m[90m[0m                              arg  5 mem   1.78 GB tm     27.04us/ 14663.97ms (     45 GFLOPS   41|101    GB/s)
*** AMD     1116 r[90m_[0m[34m32[0m[90m_[0m[36m8[0m[90m_[0m[91m4[0m[90m_[0m[91m4[0m[90m_[0m[33m2[0m[90m_[0m[31m16[0m[90m_[0m[35m4[0m[90m[0m                              arg  5 mem   1.78 GB tm     26.60us/ 14664.00ms (     45 GFLOPS   42|103    GB/s)
[32m*** AMD     1117[0m r[90m_[0m[91m16[0m[90m_[0m[31m32[0m[90m[0m                                        arg  2 mem   1.78 GB tm      8.96us/ 14664.01ms (      0 GFLOPS    0|0      GB/s)
*** AMD     1118 r[90m_[0m[91m16[0m[90m_[0m[31m32[0m[90m[0m                                        arg  2 mem   1.78 GB tm      8.80us/ 14664.02ms (      0 GFLOPS    0|0      GB/s)
[32m*** AMD     1119[0m r[90m_[0m[91m32[0m[90m_[0m[31m16[0m[90m[0m                                        arg  3 mem   1.78 GB tm      9.36us/ 14664.03ms (      0 GFLOPS    0|1      GB/s)
*** AMD     1120 r[90m_[0m[91m32[0m[90m_[0m[31m16[0m[90m[0m                                        arg  3 mem   1.78 GB tm      9.32us/ 14664.04ms (      0 GFLOPS    0|1      GB/s)
[32m*** AMD     1121[0m E[90m_[0m[34m32[0m[90m_[0m[36m16[0m[90m[0m                                        arg  6 mem   1.78 GB tm      8.48us/ 14664.04ms (      0 GFLOPS    1|1      GB/s)
*** AMD     1122 E[90m_[0m[34m32[0m[90m_[0m[36m16[0m[90m[0m                                        arg  6 mem   1.78 GB tm      8.24us/ 14664.05ms (      0 GFLOPS    1|1      GB/s)
*** AMD     1123 E[90m_[0m[34m32[0m[90m_[0m[36m16[0m[90m[0m                                        arg  6 mem   1.78 GB tm      8.32us/ 14664.06ms (      0 GFLOPS    1|1      GB/s)
*** AMD     1124 E[90m_[0m[34m32[0m[90m_[0m[36m16[0m[90m[0m                                        arg  6 mem   1.78 GB tm      8.24us/ 14664.07ms (      0 GFLOPS    1|1      GB/s)
*** AMD     1125 E[90m_[0m[34m32[0m[90m_[0m[36m16[0m[90m[0m                                        arg  6 mem   1.78 GB tm      8.48us/ 14664.08ms (      0 GFLOPS    1|1      GB/s)
[32m*** AMD     1126[0m r[90m_[0m[34m512[0m[90m_[0m[91m16[0m[90m_[0m[36m2[0m[90m_[0m[31m8[0m[90m_[0m[35m4[0m[90m[0m                                 arg  3 mem   1.78 GB tm     16.96us/ 14664.09ms (     86 GFLOPS   62|255    GB/s)
*** AMD     1127 r[90m_[0m[34m512[0m[90m_[0m[91m16[0m[90m_[0m[36m2[0m[90m_[0m[31m8[0m[90m_[0m[35m4[0m[90m[0m                                 arg  3 mem   1.78 GB tm     16.52us/ 14664.11ms (     88 GFLOPS   64|262    GB/s)
*** AMD     1128 r[90m_[0m[34m512[0m[90m_[0m[91m16[0m[90m_[0m[36m2[0m[90m_[0m[31m8[0m[90m_[0m[35m4[0m[90m[0m                                 arg  3 mem   1.78 GB tm     16.48us/ 14664.13ms (     88 GFLOPS   64|262    GB/s)
*** AMD     1129 r[90m_[0m[34m512[0m[90m_[0m[91m16[0m[90m_[0m[36m2[0m[90m_[0m[31m8[0m[90m_[0m[35m4[0m[90m[0m                                 arg  3 mem   1.78 GB tm     16.68us/ 14664.14ms (     87 GFLOPS   63|259    GB/s)
*** AMD     1130 r[90m_[0m[34m512[0m[90m_[0m[91m16[0m[90m_[0m[36m2[0m[90m_[0m[31m8[0m[90m_[0m[35m4[0m[90m[0m                                 arg  3 mem   1.78 GB tm     16.68us/ 14664.16ms (     87 GFLOPS   63|259    GB/s)
[32m*** AMD     1131[0m r[90m_[0m[34m512[0m[90m_[0m[91m64[0m[90m_[0m[31m16[0m[90m[0m                                    arg  4 mem   1.78 GB tm     17.52us/ 14664.18ms (    183 GFLOPS   60|681    GB/s)
*** AMD     1132 r[90m_[0m[34m512[0m[90m_[0m[91m64[0m[90m_[0m[31m16[0m[90m[0m                                    arg  4 mem   1.78 GB tm     17.52us/ 14664.20ms (    183 GFLOPS   60|681    GB/s)
*** AMD     1133 r[90m_[0m[34m512[0m[90m_[0m[91m64[0m[90m_[0m[31m16[0m[90m[0m                                    arg  4 mem   1.78 GB tm     18.04us/ 14664.21ms (    178 GFLOPS   59|661    GB/s)
*** AMD     1134 r[90m_[0m[34m512[0m[90m_[0m[91m64[0m[90m_[0m[31m16[0m[90m[0m                                    arg  4 mem   1.78 GB tm     19.36us/ 14664.23ms (    166 GFLOPS   55|616    GB/s)
*** AMD     1135 r[90m_[0m[34m512[0m[90m_[0m[91m64[0m[90m_[0m[31m16[0m[90m[0m                                    arg  4 mem   1.78 GB tm     20.44us/ 14664.25ms (    157 GFLOPS   52|584    GB/s)
[32m*** AMD     1136[0m r[90m_[0m[34m430[0m[90m_[0m[36m3[0m[90m_[0m[36m2[0m[90m_[0m[91m4[0m[90m_[0m[31m512[0m[90m_[0m[31m128[0m[90m_[0m[31m32[0m[90m_[0m[31m512[0m[90m_[0m[31m128[0m[90m_[0m[31m512[0m[90m_[0m[31m512[0m[90m_[0m[31m512[0m[90m_[0m[31m512[0m[90m_[0m[31m512[0m[90m_[0m[31m512[0m[90m_[0m[31m512[0m[90m_[0m[31m512[0m[90m_[0m[35m4[0m[90m_[0m[35m4[0m[90m_[0m[35m4[0m[90m[0m arg 40 mem   1.78 GB tm    721.64us/ 14664.98ms (    170 GFLOPS    3|411    GB/s)
  [1/3] enqueue 92601.53 ms -- total 92785.85 ms
scheduled     3 kernels in    14.32 ms | CACHE MISS 2d0b0eb5 |   56609 uops in cache | /root/src/openpilot/selfdrive/modeld/compile_modeld.py:50
*** CPU     1137 E[90m_[0m[33m2[0m[90m[0m                                            arg  1 mem   1.77 GB tm     36.52us/ 14665.01ms (      0 GFLOPS    0|0      GB/s)
*** CPU     1138 E[90m_[0m[97m65536[0m[90m_[0m[33m2[0m[90m_[0m[33m3[0m[90m[0m                                    arg  3 mem   1.77 GB tm    218.51us/ 14665.23ms (    116 GFLOPS    7|7      GB/s)
*** CPU     1139 E[90m_[0m[97m32768[0m[90m_[0m[94m4[0m[90m_[0m[33m3[0m[90m[0m                                    arg  2 mem   1.77 GB tm    267.93us/ 14665.50ms (      1 GFLOPS    7|7      GB/s)
scheduled     2 kernels in     1.77 ms |  cache hit 30a92e1f |   56443 uops in cache | /root/src/openpilot/selfdrive/modeld/compile_modeld.py:202
scheduled   497 kernels in  1773.76 ms | CACHE MISS 1ea04857 |   70914 uops in cache | /root/src/openpilot/selfdrive/modeld/compile_modeld.py:240
JIT captured 2 linears with 6 inputs
pruned from 499 -> 499 kernels
memory reduced from 179.88 MB -> 14.56 MB, 490 -> 2 bufs
JIT GRAPHing batch with 497 kernels
[35m*** AMD     1140[0m [33mcopy    2.05 KB,     AMD <- NPY    [0m            arg  2 mem   1.77 GB tm   3656.15us/ 14669.15ms (      0 GFLOPS    0|0      GB/s)
[35m*** AMD     1141[0m [33mcopy  384.00 KB,     AMD <- CPU    [0m            arg  2 mem   1.77 GB tm   4590.18us/ 14673.74ms (      0 GFLOPS    0|0      GB/s)
[35m*** AMD     1142[0m [36mbatched 497[0m                                    arg  0 mem   1.78 GB tm [33m    65.77ms[0m/ 14739.52ms (   3170 GFLOPS   34|3645   GB/s)
  [2/3] enqueue 22731.61 ms -- total 22732.28 ms
scheduled     3 kernels in     2.31 ms |  cache hit 2d0b0eb5 |   58224 uops in cache | /root/src/openpilot/selfdrive/modeld/compile_modeld.py:50
*** CPU     1143 E[90m_[0m[33m2[0m[90m[0m                                            arg  1 mem   1.78 GB tm      8.19us/ 14739.53ms (      0 GFLOPS    0|0      GB/s)
*** CPU     1144 E[90m_[0m[97m65536[0m[90m_[0m[33m2[0m[90m_[0m[33m3[0m[90m[0m                                    arg  3 mem   1.78 GB tm    292.36us/ 14739.82ms (     87 GFLOPS    5|5      GB/s)
*** CPU     1145 E[90m_[0m[97m32768[0m[90m_[0m[94m4[0m[90m_[0m[33m3[0m[90m[0m                                    arg  2 mem   1.78 GB tm    143.65us/ 14739.96ms (      3 GFLOPS   14|14     GB/s)
[35m*** AMD     1146[0m [33mcopy    2.05 KB,     AMD <- NPY    [0m            arg  2 mem   1.78 GB tm   3873.49us/ 14743.84ms (      0 GFLOPS    0|0      GB/s)
[35m*** AMD     1147[0m [33mcopy  384.00 KB,     AMD <- CPU    [0m            arg  2 mem   1.78 GB tm   3647.63us/ 14747.48ms (      0 GFLOPS    0|0      GB/s)
[35m*** AMD     1148[0m [36mbatched 497[0m                                    arg  0 mem   1.78 GB tm [33m    69.37ms[0m/ 14816.86ms (   3006 GFLOPS   32|3456   GB/s)
  [3/3] enqueue  87.44 ms -- total  87.83 ms
pickle round trip
*** AMD     1149 [33mcopy  960.00 KB,     AMD <- NPY    [0m            arg  2 mem   1.78 GB tm [33m    10.62ms[0m/ 14827.47ms (      0 GFLOPS    0|0      GB/s)
*** AMD     1150 [33mcopy  960.00 KB,     AMD <- NPY    [0m            arg  2 mem   1.78 GB tm   9131.93us/ 14836.60ms (      0 GFLOPS    0|0      GB/s)
*** AMD     1151 [33mcopy  192.00 KB,     AMD <- NPY    [0m            arg  2 mem   1.78 GB tm   4709.79us/ 14841.31ms (      0 GFLOPS    0|0      GB/s)
*** AMD     1152 [33mcopy    3.12 KB,     AMD <- NPY    [0m            arg  2 mem   1.78 GB tm   4193.60us/ 14845.51ms (      0 GFLOPS    0|0      GB/s)
scheduled     5 kernels in     2.16 ms |  cache hit 07271cab |   58235 uops in cache | /root/src/openpilot/selfdrive/modeld/compile_modeld.py:50
*** CPU     1153 [33mcopy        8 B,     CPU <- PYTHON [0m            arg  2 mem   1.78 GB tm     98.57us/ 14845.61ms (      0 GFLOPS    0|0      GB/s)
*** CPU     1154 [33mcopy        8 B,     CPU <- PYTHON [0m            arg  2 mem   1.78 GB tm     26.42us/ 14845.63ms (      0 GFLOPS    0|0      GB/s)
*** CPU     1155 E[90m_[0m[33m2[0m[90m[0m                                            arg  1 mem   1.78 GB tm      0.33us/ 14845.63ms (      0 GFLOPS    0|0      GB/s)
*** CPU     1156 E[90m_[0m[97m65536[0m[90m_[0m[33m2[0m[90m_[0m[33m3[0m[90m[0m                                    arg  3 mem   1.78 GB tm    359.39us/ 14845.99ms (     71 GFLOPS    4|4      GB/s)
*** CPU     1157 E[90m_[0m[97m32768[0m[90m_[0m[94m4[0m[90m_[0m[33m3[0m[90m[0m                                    arg  2 mem   1.78 GB tm    173.39us/ 14846.17ms (      2 GFLOPS   11|11     GB/s)
[35m*** AMD     1158[0m [33mcopy    2.05 KB,     AMD <- NPY    [0m            arg  2 mem   1.78 GB tm   3192.42us/ 14849.36ms (      0 GFLOPS    0|0      GB/s)
[35m*** AMD     1159[0m [33mcopy  384.00 KB,     AMD <- CPU    [0m            arg  2 mem   1.78 GB tm   3795.16us/ 14853.15ms (      0 GFLOPS    0|0      GB/s)
[35m*** AMD     1160[0m [36mbatched 497[0m                                    arg  0 mem   1.78 GB tm [33m    68.63ms[0m/ 14921.78ms (   3038 GFLOPS   33|3494   GB/s)
  [1/1] enqueue 106.59 ms -- total 106.92 ms
*** AMD     1161 [33mcopy  960.00 KB,     AMD <- NPY    [0m            arg  2 mem   1.78 GB tm   9541.53us/ 14931.32ms (      0 GFLOPS    0|0      GB/s)
*** AMD     1162 [33mcopy  960.00 KB,     AMD <- NPY    [0m            arg  2 mem   1.78 GB tm   9680.55us/ 14941.00ms (      0 GFLOPS    0|0      GB/s)
*** AMD     1163 [33mcopy  192.00 KB,     AMD <- NPY    [0m            arg  2 mem   1.78 GB tm   4910.61us/ 14945.91ms (      0 GFLOPS    0|0      GB/s)
*** AMD     1164 [33mcopy    3.12 KB,     AMD <- NPY    [0m            arg  2 mem   1.78 GB tm   4110.18us/ 14950.02ms (      0 GFLOPS    0|0      GB/s)
scheduled     5 kernels in     2.16 ms |  cache hit 07271cab |   58235 uops in cache | /root/src/openpilot/selfdrive/modeld/compile_modeld.py:50
*** CPU     1165 [33mcopy        8 B,     CPU <- PYTHON [0m            arg  2 mem   1.78 GB tm     32.09us/ 14950.06ms (      0 GFLOPS    0|0      GB/s)
*** CPU     1166 [33mcopy        8 B,     CPU <- PYTHON [0m            arg  2 mem   1.78 GB tm     17.89us/ 14950.07ms (      0 GFLOPS    0|0      GB/s)
*** CPU     1167 E[90m_[0m[33m2[0m[90m[0m                                            arg  1 mem   1.78 GB tm     52.91us/ 14950.13ms (      0 GFLOPS    0|0      GB/s)
*** CPU     1168 E[90m_[0m[97m65536[0m[90m_[0m[33m2[0m[90m_[0m[33m3[0m[90m[0m                                    arg  3 mem   1.78 GB tm    243.04us/ 14950.37ms (    105 GFLOPS    6|6      GB/s)
*** CPU     1169 E[90m_[0m[97m32768[0m[90m_[0m[94m4[0m[90m_[0m[33m3[0m[90m[0m                                    arg  2 mem   1.78 GB tm     81.80us/ 14950.45ms (      5 GFLOPS   24|24     GB/s)
[35m*** AMD     1170[0m [33mcopy    2.05 KB,     AMD <- NPY    [0m            arg  2 mem   1.78 GB tm   3877.33us/ 14954.33ms (      0 GFLOPS    0|0      GB/s)
[35m*** AMD     1171[0m [33mcopy  384.00 KB,     AMD <- CPU    [0m            arg  2 mem   1.78 GB tm   3657.72us/ 14957.99ms (      0 GFLOPS    0|0      GB/s)
[35m*** AMD     1172[0m [36mbatched 497[0m                                    arg  0 mem   1.78 GB tm [33m    68.77ms[0m/ 15026.76ms (   3032 GFLOPS   33|3486   GB/s)
  [1/1] enqueue  89.13 ms -- total  89.40 ms
capture + replay
*** AMD     1173 [33mcopy  960.00 KB,     AMD <- NPY    [0m            arg  2 mem   1.78 GB tm   6965.35us/ 15033.72ms (      0 GFLOPS    0|0      GB/s)
*** AMD     1174 [33mcopy  960.00 KB,     AMD <- NPY    [0m            arg  2 mem   1.78 GB tm   7545.02us/ 15041.27ms (      0 GFLOPS    0|0      GB/s)
scheduled     5 kernels in    20.99 ms | CACHE MISS b4f8828e |   58391 uops in cache | /root/src/openpilot/selfdrive/modeld/compile_modeld.py:50
*** CPU     1175 [33mcopy        8 B,     CPU <- PYTHON [0m            arg  2 mem   1.78 GB tm     52.26us/ 15041.32ms (      0 GFLOPS    0|0      GB/s)
*** CPU     1176 [33mcopy        8 B,     CPU <- PYTHON [0m            arg  2 mem   1.78 GB tm     26.25us/ 15041.34ms (      0 GFLOPS    0|0      GB/s)
[32m*** CPU     1177[0m E[90m_[0m[33m2[0m[90mn1[0m                                          arg  1 mem   1.78 GB tm     28.83us/ 15041.37ms (      0 GFLOPS    0|0      GB/s)
[32m*** CPU     1178[0m E[90m_[0m[97m2402304[0m[90m_[0m[33m2[0m[90m[0m                                    arg  3 mem   1.80 GB tm   8366.08us/ 15049.74ms (     37 GFLOPS    2|2      GB/s)
[32m*** CPU     1179[0m E[90m_[0m[97m2402304[0m[90m_[0m[94m2[0m[90mn1[0m                                  arg  2 mem   1.81 GB tm   3240.64us/ 15052.98ms (      1 GFLOPS    7|7      GB/s)
scheduled     3 kernels in    12.87 ms | CACHE MISS 2224cea6 |   58722 uops in cache | /root/src/openpilot/selfdrive/modeld/compile_modeld.py:50
*** CPU     1180 E[90m_[0m[33m2[0m[90mn1[0m                                          arg  1 mem   1.79 GB tm      0.96us/ 15052.98ms (      0 GFLOPS    0|0      GB/s)
*** CPU     1181 E[90m_[0m[97m2402304[0m[90m_[0m[33m2[0m[90m[0m                                    arg  3 mem   1.81 GB tm   2618.19us/ 15055.60ms (    119 GFLOPS    7|7      GB/s)
*** CPU     1182 E[90m_[0m[97m2402304[0m[90m_[0m[94m2[0m[90mn1[0m                                  arg  2 mem   1.81 GB tm   2627.39us/ 15058.23ms (      2 GFLOPS    9|9      GB/s)
scheduled     2 kernels in     3.46 ms | CACHE MISS 047cd8a2 |   58576 uops in cache | /root/src/openpilot/selfdrive/modeld/compile_modeld.py:185
[32m*** CPU     1183[0m [33mcopy       36 B,     CPU <- NPY    [0m            arg  2 mem   1.79 GB tm     41.08us/ 15058.27ms (      0 GFLOPS    0|0      GB/s)
*** CPU     1184 [33mcopy       36 B,     CPU <- NPY    [0m            arg  2 mem   1.79 GB tm     20.55us/ 15058.29ms (      0 GFLOPS    0|0      GB/s)
[32m*** CPU     1185[0m E[90m_[0m[97m16[0m[90m_[0m[97m256[0m[90m_[0m[33m4[0m[90m_[0m[33m4[0m[90m_[0m[33m2[0m[90m[0m                                 arg  3 mem   1.79 GB tm   1047.36us/ 15059.34ms (      0 GFLOPS    0|0      GB/s)
scheduled     2 kernels in    34.28 ms | CACHE MISS 0dae2bf0 |   62080 uops in cache | /root/src/openpilot/selfdrive/modeld/compile_modeld.py:111
[32m*** CPU     1186[0m [33mcopy       36 B,     CPU <- PYTHON [0m            arg  2 mem   1.79 GB tm     37.68us/ 15059.37ms (      0 GFLOPS    0|0      GB/s)
[32m*** CPU     1187[0m E[90m_[0m[97m32[0m[90m_[0m[97m256[0m[90m_[0m[33m4[0m[90m[0m                                     arg  4 mem   1.79 GB tm    274.57us/ 15059.65ms (      0 GFLOPS    0|0      GB/s)
[32m*** CPU     1188[0m E[90m_[0m[97m16[0m[90m_[0m[97m256[0m[90m_[0m[94m2[0m[90m_[0m[33m4[0m[90m[0m                                   arg  4 mem   1.79 GB tm    290.22us/ 15059.94ms (      0 GFLOPS    0|0      GB/s)
*** CPU     1189 E[90m_[0m[97m16[0m[90m_[0m[97m256[0m[90m_[0m[33m4[0m[90m_[0m[33m4[0m[90m_[0m[33m2[0m[90m[0m                                 arg  3 mem   1.79 GB tm    987.36us/ 15060.93ms (      0 GFLOPS    0|0      GB/s)
scheduled     2 kernels in     2.10 ms |  cache hit 0dae2bf0 |   64765 uops in cache | /root/src/openpilot/selfdrive/modeld/compile_modeld.py:111
*** CPU     1190 [33mcopy       36 B,     CPU <- PYTHON [0m            arg  2 mem   1.79 GB tm     33.07us/ 15060.96ms (      0 GFLOPS    0|0      GB/s)
*** CPU     1191 E[90m_[0m[97m32[0m[90m_[0m[97m256[0m[90m_[0m[33m4[0m[90m[0m                                     arg  4 mem   1.79 GB tm    244.55us/ 15061.20ms (      0 GFLOPS    0|0      GB/s)
*** CPU     1192 E[90m_[0m[97m16[0m[90m_[0m[97m256[0m[90m_[0m[94m2[0m[90m_[0m[33m4[0m[90m[0m                                   arg  4 mem   1.79 GB tm    255.72us/ 15061.46ms (      0 GFLOPS    0|0      GB/s)
[32m*** CPU     1193[0m E[90m_[0m[97m6[0m[90m_[0m[97m128[0m[90m_[0m[97m256[0m[90m_[0m[33m2[0m[90m[0m                                  arg  7 mem   1.79 GB tm     41.78us/ 15061.50ms (     47 GFLOPS   19|66     GB/s)
  [1/3] enqueue 1487.61 ms -- total 1533.72 ms
scheduled     3 kernels in     1.80 ms |  cache hit 2224cea6 |   64855 uops in cache | /root/src/openpilot/selfdrive/modeld/compile_modeld.py:50
*** CPU     1194 E[90m_[0m[33m2[0m[90mn1[0m                                          arg  1 mem   1.79 GB tm     31.28us/ 15061.53ms (      0 GFLOPS    0|0      GB/s)
*** CPU     1195 E[90m_[0m[97m2402304[0m[90m_[0m[33m2[0m[90m[0m                                    arg  3 mem   1.81 GB tm   2523.52us/ 15064.06ms (    124 GFLOPS    8|8      GB/s)
*** CPU     1196 E[90m_[0m[97m2402304[0m[90m_[0m[94m2[0m[90mn1[0m                                  arg  2 mem   1.82 GB tm   2434.18us/ 15066.49ms (      2 GFLOPS   10|10     GB/s)
scheduled     3 kernels in     1.73 ms |  cache hit 2224cea6 |   64856 uops in cache | /root/src/openpilot/selfdrive/modeld/compile_modeld.py:50
*** CPU     1197 E[90m_[0m[33m2[0m[90mn1[0m                                          arg  1 mem   1.80 GB tm      0.72us/ 15066.49ms (      0 GFLOPS    0|0      GB/s)
*** CPU     1198 E[90m_[0m[97m2402304[0m[90m_[0m[33m2[0m[90m[0m                                    arg  3 mem   1.82 GB tm   2441.36us/ 15068.93ms (    128 GFLOPS    8|8      GB/s)
*** CPU     1199 E[90m_[0m[97m2402304[0m[90m_[0m[94m2[0m[90mn1[0m                                  arg  2 mem   1.82 GB tm   2696.12us/ 15071.63ms (      2 GFLOPS    9|9      GB/s)
scheduled     2 kernels in     2.22 ms |  cache hit 047cd8a2 |   64694 uops in cache | /root/src/openpilot/selfdrive/modeld/compile_modeld.py:185
scheduled     2 kernels in     2.30 ms |  cache hit 0dae2bf0 |   65003 uops in cache | /root/src/openpilot/selfdrive/modeld/compile_modeld.py:111
scheduled     2 kernels in     2.29 ms |  cache hit 0dae2bf0 |   65062 uops in cache | /root/src/openpilot/selfdrive/modeld/compile_modeld.py:111
JIT captured 8 linears with 4 inputs
pruned from 11 -> 9 kernels
*** CPU     1200 [33mcopy       36 B,     CPU <- PYTHON [0m            arg  2 mem   1.79 GB tm     36.27us/ 15071.66ms (      0 GFLOPS    0|0      GB/s)
*** CPU     1201 [33mcopy       36 B,     CPU <- PYTHON [0m            arg  2 mem   1.79 GB tm     18.49us/ 15071.68ms (      0 GFLOPS    0|0      GB/s)
JIT GRAPHing batch with 7 kernels
[35m*** CPU     1202[0m [33mcopy       36 B,     CPU <- NPY    [0m            arg  2 mem   1.79 GB tm     46.22us/ 15071.73ms (      0 GFLOPS    0|0      GB/s)
[35m*** CPU     1203[0m [33mcopy       36 B,     CPU <- NPY    [0m            arg  2 mem   1.79 GB tm     16.72us/ 15071.75ms (      0 GFLOPS    0|0      GB/s)
[35m*** CPU     1204[0m [36mbatched 7[0m                                      arg  0 mem   1.79 GB tm   2824.84us/ 15074.57ms (      1 GFLOPS    1|1      GB/s)
  [2/3] enqueue 1290.12 ms -- total 1290.87 ms
scheduled     3 kernels in     1.86 ms |  cache hit 2224cea6 |   64888 uops in cache | /root/src/openpilot/selfdrive/modeld/compile_modeld.py:50
*** CPU     1205 E[90m_[0m[33m2[0m[90mn1[0m                                          arg  1 mem   1.79 GB tm      0.54us/ 15074.57ms (      0 GFLOPS    0|0      GB/s)
*** CPU     1206 E[90m_[0m[97m2402304[0m[90m_[0m[33m2[0m[90m[0m                                    arg  3 mem   1.81 GB tm   2783.95us/ 15077.35ms (    112 GFLOPS    7|7      GB/s)
*** CPU     1207 E[90m_[0m[97m2402304[0m[90m_[0m[94m2[0m[90mn1[0m                                  arg  2 mem   1.82 GB tm   1597.49us/ 15078.95ms (      3 GFLOPS   15|15     GB/s)
scheduled     3 kernels in     2.39 ms |  cache hit 2224cea6 |   64889 uops in cache | /root/src/openpilot/selfdrive/modeld/compile_modeld.py:50
*** CPU     1208 E[90m_[0m[33m2[0m[90mn1[0m                                          arg  1 mem   1.80 GB tm      0.52us/ 15078.95ms (      0 GFLOPS    0|0      GB/s)
*** CPU     1209 E[90m_[0m[97m2402304[0m[90m_[0m[33m2[0m[90m[0m                                    arg  3 mem   1.82 GB tm   3145.39us/ 15082.10ms (     99 GFLOPS    6|6      GB/s)
*** CPU     1210 E[90m_[0m[97m2402304[0m[90m_[0m[94m2[0m[90mn1[0m                                  arg  2 mem   1.82 GB tm   1036.22us/ 15083.13ms (      5 GFLOPS   23|23     GB/s)
[35m*** CPU     1211[0m [33mcopy       36 B,     CPU <- NPY    [0m            arg  2 mem   1.80 GB tm     30.31us/ 15083.16ms (      0 GFLOPS    0|0      GB/s)
[35m*** CPU     1212[0m [33mcopy       36 B,     CPU <- NPY    [0m            arg  2 mem   1.80 GB tm     17.28us/ 15083.18ms (      0 GFLOPS    0|0      GB/s)
[35m*** CPU     1213[0m [36mbatched 7[0m                                      arg  0 mem   1.80 GB tm   2862.51us/ 15086.04ms (      1 GFLOPS    1|1      GB/s)
  [3/3] enqueue   3.65 ms -- total   4.26 ms
pickle round trip
*** AMD     1214 [33mcopy  960.00 KB,     AMD <- NPY    [0m            arg  2 mem   1.79 GB tm   8882.93us/ 15094.93ms (      0 GFLOPS    0|0      GB/s)
*** AMD     1215 [33mcopy  960.00 KB,     AMD <- NPY    [0m            arg  2 mem   1.79 GB tm   7633.82us/ 15102.56ms (      0 GFLOPS    0|0      GB/s)
scheduled     5 kernels in     2.13 ms |  cache hit b4f8828e |   64899 uops in cache | /root/src/openpilot/selfdrive/modeld/compile_modeld.py:50
*** CPU     1216 [33mcopy        8 B,     CPU <- PYTHON [0m            arg  2 mem   1.79 GB tm     31.93us/ 15102.59ms (      0 GFLOPS    0|0      GB/s)
*** CPU     1217 [33mcopy        8 B,     CPU <- PYTHON [0m            arg  2 mem   1.79 GB tm     17.23us/ 15102.61ms (      0 GFLOPS    0|0      GB/s)
*** CPU     1218 E[90m_[0m[33m2[0m[90mn1[0m                                          arg  1 mem   1.79 GB tm      0.50us/ 15102.61ms (      0 GFLOPS    0|0      GB/s)
*** CPU     1219 E[90m_[0m[97m2402304[0m[90m_[0m[33m2[0m[90m[0m                                    arg  3 mem   1.81 GB tm   2547.28us/ 15105.16ms (    123 GFLOPS    8|8      GB/s)
*** CPU     1220 E[90m_[0m[97m2402304[0m[90m_[0m[94m2[0m[90mn1[0m                                  arg  2 mem   1.82 GB tm   1116.50us/ 15106.27ms (      4 GFLOPS   22|22     GB/s)
scheduled     3 kernels in     2.54 ms |  cache hit 2224cea6 |   64887 uops in cache | /root/src/openpilot/selfdrive/modeld/compile_modeld.py:50
*** CPU     1221 E[90m_[0m[33m2[0m[90mn1[0m                                          arg  1 mem   1.80 GB tm     51.51us/ 15106.33ms (      0 GFLOPS    0|0      GB/s)
*** CPU     1222 E[90m_[0m[97m2402304[0m[90m_[0m[33m2[0m[90m[0m                                    arg  3 mem   1.82 GB tm   2651.61us/ 15108.98ms (    118 GFLOPS    7|7      GB/s)
*** CPU     1223 E[90m_[0m[97m2402304[0m[90m_[0m[94m2[0m[90mn1[0m                                  arg  2 mem   1.82 GB tm   1093.85us/ 15110.07ms (      4 GFLOPS   22|22     GB/s)
[35m*** CPU     1224[0m [33mcopy       36 B,     CPU <- NPY    [0m            arg  2 mem   1.80 GB tm     48.09us/ 15110.12ms (      0 GFLOPS    0|0      GB/s)
[35m*** CPU     1225[0m [33mcopy       36 B,     CPU <- NPY    [0m            arg  2 mem   1.80 GB tm     19.89us/ 15110.14ms (      0 GFLOPS    0|0      GB/s)
[35m*** CPU     1226[0m [36mbatched 7[0m                                      arg  0 mem   1.80 GB tm   2983.11us/ 15113.12ms (      1 GFLOPS    1|1      GB/s)
  [1/1] enqueue   6.47 ms -- total   7.12 ms
*** AMD     1227 [33mcopy  960.00 KB,     AMD <- NPY    [0m            arg  2 mem   1.79 GB tm   8657.88us/ 15121.78ms (      0 GFLOPS    0|0      GB/s)
*** AMD     1228 [33mcopy  960.00 KB,     AMD <- NPY    [0m            arg  2 mem   1.79 GB tm   8627.99us/ 15130.41ms (      0 GFLOPS    0|0      GB/s)
scheduled     5 kernels in     1.98 ms |  cache hit b4f8828e |   64899 uops in cache | /root/src/openpilot/selfdrive/modeld/compile_modeld.py:50
*** CPU     1229 [33mcopy        8 B,     CPU <- PYTHON [0m            arg  2 mem   1.79 GB tm     47.83us/ 15130.46ms (      0 GFLOPS    0|0      GB/s)
*** CPU     1230 [33mcopy        8 B,     CPU <- PYTHON [0m            arg  2 mem   1.79 GB tm     16.74us/ 15130.47ms (      0 GFLOPS    0|0      GB/s)
*** CPU     1231 E[90m_[0m[33m2[0m[90mn1[0m                                          arg  1 mem   1.79 GB tm      0.40us/ 15130.47ms (      0 GFLOPS    0|0      GB/s)
*** CPU     1232 E[90m_[0m[97m2402304[0m[90m_[0m[33m2[0m[90m[0m                                    arg  3 mem   1.81 GB tm   2477.92us/ 15132.95ms (    126 GFLOPS    8|8      GB/s)
*** CPU     1233 E[90m_[0m[97m2402304[0m[90m_[0m[94m2[0m[90mn1[0m                                  arg  2 mem   1.82 GB tm   1032.87us/ 15133.98ms (      5 GFLOPS   23|23     GB/s)
scheduled     3 kernels in     1.76 ms |  cache hit 2224cea6 |   64887 uops in cache | /root/src/openpilot/selfdrive/modeld/compile_modeld.py:50
*** CPU     1234 E[90m_[0m[33m2[0m[90mn1[0m                                          arg  1 mem   1.80 GB tm      0.52us/ 15133.98ms (      0 GFLOPS    0|0      GB/s)
*** CPU     1235 E[90m_[0m[97m2402304[0m[90m_[0m[33m2[0m[90m[0m                                    arg  3 mem   1.82 GB tm   2699.96us/ 15136.68ms (    116 GFLOPS    7|7      GB/s)
*** CPU     1236 E[90m_[0m[97m2402304[0m[90m_[0m[94m2[0m[90mn1[0m                                  arg  2 mem   1.82 GB tm   1087.65us/ 15137.77ms (      4 GFLOPS   22|22     GB/s)
[35m*** CPU     1237[0m [33mcopy       36 B,     CPU <- NPY    [0m            arg  2 mem   1.80 GB tm     45.02us/ 15137.82ms (      0 GFLOPS    0|0      GB/s)
[35m*** CPU     1238[0m [33mcopy       36 B,     CPU <- NPY    [0m            arg  2 mem   1.80 GB tm     26.03us/ 15137.84ms (      0 GFLOPS    0|0      GB/s)
[35m*** CPU     1239[0m [36mbatched 7[0m                                      arg  0 mem   1.80 GB tm   3316.44us/ 15141.16ms (      1 GFLOPS    0|1      GB/s)
  [1/1] enqueue   4.46 ms -- total   5.10 ms
capture + replay
*** AMD     1240 [33mcopy  960.00 KB,     AMD <- NPY    [0m            arg  2 mem   1.79 GB tm   8871.44us/ 15150.03ms (      0 GFLOPS    0|0      GB/s)
*** AMD     1241 [33mcopy  960.00 KB,     AMD <- NPY    [0m            arg  2 mem   1.79 GB tm   9628.57us/ 15159.66ms (      0 GFLOPS    0|0      GB/s)
scheduled     5 kernels in    20.95 ms | CACHE MISS cb604038 |   65063 uops in cache | /root/src/openpilot/selfdrive/modeld/compile_modeld.py:50
*** CPU     1242 [33mcopy        8 B,     CPU <- PYTHON [0m            arg  2 mem   1.79 GB tm     31.84us/ 15159.69ms (      0 GFLOPS    0|0      GB/s)
*** CPU     1243 [33mcopy        8 B,     CPU <- PYTHON [0m            arg  2 mem   1.79 GB tm     18.14us/ 15159.71ms (      0 GFLOPS    0|0      GB/s)
[32m*** CPU     1244[0m E[90m_[0m[33m2[0m[90mn2[0m                                          arg  1 mem   1.79 GB tm      0.22us/ 15159.71ms (      0 GFLOPS    0|0      GB/s)
[32m*** CPU     1245[0m E[90m_[0m[97m1214464[0m[90m_[0m[33m2[0m[90m[0m                                    arg  3 mem   1.80 GB tm   4084.58us/ 15163.79ms (     39 GFLOPS    2|2      GB/s)
[32m*** CPU     1246[0m E[90m_[0m[97m151808[0m[90m_[0m[94m16[0m[90m[0m                                    arg  2 mem   1.81 GB tm   1554.96us/ 15165.35ms (      2 GFLOPS    8|8      GB/s)
scheduled     3 kernels in    13.76 ms | CACHE MISS 2633d735 |   65394 uops in cache | /root/src/openpilot/selfdrive/modeld/compile_modeld.py:50
*** CPU     1247 E[90m_[0m[33m2[0m[90mn2[0m                                          arg  1 mem   1.80 GB tm      0.65us/ 15165.35ms (      0 GFLOPS    0|0      GB/s)
*** CPU     1248 E[90m_[0m[97m1214464[0m[90m_[0m[33m2[0m[90m[0m                                    arg  3 mem   1.81 GB tm   1247.08us/ 15166.60ms (    127 GFLOPS    8|8      GB/s)
*** CPU     1249 E[90m_[0m[97m151808[0m[90m_[0m[94m16[0m[90m[0m                                    arg  2 mem   1.81 GB tm   1085.40us/ 15167.68ms (      2 GFLOPS   11|11     GB/s)
scheduled     2 kernels in     1.94 ms |  cache hit 047cd8a2 |   65231 uops in cache | /root/src/openpilot/selfdrive/modeld/compile_modeld.py:185
*** CPU     1250 [33mcopy       36 B,     CPU <- NPY    [0m            arg  2 mem   1.80 GB tm     39.44us/ 15167.72ms (      0 GFLOPS    0|0      GB/s)
*** CPU     1251 [33mcopy       36 B,     CPU <- NPY    [0m            arg  2 mem   1.80 GB tm     24.08us/ 15167.75ms (      0 GFLOPS    0|0      GB/s)
[32m*** CPU     1252[0m E[90m_[0m[97m64[0m[90m_[0m[97m128[0m[90m_[0m[33m4[0m[90m_[0m[33m4[0m[90m[0m                                   arg  3 mem   1.80 GB tm    789.44us/ 15168.54ms (      0 GFLOPS    0|0      GB/s)
scheduled     2 kernels in    27.81 ms | CACHE MISS a54266fa |   67053 uops in cache | /root/src/openpilot/selfdrive/modeld/compile_modeld.py:111
*** CPU     1253 [33mcopy       36 B,     CPU <- PYTHON [0m            arg  2 mem   1.80 GB tm     37.63us/ 15168.57ms (      0 GFLOPS    0|0      GB/s)
[32m*** CPU     1254[0m E[90m_[0m[97m128[0m[90m_[0m[97m64[0m[90m_[0m[33m4[0m[90m[0m                                     arg  4 mem   1.80 GB tm    243.58us/ 15168.82ms (      0 GFLOPS    0|0      GB/s)
[32m*** CPU     1255[0m E[90m_[0m[97m8[0m[90m_[0m[97m256[0m[90m_[0m[33m4[0m[90m_[0m[33m4[0m[90m[0m                                    arg  4 mem   1.80 GB tm    228.80us/ 15169.05ms (      0 GFLOPS    0|0      GB/s)
*** CPU     1256 E[90m_[0m[97m64[0m[90m_[0m[97m128[0m[90m_[0m[33m4[0m[90m_[0m[33m4[0m[90m[0m                                   arg  3 mem   1.80 GB tm    964.57us/ 15170.01ms (      0 GFLOPS    0|0      GB/s)
scheduled     2 kernels in     2.82 ms |  cache hit a54266fa |   72608 uops in cache | /root/src/openpilot/selfdrive/modeld/compile_modeld.py:111
*** CPU     1257 [33mcopy       36 B,     CPU <- PYTHON [0m            arg  2 mem   1.80 GB tm     54.24us/ 15170.06ms (      0 GFLOPS    0|0      GB/s)
*** CPU     1258 E[90m_[0m[97m128[0m[90m_[0m[97m64[0m[90m_[0m[33m4[0m[90m[0m                                     arg  4 mem   1.80 GB tm    365.19us/ 15170.43ms (      0 GFLOPS    0|0      GB/s)
*** CPU     1259 E[90m_[0m[97m8[0m[90m_[0m[97m256[0m[90m_[0m[33m4[0m[90m_[0m[33m4[0m[90m[0m                                    arg  4 mem   1.80 GB tm    278.29us/ 15170.71ms (      0 GFLOPS    0|0      GB/s)
*** CPU     1260 E[90m_[0m[97m6[0m[90m_[0m[97m128[0m[90m_[0m[97m256[0m[90m_[0m[33m2[0m[90m[0m                                  arg  7 mem   1.80 GB tm     46.58us/ 15170.75ms (     42 GFLOPS   17|59     GB/s)
  [1/3] enqueue 1442.23 ms -- total 1460.05 ms
scheduled     3 kernels in     2.07 ms |  cache hit 2633d735 |   72422 uops in cache | /root/src/openpilot/selfdrive/modeld/compile_modeld.py:50
*** CPU     1261 E[90m_[0m[33m2[0m[90mn2[0m                                          arg  1 mem   1.80 GB tm      0.80us/ 15170.76ms (      0 GFLOPS    0|0      GB/s)
*** CPU     1262 E[90m_[0m[97m1214464[0m[90m_[0m[33m2[0m[90m[0m                                    arg  3 mem   1.81 GB tm   1456.02us/ 15172.21ms (    108 GFLOPS    7|7      GB/s)
*** CPU     1263 E[90m_[0m[97m151808[0m[90m_[0m[94m16[0m[90m[0m                                    arg  2 mem   1.81 GB tm   1731.34us/ 15173.94ms (      1 GFLOPS    7|7      GB/s)
scheduled     3 kernels in     2.61 ms |  cache hit 2633d735 |   72423 uops in cache | /root/src/openpilot/selfdrive/modeld/compile_modeld.py:50
*** CPU     1264 E[90m_[0m[33m2[0m[90mn2[0m                                          arg  1 mem   1.80 GB tm     44.81us/ 15173.99ms (      0 GFLOPS    0|0      GB/s)
*** CPU     1265 E[90m_[0m[97m1214464[0m[90m_[0m[33m2[0m[90m[0m                                    arg  3 mem   1.81 GB tm   1248.25us/ 15175.24ms (    126 GFLOPS    8|8      GB/s)
*** CPU     1266 E[90m_[0m[97m151808[0m[90m_[0m[94m16[0m[90m[0m                                    arg  2 mem   1.81 GB tm   1232.29us/ 15176.47ms (      2 GFLOPS   10|10     GB/s)
scheduled     2 kernels in     2.18 ms |  cache hit 047cd8a2 |   72259 uops in cache | /root/src/openpilot/selfdrive/modeld/compile_modeld.py:185
scheduled     2 kernels in     2.61 ms |  cache hit a54266fa |   72567 uops in cache | /root/src/openpilot/selfdrive/modeld/compile_modeld.py:111
scheduled     2 kernels in     2.51 ms |  cache hit a54266fa |   72626 uops in cache | /root/src/openpilot/selfdrive/modeld/compile_modeld.py:111
JIT captured 8 linears with 4 inputs
pruned from 11 -> 9 kernels
*** CPU     1267 [33mcopy       36 B,     CPU <- PYTHON [0m            arg  2 mem   1.80 GB tm     39.09us/ 15176.51ms (      0 GFLOPS    0|0      GB/s)
*** CPU     1268 [33mcopy       36 B,     CPU <- PYTHON [0m            arg  2 mem   1.80 GB tm     18.06us/ 15176.53ms (      0 GFLOPS    0|0      GB/s)
JIT GRAPHing batch with 7 kernels
[35m*** CPU     1269[0m [33mcopy       36 B,     CPU <- NPY    [0m            arg  2 mem   1.80 GB tm     34.81us/ 15176.56ms (      0 GFLOPS    0|0      GB/s)
[35m*** CPU     1270[0m [33mcopy       36 B,     CPU <- NPY    [0m            arg  2 mem   1.80 GB tm     16.25us/ 15176.58ms (      0 GFLOPS    0|0      GB/s)
[35m*** CPU     1271[0m [36mbatched 7[0m                                      arg  0 mem   1.80 GB tm   2884.79us/ 15179.46ms (      1 GFLOPS    1|1      GB/s)
  [2/3] enqueue 1410.74 ms -- total 1411.38 ms
scheduled     3 kernels in     2.23 ms |  cache hit 2633d735 |   72447 uops in cache | /root/src/openpilot/selfdrive/modeld/compile_modeld.py:50
*** CPU     1272 E[90m_[0m[33m2[0m[90mn2[0m                                          arg  1 mem   1.80 GB tm      0.47us/ 15179.46ms (      0 GFLOPS    0|0      GB/s)
*** CPU     1273 E[90m_[0m[97m1214464[0m[90m_[0m[33m2[0m[90m[0m                                    arg  3 mem   1.81 GB tm   1455.90us/ 15180.92ms (    108 GFLOPS    7|7      GB/s)
*** CPU     1274 E[90m_[0m[97m151808[0m[90m_[0m[94m16[0m[90m[0m                                    arg  2 mem   1.81 GB tm    526.94us/ 15181.44ms (      5 GFLOPS   23|23     GB/s)
scheduled     3 kernels in     1.91 ms |  cache hit 2633d735 |   72448 uops in cache | /root/src/openpilot/selfdrive/modeld/compile_modeld.py:50
*** CPU     1275 E[90m_[0m[33m2[0m[90mn2[0m                                          arg  1 mem   1.80 GB tm      0.50us/ 15181.44ms (      0 GFLOPS    0|0      GB/s)
*** CPU     1276 E[90m_[0m[97m1214464[0m[90m_[0m[33m2[0m[90m[0m                                    arg  3 mem   1.81 GB tm   1285.55us/ 15182.73ms (    123 GFLOPS    8|8      GB/s)
*** CPU     1277 E[90m_[0m[97m151808[0m[90m_[0m[94m16[0m[90m[0m                                    arg  2 mem   1.81 GB tm    530.44us/ 15183.26ms (      5 GFLOPS   23|23     GB/s)
[35m*** CPU     1278[0m [33mcopy       36 B,     CPU <- NPY    [0m            arg  2 mem   1.80 GB tm     29.98us/ 15183.29ms (      0 GFLOPS    0|0      GB/s)
[35m*** CPU     1279[0m [33mcopy       36 B,     CPU <- NPY    [0m            arg  2 mem   1.80 GB tm     18.33us/ 15183.31ms (      0 GFLOPS    0|0      GB/s)
[35m*** CPU     1280[0m [36mbatched 7[0m                                      arg  0 mem   1.80 GB tm   2932.00us/ 15186.24ms (      1 GFLOPS    1|1      GB/s)
  [3/3] enqueue   3.63 ms -- total   4.27 ms
pickle round trip
*** AMD     1281 [33mcopy  960.00 KB,     AMD <- NPY    [0m            arg  2 mem   1.80 GB tm   9843.57us/ 15196.08ms (      0 GFLOPS    0|0      GB/s)
*** AMD     1282 [33mcopy  960.00 KB,     AMD <- NPY    [0m            arg  2 mem   1.80 GB tm [33m    11.16ms[0m/ 15207.24ms (      0 GFLOPS    0|0      GB/s)
scheduled     5 kernels in     1.98 ms |  cache hit cb604038 |   72458 uops in cache | /root/src/openpilot/selfdrive/modeld/compile_modeld.py:50
*** CPU     1283 [33mcopy        8 B,     CPU <- PYTHON [0m            arg  2 mem   1.80 GB tm     33.70us/ 15207.28ms (      0 GFLOPS    0|0      GB/s)
*** CPU     1284 [33mcopy        8 B,     CPU <- PYTHON [0m            arg  2 mem   1.80 GB tm     27.11us/ 15207.31ms (      0 GFLOPS    0|0      GB/s)
*** CPU     1285 E[90m_[0m[33m2[0m[90mn2[0m                                          arg  1 mem   1.80 GB tm     68.02us/ 15207.37ms (      0 GFLOPS    0|0      GB/s)
*** CPU     1286 E[90m_[0m[97m1214464[0m[90m_[0m[33m2[0m[90m[0m                                    arg  3 mem   1.81 GB tm   1500.47us/ 15208.87ms (    105 GFLOPS    6|6      GB/s)
*** CPU     1287 E[90m_[0m[97m151808[0m[90m_[0m[94m16[0m[90m[0m                                    arg  2 mem   1.81 GB tm    728.37us/ 15209.60ms (      3 GFLOPS   17|17     GB/s)
scheduled     3 kernels in     2.77 ms |  cache hit 2633d735 |   72446 uops in cache | /root/src/openpilot/selfdrive/modeld/compile_modeld.py:50
*** CPU     1288 E[90m_[0m[33m2[0m[90mn2[0m                                          arg  1 mem   1.80 GB tm     78.62us/ 15209.68ms (      0 GFLOPS    0|0      GB/s)
*** CPU     1289 E[90m_[0m[97m1214464[0m[90m_[0m[33m2[0m[90m[0m                                    arg  3 mem   1.81 GB tm   1667.18us/ 15211.35ms (     95 GFLOPS    6|6      GB/s)
*** CPU     1290 E[90m_[0m[97m151808[0m[90m_[0m[94m16[0m[90m[0m                                    arg  2 mem   1.81 GB tm   1332.08us/ 15212.68ms (      2 GFLOPS    9|9      GB/s)
[35m*** CPU     1291[0m [33mcopy       36 B,     CPU <- NPY    [0m            arg  2 mem   1.80 GB tm     53.86us/ 15212.73ms (      0 GFLOPS    0|0      GB/s)
[35m*** CPU     1292[0m [33mcopy       36 B,     CPU <- NPY    [0m            arg  2 mem   1.80 GB tm     20.57us/ 15212.75ms (      0 GFLOPS    0|0      GB/s)
[35m*** CPU     1293[0m [36mbatched 7[0m                                      arg  0 mem   1.80 GB tm   2872.01us/ 15215.63ms (      1 GFLOPS    1|1      GB/s)
  [1/1] enqueue   6.42 ms -- total   6.91 ms
*** AMD     1294 [33mcopy  960.00 KB,     AMD <- NPY    [0m            arg  2 mem   1.80 GB tm   9114.94us/ 15224.74ms (      0 GFLOPS    0|0      GB/s)
*** AMD     1295 [33mcopy  960.00 KB,     AMD <- NPY    [0m            arg  2 mem   1.80 GB tm   8324.21us/ 15233.07ms (      0 GFLOPS    0|0      GB/s)
scheduled     5 kernels in     2.70 ms |  cache hit cb604038 |   72458 uops in cache | /root/src/openpilot/selfdrive/modeld/compile_modeld.py:50
*** CPU     1296 [33mcopy        8 B,     CPU <- PYTHON [0m            arg  2 mem   1.80 GB tm     34.46us/ 15233.10ms (      0 GFLOPS    0|0      GB/s)
*** CPU     1297 [33mcopy        8 B,     CPU <- PYTHON [0m            arg  2 mem   1.80 GB tm     27.18us/ 15233.13ms (      0 GFLOPS    0|0      GB/s)
*** CPU     1298 E[90m_[0m[33m2[0m[90mn2[0m                                          arg  1 mem   1.80 GB tm     48.71us/ 15233.18ms (      0 GFLOPS    0|0      GB/s)
*** CPU     1299 E[90m_[0m[97m1214464[0m[90m_[0m[33m2[0m[90m[0m                                    arg  3 mem   1.81 GB tm   1303.50us/ 15234.48ms (    121 GFLOPS    7|7      GB/s)
*** CPU     1300 E[90m_[0m[97m151808[0m[90m_[0m[94m16[0m[90m[0m                                    arg  2 mem   1.81 GB tm    659.77us/ 15235.14ms (      4 GFLOPS   18|18     GB/s)
scheduled     3 kernels in     2.18 ms |  cache hit 2633d735 |   72446 uops in cache | /root/src/openpilot/selfdrive/modeld/compile_modeld.py:50
*** CPU     1301 E[90m_[0m[33m2[0m[90mn2[0m                                          arg  1 mem   1.80 GB tm     47.76us/ 15235.19ms (      0 GFLOPS    0|0      GB/s)
*** CPU     1302 E[90m_[0m[97m1214464[0m[90m_[0m[33m2[0m[90m[0m                                    arg  3 mem   1.81 GB tm   1306.54us/ 15236.49ms (    121 GFLOPS    7|7      GB/s)
*** CPU     1303 E[90m_[0m[97m151808[0m[90m_[0m[94m16[0m[90m[0m                                    arg  2 mem   1.81 GB tm    554.19us/ 15237.05ms (      4 GFLOPS   22|22     GB/s)
[35m*** CPU     1304[0m [33mcopy       36 B,     CPU <- NPY    [0m            arg  2 mem   1.80 GB tm     42.08us/ 15237.09ms (      0 GFLOPS    0|0      GB/s)
[35m*** CPU     1305[0m [33mcopy       36 B,     CPU <- NPY    [0m            arg  2 mem   1.80 GB tm     37.66us/ 15237.13ms (      0 GFLOPS    0|0      GB/s)
[35m*** CPU     1306[0m [36mbatched 7[0m                                      arg  0 mem   1.80 GB tm   2646.19us/ 15239.77ms (      1 GFLOPS    1|1      GB/s)
  [1/1] enqueue   3.71 ms -- total   4.25 ms
Saved JITs to /root/models/big_driving_gfx1032_accseed.pkl (1774.46 MB)
am usb:2-9: Finalizing
compile exit=0   log=/root/runs/accseed.compile.log   audit=/root/runs/accseed.audit.jsonl   (115 audited kernels)
