  LTSSM before: 0x78
  LTSSM off   : 0x00
  LTSSM up    : 0x78 after 0.5s
=== compile_model.sh tag=audit0  2026-08-28T18:01:13-07:00 ===
env  BEAM=2
env  BEAM_PADTO=<unset>
env  BEAM_LOCAL_MAX=256
env  BEAM_UPCAST_MAX=64
env  BEAM_DEV_TIMEOUT=0
env  IGNORE_BEAM_CACHE=0
env  AMD_FMA_MIX=<unset>
env  AMD_DOT2=<unset>
env  AMD_WGP_MODE=<unset>
env  PCONTIG=<unset>
env  FLOAT16=1
env  JIT_BATCH_SIZE=0
env  GMMU=0
env  TC_OPT=2
env  NOOPT=<unset>
out  /root/models/big_driving_gfx1032_audit0.pkl
opened device DISK:/root/models/big_driving_supercombo.onnx.unchunked from pid:432
opened device PYTHON from pid:432
am usb:2-5: product string: 'custom ed4e39b7-CLEAN'
am usb:2-5: AM_SOC initialized
am usb:2-5: AM_GMC initialized
am usb:2-5: AM_IH initialized
am usb:2-5: loading sos component: PSP_FW_TYPE_PSP_KDB
am usb:2-5: loading sos component: PSP_FW_TYPE_PSP_SPL
am usb:2-5: loading sos component: PSP_FW_TYPE_PSP_SYS_DRV
am usb:2-5: loading sos component: PSP_FW_TYPE_PSP_SOS
am usb:2-5: loading fw: GFX_FW_TYPE_SMU
am usb:2-5: loading fw: GFX_FW_TYPE_SDMA0
am usb:2-5: loading fw: GFX_FW_TYPE_CP_PFP
am usb:2-5: loading fw: GFX_FW_TYPE_CP_ME
am usb:2-5: loading fw: GFX_FW_TYPE_CP_CE
am usb:2-5: loading fw: GFX_FW_TYPE_CP_MEC
am usb:2-5: loading fw: GFX_FW_TYPE_RLC_IRAM
am usb:2-5: loading fw: GFX_FW_TYPE_RLC_DRAM_BOOT
am usb:2-5: loading fw: GFX_FW_TYPE_RLC_G
am usb:2-5: AM_PSP initialized
am usb:2-5: patched 292 bytes of VBIOS board data into the pptable
am usb:2-5: not enabling DS_GFXCLK, GFX_ULV, GFXOFF, MM_DPM_PG, MMHUB_PG, ATHUB_PG: no handshake to wake a gated block
am usb:2-5: running features 0x00003463a32bedfb
am usb:2-5: AM_SMU initialized
am usb:2-5: AM_GFX initialized
am usb:2-5: AM_SDMA initialized
am usb:2-5: GPU power limit set to 100W
am usb:2-5: clock request accepted for PPCLK_GFXCLK, PPCLK_SOCCLK, PPCLK_UCLK
am usb:2-5: boot done
AMDDevice: opening 0 with target (10, 3, 2) arch gfx1032
opened device AMD from pid:432
[32m*** AMD        1[0m [33mcopy        2 B,     AMD <- DISK:/r[0m            arg  2 mem   0.00 GB tm   3510.98us/     3.51ms (      0 GFLOPS    0|0      GB/s)
*** AMD        2 [33mcopy        2 B,     AMD <- DISK:/r[0m            arg  2 mem   0.00 GB tm   3500.44us/     7.01ms (      0 GFLOPS    0|0      GB/s)
[32m*** AMD        3[0m [33mcopy        8 B,     AMD <- DISK:/r[0m            arg  2 mem   0.00 GB tm   3340.95us/    10.35ms (      0 GFLOPS    0|0      GB/s)
*** AMD        4 [33mcopy        2 B,     AMD <- DISK:/r[0m            arg  2 mem   0.00 GB tm   3142.90us/    13.50ms (      0 GFLOPS    0|0      GB/s)
*** AMD        5 [33mcopy        2 B,     AMD <- DISK:/r[0m            arg  2 mem   0.00 GB tm   3283.03us/    16.78ms (      0 GFLOPS    0|0      GB/s)
*** AMD        6 [33mcopy        8 B,     AMD <- DISK:/r[0m            arg  2 mem   0.00 GB tm   4272.20us/    21.05ms (      0 GFLOPS    0|0      GB/s)
capture + replay
opened device NPY from pid:432
[32m*** AMD        7[0m [33mcopy  960.00 KB,     AMD <- NPY    [0m            arg  2 mem   0.00 GB tm   9722.98us/    30.77ms (      0 GFLOPS    0|0      GB/s)
*** AMD        8 [33mcopy  960.00 KB,     AMD <- NPY    [0m            arg  2 mem   0.00 GB tm   7518.89us/    38.29ms (      0 GFLOPS    0|0      GB/s)
[32m*** AMD        9[0m [33mcopy  192.00 KB,     AMD <- NPY    [0m            arg  2 mem   0.00 GB tm   3889.79us/    42.18ms (      0 GFLOPS    0|0      GB/s)
[32m*** AMD       10[0m [33mcopy    3.12 KB,     AMD <- NPY    [0m            arg  2 mem   0.00 GB tm   3190.92us/    45.37ms (      0 GFLOPS    0|0      GB/s)
scheduled     5 kernels in   236.72 ms | CACHE MISS 07271cab |    4746 uops in cache | /root/src/openpilot/selfdrive/modeld/compile_modeld.py:50
/root/src/tinygrad_repo/tinygrad/codegen/opt/search.py:137: FutureWarning: Possible nested set at position 2
  _ANSI = re.compile("\x1b[[0-9;]*m")
opened device CPU from pid:432
[32m*** CPU       11[0m [33mcopy        8 B,     CPU <- PYTHON [0m            arg  2 mem   0.00 GB tm     44.73us/    45.42ms (      0 GFLOPS    0|0      GB/s)
*** CPU       12 [33mcopy        8 B,     CPU <- PYTHON [0m            arg  2 mem   0.00 GB tm     31.70us/    45.45ms (      0 GFLOPS    0|0      GB/s)
[32m*** CPU       13[0m E[90m_[0m[33m2[0m[90m[0m                                            arg  1 mem   0.01 GB tm     32.54us/    45.48ms (      0 GFLOPS    0|0      GB/s)
[32m*** CPU       14[0m E[90m_[0m[97m65536[0m[90m_[0m[33m2[0m[90m_[0m[33m3[0m[90m[0m                                    arg  3 mem   0.01 GB tm    910.76us/    46.39ms (     28 GFLOPS    2|2      GB/s)
[32m*** CPU       15[0m E[90m_[0m[97m32768[0m[90m_[0m[94m4[0m[90m_[0m[33m3[0m[90m[0m                                    arg  2 mem   0.01 GB tm    332.45us/    46.73ms (      1 GFLOPS    6|6      GB/s)
scheduled     2 kernels in    25.52 ms | CACHE MISS 30a92e1f |    5279 uops in cache | /root/src/openpilot/selfdrive/modeld/compile_modeld.py:202
[32m*** AMD       16[0m [33mcopy    2.05 KB,     AMD <- NPY    [0m            arg  2 mem   0.01 GB tm   3393.70us/    50.12ms (      0 GFLOPS    0|0      GB/s)
[32m*** AMD       17[0m [33mcopy  384.00 KB,     AMD <- CPU    [0m            arg  2 mem   0.01 GB tm   3907.02us/    54.03ms (      0 GFLOPS    0|0      GB/s)
/root/src/tinygrad_repo/tinygrad/nn/onnx.py:409: UserWarning: input desire_pulse has mismatch on dtype. Expected dtypes.half, received dtypes.float.
  if tensor.dtype is not spec.dtype: warnings.warn(f"input {name} has mismatch on dtype. Expected {spec.dtype}, received {tensor.dtype}.")
/root/src/tinygrad_repo/tinygrad/nn/onnx.py:409: UserWarning: input traffic_convention has mismatch on dtype. Expected dtypes.half, received dtypes.float.
  if tensor.dtype is not spec.dtype: warnings.warn(f"input {name} has mismatch on dtype. Expected {spec.dtype}, received {tensor.dtype}.")
/root/src/tinygrad_repo/tinygrad/nn/onnx.py:409: UserWarning: input action_t has mismatch on dtype. Expected dtypes.half, received dtypes.float.
  if tensor.dtype is not spec.dtype: warnings.warn(f"input {name} has mismatch on dtype. Expected {spec.dtype}, received {tensor.dtype}.")
/root/src/tinygrad_repo/tinygrad/nn/onnx.py:409: UserWarning: input features_buffer has mismatch on dtype. Expected dtypes.half, received dtypes.float.
  if tensor.dtype is not spec.dtype: warnings.warn(f"input {name} has mismatch on dtype. Expected {spec.dtype}, received {tensor.dtype}.")
*** AMD       18 [33mcopy        8 B,     AMD <- DISK:/r[0m            arg  2 mem   0.01 GB tm   3209.23us/    57.24ms (      0 GFLOPS    0|0      GB/s)
*** AMD       19 [33mcopy        8 B,     AMD <- DISK:/r[0m            arg  2 mem   0.01 GB tm   2837.59us/    60.07ms (      0 GFLOPS    0|0      GB/s)
*** AMD       20 [33mcopy        8 B,     AMD <- DISK:/r[0m            arg  2 mem   0.01 GB tm   2527.21us/    62.60ms (      0 GFLOPS    0|0      GB/s)
*** AMD       21 [33mcopy        8 B,     AMD <- DISK:/r[0m            arg  2 mem   0.01 GB tm   2901.37us/    65.50ms (      0 GFLOPS    0|0      GB/s)
*** AMD       22 [33mcopy        8 B,     AMD <- DISK:/r[0m            arg  2 mem   0.01 GB tm   3529.64us/    69.03ms (      0 GFLOPS    0|0      GB/s)
[32m*** AMD       23[0m [33mcopy       16 B,     AMD <- DISK:/r[0m            arg  2 mem   0.01 GB tm   2721.48us/    71.75ms (      0 GFLOPS    0|0      GB/s)
*** AMD       24 [33mcopy       16 B,     AMD <- DISK:/r[0m            arg  2 mem   0.01 GB tm   3647.10us/    75.40ms (      0 GFLOPS    0|0      GB/s)
*** AMD       25 [33mcopy       16 B,     AMD <- DISK:/r[0m            arg  2 mem   0.01 GB tm   2646.37us/    78.05ms (      0 GFLOPS    0|0      GB/s)
[32m*** AMD       26[0m [33mcopy       24 B,     AMD <- DISK:/r[0m            arg  2 mem   0.01 GB tm   4433.38us/    82.48ms (      0 GFLOPS    0|0      GB/s)
[32m*** AMD       27[0m [33mcopy       40 B,     AMD <- DISK:/r[0m            arg  2 mem   0.01 GB tm   3431.81us/    85.91ms (      0 GFLOPS    0|0      GB/s)
*** AMD       28 [33mcopy       24 B,     AMD <- DISK:/r[0m            arg  2 mem   0.01 GB tm   2454.18us/    88.37ms (      0 GFLOPS    0|0      GB/s)
[32m*** AMD       29[0m [33mcopy       32 B,     AMD <- DISK:/r[0m            arg  2 mem   0.01 GB tm   3023.59us/    91.39ms (      0 GFLOPS    0|0      GB/s)
*** AMD       30 [33mcopy       24 B,     AMD <- DISK:/r[0m            arg  2 mem   0.01 GB tm   2679.46us/    94.07ms (      0 GFLOPS    0|0      GB/s)
[32m*** CPU       31[0m E[90m[0m                                              arg  1 mem   0.01 GB tm      7.82us/    94.08ms (      0 GFLOPS    0|0      GB/s)
scheduled  1105 kernels in  2953.88 ms | CACHE MISS d3c5d085 |   50437 uops in cache | /root/src/openpilot/selfdrive/modeld/compile_modeld.py:240
memory reduced from 177.32 MB -> 14.17 MB, 485 -> 1 bufs
[32m*** AMD       32[0m [33mcopy    1.00 KB,     AMD <- DISK:/r[0m            arg  2 mem   0.01 GB tm   4028.51us/    98.10ms (      0 GFLOPS    0|0      GB/s)
*** AMD       33 [33mcopy    1.00 KB,     AMD <- DISK:/r[0m            arg  2 mem   0.01 GB tm   3288.30us/   101.39ms (      0 GFLOPS    0|0      GB/s)
[32m*** AMD       34[0m [33mcopy    1.00 MB,     AMD <- DISK:/r[0m            arg  2 mem   0.01 GB tm [33m    13.98ms[0m/   115.37ms (      0 GFLOPS    0|0      GB/s)
*** AMD       35 [33mcopy    1.00 MB,     AMD <- DISK:/r[0m            arg  2 mem   0.01 GB tm [33m    10.43ms[0m/   125.81ms (      0 GFLOPS    0|0      GB/s)
*** AMD       36 [33mcopy    1.00 KB,     AMD <- DISK:/r[0m            arg  2 mem   0.01 GB tm   2883.06us/   128.69ms (      0 GFLOPS    0|0      GB/s)
*** AMD       37 [33mcopy    1.00 KB,     AMD <- DISK:/r[0m            arg  2 mem   0.01 GB tm   2219.86us/   130.91ms (      0 GFLOPS    0|0      GB/s)
*** AMD       38 [33mcopy    1.00 MB,     AMD <- DISK:/r[0m            arg  2 mem   0.01 GB tm [33m    10.62ms[0m/   141.53ms (      0 GFLOPS    0|0      GB/s)
*** AMD       39 [33mcopy    1.00 MB,     AMD <- DISK:/r[0m            arg  2 mem   0.02 GB tm [33m    10.56ms[0m/   152.09ms (      0 GFLOPS    0|0      GB/s)
[32m*** AMD       40[0m [33mcopy  294.00 KB,     AMD <- DISK:/r[0m            arg  2 mem   0.02 GB tm   3407.64us/   155.50ms (      0 GFLOPS    0|0      GB/s)
[32m*** AMD       41[0m [33mcopy    6.00 KB,     AMD <- DISK:/r[0m            arg  2 mem   0.02 GB tm   2442.02us/   157.94ms (      0 GFLOPS    0|0      GB/s)
*** AMD       42 [33mcopy    6.00 KB,     AMD <- DISK:/r[0m            arg  2 mem   0.02 GB tm   2476.27us/   160.41ms (      0 GFLOPS    0|0      GB/s)
*** AMD       43 [33mcopy    6.00 KB,     AMD <- DISK:/r[0m            arg  2 mem   0.02 GB tm   3601.36us/   164.02ms (      0 GFLOPS    0|0      GB/s)
[32m*** AMD       44[0m [33mcopy   72.00 MB,     AMD <- DISK:/r[0m            arg  2 mem   0.09 GB tm [33m   537.02ms[0m/   701.04ms (      0 GFLOPS    0|0      GB/s)
[32m*** AMD       45[0m [33mcopy   24.00 KB,     AMD <- DISK:/r[0m            arg  2 mem   0.09 GB tm   2694.72us/   703.73ms (      0 GFLOPS    0|0      GB/s)
*** AMD       46 [33mcopy   72.00 MB,     AMD <- DISK:/r[0m            arg  2 mem   0.17 GB tm [33m   516.49ms[0m/  1220.22ms (      0 GFLOPS    0|0      GB/s)
*** AMD       47 [33mcopy    6.00 KB,     AMD <- DISK:/r[0m            arg  2 mem   0.17 GB tm   2172.91us/  1222.40ms (      0 GFLOPS    0|0      GB/s)
*** AMD       48 [33mcopy  294.00 KB,     AMD <- DISK:/r[0m            arg  2 mem   0.17 GB tm   3073.85us/  1225.47ms (      0 GFLOPS    0|0      GB/s)
*** AMD       49 [33mcopy    6.00 KB,     AMD <- DISK:/r[0m            arg  2 mem   0.17 GB tm   2415.50us/  1227.89ms (      0 GFLOPS    0|0      GB/s)
*** AMD       50 [33mcopy    6.00 KB,     AMD <- DISK:/r[0m            arg  2 mem   0.17 GB tm   2370.27us/  1230.26ms (      0 GFLOPS    0|0      GB/s)
*** AMD       51 [33mcopy    6.00 KB,     AMD <- DISK:/r[0m            arg  2 mem   0.17 GB tm   2304.12us/  1232.56ms (      0 GFLOPS    0|0      GB/s)
*** AMD       52 [33mcopy   72.00 MB,     AMD <- DISK:/r[0m            arg  2 mem   0.24 GB tm [33m   517.89ms[0m/  1750.45ms (      0 GFLOPS    0|0      GB/s)
*** AMD       53 [33mcopy   24.00 KB,     AMD <- DISK:/r[0m            arg  2 mem   0.24 GB tm   2955.60us/  1753.41ms (      0 GFLOPS    0|0      GB/s)
*** AMD       54 [33mcopy   72.00 MB,     AMD <- DISK:/r[0m            arg  2 mem   0.32 GB tm [33m   556.48ms[0m/  2309.89ms (      0 GFLOPS    0|0      GB/s)
*** AMD       55 [33mcopy    6.00 KB,     AMD <- DISK:/r[0m            arg  2 mem   0.32 GB tm   2405.90us/  2312.29ms (      0 GFLOPS    0|0      GB/s)
*** AMD       56 [33mcopy  294.00 KB,     AMD <- DISK:/r[0m            arg  2 mem   0.32 GB tm   3155.36us/  2315.45ms (      0 GFLOPS    0|0      GB/s)
*** AMD       57 [33mcopy    6.00 KB,     AMD <- DISK:/r[0m            arg  2 mem   0.32 GB tm   2601.98us/  2318.05ms (      0 GFLOPS    0|0      GB/s)
*** AMD       58 [33mcopy    6.00 KB,     AMD <- DISK:/r[0m            arg  2 mem   0.32 GB tm   2501.19us/  2320.55ms (      0 GFLOPS    0|0      GB/s)
*** AMD       59 [33mcopy    6.00 KB,     AMD <- DISK:/r[0m            arg  2 mem   0.32 GB tm   2318.10us/  2322.87ms (      0 GFLOPS    0|0      GB/s)
*** AMD       60 [33mcopy   72.00 MB,     AMD <- DISK:/r[0m            arg  2 mem   0.39 GB tm [33m   585.99ms[0m/  2908.86ms (      0 GFLOPS    0|0      GB/s)
*** AMD       61 [33mcopy   24.00 KB,     AMD <- DISK:/r[0m            arg  2 mem   0.39 GB tm   3277.73us/  2912.14ms (      0 GFLOPS    0|0      GB/s)
*** AMD       62 [33mcopy   72.00 MB,     AMD <- DISK:/r[0m            arg  2 mem   0.47 GB tm [33m   564.21ms[0m/  3476.35ms (      0 GFLOPS    0|0      GB/s)
*** AMD       63 [33mcopy    6.00 KB,     AMD <- DISK:/r[0m            arg  2 mem   0.47 GB tm   2919.73us/  3479.27ms (      0 GFLOPS    0|0      GB/s)
[32m*** AMD       64[0m [33mcopy  147.00 KB,     AMD <- DISK:/r[0m            arg  2 mem   0.47 GB tm   3470.04us/  3482.74ms (      0 GFLOPS    0|0      GB/s)
[32m*** AMD       65[0m [33mcopy    3.00 KB,     AMD <- DISK:/r[0m            arg  2 mem   0.47 GB tm   2567.06us/  3485.30ms (      0 GFLOPS    0|0      GB/s)
*** AMD       66 [33mcopy    3.00 KB,     AMD <- DISK:/r[0m            arg  2 mem   0.47 GB tm   2196.92us/  3487.50ms (      0 GFLOPS    0|0      GB/s)
*** AMD       67 [33mcopy    3.00 KB,     AMD <- DISK:/r[0m            arg  2 mem   0.47 GB tm   2448.44us/  3489.95ms (      0 GFLOPS    0|0      GB/s)
[32m*** AMD       68[0m [33mcopy   18.00 MB,     AMD <- DISK:/r[0m            arg  2 mem   0.49 GB tm [33m   122.27ms[0m/  3612.22ms (      0 GFLOPS    0|0      GB/s)
[32m*** AMD       69[0m [33mcopy   12.00 KB,     AMD <- DISK:/r[0m            arg  2 mem   0.49 GB tm   2122.12us/  3614.34ms (      0 GFLOPS    0|0      GB/s)
*** AMD       70 [33mcopy   18.00 MB,     AMD <- DISK:/r[0m            arg  2 mem   0.51 GB tm [33m   121.66ms[0m/  3736.00ms (      0 GFLOPS    0|0      GB/s)
*** AMD       71 [33mcopy    3.00 KB,     AMD <- DISK:/r[0m            arg  2 mem   0.51 GB tm   2313.87us/  3738.31ms (      0 GFLOPS    0|0      GB/s)
*** AMD       72 [33mcopy    3.00 KB,     AMD <- DISK:/r[0m            arg  2 mem   0.51 GB tm   2153.70us/  3740.47ms (      0 GFLOPS    0|0      GB/s)
*** AMD       73 [33mcopy  147.00 KB,     AMD <- DISK:/r[0m            arg  2 mem   0.51 GB tm   2849.39us/  3743.32ms (      0 GFLOPS    0|0      GB/s)
*** AMD       74 [33mcopy    3.00 KB,     AMD <- DISK:/r[0m            arg  2 mem   0.51 GB tm   2379.06us/  3745.69ms (      0 GFLOPS    0|0      GB/s)
*** AMD       75 [33mcopy    3.00 KB,     AMD <- DISK:/r[0m            arg  2 mem   0.51 GB tm   2365.91us/  3748.06ms (      0 GFLOPS    0|0      GB/s)
*** AMD       76 [33mcopy    3.00 KB,     AMD <- DISK:/r[0m            arg  2 mem   0.51 GB tm   2060.54us/  3750.12ms (      0 GFLOPS    0|0      GB/s)
*** AMD       77 [33mcopy   18.00 MB,     AMD <- DISK:/r[0m            arg  2 mem   0.53 GB tm [33m   123.69ms[0m/  3873.81ms (      0 GFLOPS    0|0      GB/s)
*** AMD       78 [33mcopy   12.00 KB,     AMD <- DISK:/r[0m            arg  2 mem   0.53 GB tm   2160.15us/  3875.97ms (      0 GFLOPS    0|0      GB/s)
*** AMD       79 [33mcopy   18.00 MB,     AMD <- DISK:/r[0m            arg  2 mem   0.55 GB tm [33m   120.42ms[0m/  3996.39ms (      0 GFLOPS    0|0      GB/s)
*** AMD       80 [33mcopy    3.00 KB,     AMD <- DISK:/r[0m            arg  2 mem   0.55 GB tm   2147.82us/  3998.54ms (      0 GFLOPS    0|0      GB/s)
*** AMD       81 [33mcopy    3.00 KB,     AMD <- DISK:/r[0m            arg  2 mem   0.55 GB tm   2183.40us/  4000.72ms (      0 GFLOPS    0|0      GB/s)
*** AMD       82 [33mcopy  147.00 KB,     AMD <- DISK:/r[0m            arg  2 mem   0.55 GB tm   2699.86us/  4003.42ms (      0 GFLOPS    0|0      GB/s)
*** AMD       83 [33mcopy    3.00 KB,     AMD <- DISK:/r[0m            arg  2 mem   0.55 GB tm   2849.99us/  4006.27ms (      0 GFLOPS    0|0      GB/s)
*** AMD       84 [33mcopy    3.00 KB,     AMD <- DISK:/r[0m            arg  2 mem   0.55 GB tm   2967.05us/  4009.24ms (      0 GFLOPS    0|0      GB/s)
*** AMD       85 [33mcopy    3.00 KB,     AMD <- DISK:/r[0m            arg  2 mem   0.55 GB tm   2368.70us/  4011.61ms (      0 GFLOPS    0|0      GB/s)
*** AMD       86 [33mcopy   18.00 MB,     AMD <- DISK:/r[0m            arg  2 mem   0.56 GB tm [33m   136.75ms[0m/  4148.35ms (      0 GFLOPS    0|0      GB/s)
*** AMD       87 [33mcopy   12.00 KB,     AMD <- DISK:/r[0m            arg  2 mem   0.56 GB tm   2662.45us/  4151.01ms (      0 GFLOPS    0|0      GB/s)
*** AMD       88 [33mcopy   18.00 MB,     AMD <- DISK:/r[0m            arg  2 mem   0.58 GB tm [33m   171.22ms[0m/  4322.23ms (      0 GFLOPS    0|0      GB/s)
*** AMD       89 [33mcopy    3.00 KB,     AMD <- DISK:/r[0m            arg  2 mem   0.58 GB tm   2281.06us/  4324.51ms (      0 GFLOPS    0|0      GB/s)
*** AMD       90 [33mcopy    3.00 KB,     AMD <- DISK:/r[0m            arg  2 mem   0.58 GB tm   2693.89us/  4327.20ms (      0 GFLOPS    0|0      GB/s)
*** AMD       91 [33mcopy  147.00 KB,     AMD <- DISK:/r[0m            arg  2 mem   0.58 GB tm   2896.50us/  4330.10ms (      0 GFLOPS    0|0      GB/s)
*** AMD       92 [33mcopy    3.00 KB,     AMD <- DISK:/r[0m            arg  2 mem   0.58 GB tm   2864.68us/  4332.97ms (      0 GFLOPS    0|0      GB/s)
*** AMD       93 [33mcopy    3.00 KB,     AMD <- DISK:/r[0m            arg  2 mem   0.58 GB tm   2660.19us/  4335.63ms (      0 GFLOPS    0|0      GB/s)
*** AMD       94 [33mcopy    3.00 KB,     AMD <- DISK:/r[0m            arg  2 mem   0.58 GB tm   2506.21us/  4338.13ms (      0 GFLOPS    0|0      GB/s)
*** AMD       95 [33mcopy   18.00 MB,     AMD <- DISK:/r[0m            arg  2 mem   0.60 GB tm [33m   298.80ms[0m/  4636.93ms (      0 GFLOPS    0|0      GB/s)
*** AMD       96 [33mcopy   12.00 KB,     AMD <- DISK:/r[0m            arg  2 mem   0.60 GB tm   5194.66us/  4642.13ms (      0 GFLOPS    0|0      GB/s)
*** AMD       97 [33mcopy   18.00 MB,     AMD <- DISK:/r[0m            arg  2 mem   0.62 GB tm [33m   248.51ms[0m/  4890.63ms (      0 GFLOPS    0|0      GB/s)
*** AMD       98 [33mcopy    3.00 KB,     AMD <- DISK:/r[0m            arg  2 mem   0.62 GB tm   3969.64us/  4894.60ms (      0 GFLOPS    0|0      GB/s)
*** AMD       99 [33mcopy    3.00 KB,     AMD <- DISK:/r[0m            arg  2 mem   0.62 GB tm   3397.67us/  4898.00ms (      0 GFLOPS    0|0      GB/s)
*** AMD      100 [33mcopy  147.00 KB,     AMD <- DISK:/r[0m            arg  2 mem   0.62 GB tm   4368.42us/  4902.37ms (      0 GFLOPS    0|0      GB/s)
*** AMD      101 [33mcopy    3.00 KB,     AMD <- DISK:/r[0m            arg  2 mem   0.62 GB tm   3437.53us/  4905.81ms (      0 GFLOPS    0|0      GB/s)
*** AMD      102 [33mcopy    3.00 KB,     AMD <- DISK:/r[0m            arg  2 mem   0.62 GB tm   3489.23us/  4909.29ms (      0 GFLOPS    0|0      GB/s)
*** AMD      103 [33mcopy    3.00 KB,     AMD <- DISK:/r[0m            arg  2 mem   0.62 GB tm   3481.96us/  4912.78ms (      0 GFLOPS    0|0      GB/s)
*** AMD      104 [33mcopy   18.00 MB,     AMD <- DISK:/r[0m            arg  2 mem   0.64 GB tm [33m   190.04ms[0m/  5102.82ms (      0 GFLOPS    0|0      GB/s)
*** AMD      105 [33mcopy   12.00 KB,     AMD <- DISK:/r[0m            arg  2 mem   0.64 GB tm   3034.93us/  5105.85ms (      0 GFLOPS    0|0      GB/s)
*** AMD      106 [33mcopy   18.00 MB,     AMD <- DISK:/r[0m            arg  2 mem   0.66 GB tm [33m   150.87ms[0m/  5256.72ms (      0 GFLOPS    0|0      GB/s)
*** AMD      107 [33mcopy    3.00 KB,     AMD <- DISK:/r[0m            arg  2 mem   0.66 GB tm   2898.47us/  5259.62ms (      0 GFLOPS    0|0      GB/s)
*** AMD      108 [33mcopy    3.00 KB,     AMD <- DISK:/r[0m            arg  2 mem   0.66 GB tm   2752.64us/  5262.37ms (      0 GFLOPS    0|0      GB/s)
*** AMD      109 [33mcopy  147.00 KB,     AMD <- DISK:/r[0m            arg  2 mem   0.66 GB tm   3084.71us/  5265.46ms (      0 GFLOPS    0|0      GB/s)
*** AMD      110 [33mcopy    3.00 KB,     AMD <- DISK:/r[0m            arg  2 mem   0.66 GB tm   2396.04us/  5267.85ms (      0 GFLOPS    0|0      GB/s)
*** AMD      111 [33mcopy    3.00 KB,     AMD <- DISK:/r[0m            arg  2 mem   0.66 GB tm   3163.58us/  5271.02ms (      0 GFLOPS    0|0      GB/s)
*** AMD      112 [33mcopy    3.00 KB,     AMD <- DISK:/r[0m            arg  2 mem   0.66 GB tm   2419.83us/  5273.44ms (      0 GFLOPS    0|0      GB/s)
*** AMD      113 [33mcopy   18.00 MB,     AMD <- DISK:/r[0m            arg  2 mem   0.68 GB tm [33m   137.72ms[0m/  5411.16ms (      0 GFLOPS    0|0      GB/s)
*** AMD      114 [33mcopy   12.00 KB,     AMD <- DISK:/r[0m            arg  2 mem   0.68 GB tm   2633.71us/  5413.79ms (      0 GFLOPS    0|0      GB/s)
*** AMD      115 [33mcopy   18.00 MB,     AMD <- DISK:/r[0m            arg  2 mem   0.70 GB tm [33m   142.68ms[0m/  5556.48ms (      0 GFLOPS    0|0      GB/s)
*** AMD      116 [33mcopy    3.00 KB,     AMD <- DISK:/r[0m            arg  2 mem   0.70 GB tm   3540.09us/  5560.02ms (      0 GFLOPS    0|0      GB/s)
*** AMD      117 [33mcopy    3.00 KB,     AMD <- DISK:/r[0m            arg  2 mem   0.70 GB tm   2986.62us/  5563.00ms (      0 GFLOPS    0|0      GB/s)
*** AMD      118 [33mcopy  147.00 KB,     AMD <- DISK:/r[0m            arg  2 mem   0.70 GB tm   5113.72us/  5568.12ms (      0 GFLOPS    0|0      GB/s)
*** AMD      119 [33mcopy    3.00 KB,     AMD <- DISK:/r[0m            arg  2 mem   0.70 GB tm   3727.98us/  5571.84ms (      0 GFLOPS    0|0      GB/s)
*** AMD      120 [33mcopy    3.00 KB,     AMD <- DISK:/r[0m            arg  2 mem   0.70 GB tm   2748.00us/  5574.59ms (      0 GFLOPS    0|0      GB/s)
*** AMD      121 [33mcopy    3.00 KB,     AMD <- DISK:/r[0m            arg  2 mem   0.70 GB tm   3771.97us/  5578.36ms (      0 GFLOPS    0|0      GB/s)
*** AMD      122 [33mcopy   18.00 MB,     AMD <- DISK:/r[0m            arg  2 mem   0.72 GB tm [33m   177.45ms[0m/  5755.82ms (      0 GFLOPS    0|0      GB/s)
*** AMD      123 [33mcopy   12.00 KB,     AMD <- DISK:/r[0m            arg  2 mem   0.72 GB tm   3167.54us/  5758.98ms (      0 GFLOPS    0|0      GB/s)
*** AMD      124 [33mcopy   18.00 MB,     AMD <- DISK:/r[0m            arg  2 mem   0.74 GB tm [33m   211.18ms[0m/  5970.16ms (      0 GFLOPS    0|0      GB/s)
*** AMD      125 [33mcopy    3.00 KB,     AMD <- DISK:/r[0m            arg  2 mem   0.74 GB tm   2574.48us/  5972.74ms (      0 GFLOPS    0|0      GB/s)
*** AMD      126 [33mcopy    3.00 KB,     AMD <- DISK:/r[0m            arg  2 mem   0.74 GB tm   2486.81us/  5975.22ms (      0 GFLOPS    0|0      GB/s)
*** AMD      127 [33mcopy  147.00 KB,     AMD <- DISK:/r[0m            arg  2 mem   0.74 GB tm   3449.79us/  5978.67ms (      0 GFLOPS    0|0      GB/s)
*** AMD      128 [33mcopy    3.00 KB,     AMD <- DISK:/r[0m            arg  2 mem   0.74 GB tm   2208.77us/  5980.88ms (      0 GFLOPS    0|0      GB/s)
*** AMD      129 [33mcopy    3.00 KB,     AMD <- DISK:/r[0m            arg  2 mem   0.74 GB tm   2236.52us/  5983.12ms (      0 GFLOPS    0|0      GB/s)
*** AMD      130 [33mcopy    3.00 KB,     AMD <- DISK:/r[0m            arg  2 mem   0.74 GB tm   2310.99us/  5985.43ms (      0 GFLOPS    0|0      GB/s)
*** AMD      131 [33mcopy   18.00 MB,     AMD <- DISK:/r[0m            arg  2 mem   0.75 GB tm [33m   148.82ms[0m/  6134.25ms (      0 GFLOPS    0|0      GB/s)
*** AMD      132 [33mcopy   12.00 KB,     AMD <- DISK:/r[0m            arg  2 mem   0.75 GB tm   2750.35us/  6137.00ms (      0 GFLOPS    0|0      GB/s)
*** AMD      133 [33mcopy   18.00 MB,     AMD <- DISK:/r[0m            arg  2 mem   0.77 GB tm [33m   157.61ms[0m/  6294.61ms (      0 GFLOPS    0|0      GB/s)
*** AMD      134 [33mcopy    3.00 KB,     AMD <- DISK:/r[0m            arg  2 mem   0.77 GB tm   2585.08us/  6297.19ms (      0 GFLOPS    0|0      GB/s)
*** AMD      135 [33mcopy    3.00 KB,     AMD <- DISK:/r[0m            arg  2 mem   0.77 GB tm   2852.64us/  6300.05ms (      0 GFLOPS    0|0      GB/s)
*** AMD      136 [33mcopy  147.00 KB,     AMD <- DISK:/r[0m            arg  2 mem   0.77 GB tm   2986.59us/  6303.03ms (      0 GFLOPS    0|0      GB/s)
*** AMD      137 [33mcopy    3.00 KB,     AMD <- DISK:/r[0m            arg  2 mem   0.77 GB tm   2191.05us/  6305.22ms (      0 GFLOPS    0|0      GB/s)
*** AMD      138 [33mcopy    3.00 KB,     AMD <- DISK:/r[0m            arg  2 mem   0.77 GB tm   3000.72us/  6308.22ms (      0 GFLOPS    0|0      GB/s)
*** AMD      139 [33mcopy    3.00 KB,     AMD <- DISK:/r[0m            arg  2 mem   0.77 GB tm   2442.86us/  6310.67ms (      0 GFLOPS    0|0      GB/s)
*** AMD      140 [33mcopy   18.00 MB,     AMD <- DISK:/r[0m            arg  2 mem   0.79 GB tm [33m   219.19ms[0m/  6529.85ms (      0 GFLOPS    0|0      GB/s)
*** AMD      141 [33mcopy   12.00 KB,     AMD <- DISK:/r[0m            arg  2 mem   0.79 GB tm   6031.25us/  6535.89ms (      0 GFLOPS    0|0      GB/s)
*** AMD      142 [33mcopy   18.00 MB,     AMD <- DISK:/r[0m            arg  2 mem   0.81 GB tm [33m   154.19ms[0m/  6690.08ms (      0 GFLOPS    0|0      GB/s)
*** AMD      143 [33mcopy    3.00 KB,     AMD <- DISK:/r[0m            arg  2 mem   0.81 GB tm   2739.62us/  6692.82ms (      0 GFLOPS    0|0      GB/s)
*** AMD      144 [33mcopy    3.00 KB,     AMD <- DISK:/r[0m            arg  2 mem   0.81 GB tm   2610.63us/  6695.43ms (      0 GFLOPS    0|0      GB/s)
*** AMD      145 [33mcopy  147.00 KB,     AMD <- DISK:/r[0m            arg  2 mem   0.81 GB tm   3584.31us/  6699.01ms (      0 GFLOPS    0|0      GB/s)
*** AMD      146 [33mcopy    3.00 KB,     AMD <- DISK:/r[0m            arg  2 mem   0.81 GB tm   2388.08us/  6701.40ms (      0 GFLOPS    0|0      GB/s)
*** AMD      147 [33mcopy    3.00 KB,     AMD <- DISK:/r[0m            arg  2 mem   0.81 GB tm   2412.40us/  6703.81ms (      0 GFLOPS    0|0      GB/s)
*** AMD      148 [33mcopy    3.00 KB,     AMD <- DISK:/r[0m            arg  2 mem   0.81 GB tm   2623.55us/  6706.44ms (      0 GFLOPS    0|0      GB/s)
*** AMD      149 [33mcopy   18.00 MB,     AMD <- DISK:/r[0m            arg  2 mem   0.83 GB tm [33m   139.03ms[0m/  6845.46ms (      0 GFLOPS    0|0      GB/s)
*** AMD      150 [33mcopy   12.00 KB,     AMD <- DISK:/r[0m            arg  2 mem   0.83 GB tm   2224.90us/  6847.69ms (      0 GFLOPS    0|0      GB/s)
*** AMD      151 [33mcopy   18.00 MB,     AMD <- DISK:/r[0m            arg  2 mem   0.85 GB tm [33m   134.86ms[0m/  6982.54ms (      0 GFLOPS    0|0      GB/s)
*** AMD      152 [33mcopy    3.00 KB,     AMD <- DISK:/r[0m            arg  2 mem   0.85 GB tm   2271.99us/  6984.81ms (      0 GFLOPS    0|0      GB/s)
*** AMD      153 [33mcopy    3.00 KB,     AMD <- DISK:/r[0m            arg  2 mem   0.85 GB tm   2356.75us/  6987.17ms (      0 GFLOPS    0|0      GB/s)
*** AMD      154 [33mcopy  147.00 KB,     AMD <- DISK:/r[0m            arg  2 mem   0.85 GB tm   3139.91us/  6990.31ms (      0 GFLOPS    0|0      GB/s)
*** AMD      155 [33mcopy    3.00 KB,     AMD <- DISK:/r[0m            arg  2 mem   0.85 GB tm   2154.88us/  6992.47ms (      0 GFLOPS    0|0      GB/s)
*** AMD      156 [33mcopy    3.00 KB,     AMD <- DISK:/r[0m            arg  2 mem   0.85 GB tm   2114.62us/  6994.58ms (      0 GFLOPS    0|0      GB/s)
*** AMD      157 [33mcopy    3.00 KB,     AMD <- DISK:/r[0m            arg  2 mem   0.85 GB tm   2816.92us/  6997.40ms (      0 GFLOPS    0|0      GB/s)
*** AMD      158 [33mcopy   18.00 MB,     AMD <- DISK:/r[0m            arg  2 mem   0.87 GB tm [33m   138.65ms[0m/  7136.05ms (      0 GFLOPS    0|0      GB/s)
*** AMD      159 [33mcopy   12.00 KB,     AMD <- DISK:/r[0m            arg  2 mem   0.87 GB tm   2538.81us/  7138.59ms (      0 GFLOPS    0|0      GB/s)
*** AMD      160 [33mcopy   18.00 MB,     AMD <- DISK:/r[0m            arg  2 mem   0.89 GB tm [33m   139.84ms[0m/  7278.43ms (      0 GFLOPS    0|0      GB/s)
*** AMD      161 [33mcopy    3.00 KB,     AMD <- DISK:/r[0m            arg  2 mem   0.89 GB tm   3057.63us/  7281.49ms (      0 GFLOPS    0|0      GB/s)
*** AMD      162 [33mcopy    3.00 KB,     AMD <- DISK:/r[0m            arg  2 mem   0.89 GB tm   2383.03us/  7283.87ms (      0 GFLOPS    0|0      GB/s)
*** AMD      163 [33mcopy  147.00 KB,     AMD <- DISK:/r[0m            arg  2 mem   0.89 GB tm   3860.41us/  7287.73ms (      0 GFLOPS    0|0      GB/s)
*** AMD      164 [33mcopy    3.00 KB,     AMD <- DISK:/r[0m            arg  2 mem   0.89 GB tm   3703.05us/  7291.43ms (      0 GFLOPS    0|0      GB/s)
*** AMD      165 [33mcopy    3.00 KB,     AMD <- DISK:/r[0m            arg  2 mem   0.89 GB tm   2426.26us/  7293.86ms (      0 GFLOPS    0|0      GB/s)
*** AMD      166 [33mcopy    3.00 KB,     AMD <- DISK:/r[0m            arg  2 mem   0.89 GB tm   2488.76us/  7296.35ms (      0 GFLOPS    0|0      GB/s)
*** AMD      167 [33mcopy   18.00 MB,     AMD <- DISK:/r[0m            arg  2 mem   0.91 GB tm [33m   150.84ms[0m/  7447.18ms (      0 GFLOPS    0|0      GB/s)
*** AMD      168 [33mcopy   12.00 KB,     AMD <- DISK:/r[0m            arg  2 mem   0.91 GB tm   3535.64us/  7450.72ms (      0 GFLOPS    0|0      GB/s)
*** AMD      169 [33mcopy   18.00 MB,     AMD <- DISK:/r[0m            arg  2 mem   0.92 GB tm [33m   144.22ms[0m/  7594.94ms (      0 GFLOPS    0|0      GB/s)
*** AMD      170 [33mcopy    3.00 KB,     AMD <- DISK:/r[0m            arg  2 mem   0.92 GB tm   2454.64us/  7597.40ms (      0 GFLOPS    0|0      GB/s)
*** AMD      171 [33mcopy    3.00 KB,     AMD <- DISK:/r[0m            arg  2 mem   0.92 GB tm   3187.35us/  7600.59ms (      0 GFLOPS    0|0      GB/s)
*** AMD      172 [33mcopy  147.00 KB,     AMD <- DISK:/r[0m            arg  2 mem   0.92 GB tm   3202.37us/  7603.79ms (      0 GFLOPS    0|0      GB/s)
*** AMD      173 [33mcopy    3.00 KB,     AMD <- DISK:/r[0m            arg  2 mem   0.92 GB tm   2356.86us/  7606.15ms (      0 GFLOPS    0|0      GB/s)
*** AMD      174 [33mcopy    3.00 KB,     AMD <- DISK:/r[0m            arg  2 mem   0.92 GB tm   2671.89us/  7608.82ms (      0 GFLOPS    0|0      GB/s)
*** AMD      175 [33mcopy    3.00 KB,     AMD <- DISK:/r[0m            arg  2 mem   0.92 GB tm   3372.65us/  7612.19ms (      0 GFLOPS    0|0      GB/s)
*** AMD      176 [33mcopy   18.00 MB,     AMD <- DISK:/r[0m            arg  2 mem   0.94 GB tm [33m   145.52ms[0m/  7757.71ms (      0 GFLOPS    0|0      GB/s)
*** AMD      177 [33mcopy   12.00 KB,     AMD <- DISK:/r[0m            arg  2 mem   0.94 GB tm   2783.82us/  7760.49ms (      0 GFLOPS    0|0      GB/s)
*** AMD      178 [33mcopy   18.00 MB,     AMD <- DISK:/r[0m            arg  2 mem   0.96 GB tm [33m   143.37ms[0m/  7903.86ms (      0 GFLOPS    0|0      GB/s)
*** AMD      179 [33mcopy    3.00 KB,     AMD <- DISK:/r[0m            arg  2 mem   0.96 GB tm   2496.21us/  7906.36ms (      0 GFLOPS    0|0      GB/s)
*** AMD      180 [33mcopy    3.00 KB,     AMD <- DISK:/r[0m            arg  2 mem   0.96 GB tm   2395.13us/  7908.75ms (      0 GFLOPS    0|0      GB/s)
*** AMD      181 [33mcopy  147.00 KB,     AMD <- DISK:/r[0m            arg  2 mem   0.96 GB tm   3094.62us/  7911.85ms (      0 GFLOPS    0|0      GB/s)
*** AMD      182 [33mcopy    3.00 KB,     AMD <- DISK:/r[0m            arg  2 mem   0.96 GB tm   2273.60us/  7914.12ms (      0 GFLOPS    0|0      GB/s)
*** AMD      183 [33mcopy    3.00 KB,     AMD <- DISK:/r[0m            arg  2 mem   0.96 GB tm   2634.71us/  7916.75ms (      0 GFLOPS    0|0      GB/s)
*** AMD      184 [33mcopy    3.00 KB,     AMD <- DISK:/r[0m            arg  2 mem   0.96 GB tm   2617.26us/  7919.37ms (      0 GFLOPS    0|0      GB/s)
*** AMD      185 [33mcopy   18.00 MB,     AMD <- DISK:/r[0m            arg  2 mem   0.98 GB tm [33m   133.43ms[0m/  8052.80ms (      0 GFLOPS    0|0      GB/s)
*** AMD      186 [33mcopy   12.00 KB,     AMD <- DISK:/r[0m            arg  2 mem   0.98 GB tm   3034.34us/  8055.84ms (      0 GFLOPS    0|0      GB/s)
*** AMD      187 [33mcopy   18.00 MB,     AMD <- DISK:/r[0m            arg  2 mem   1.00 GB tm [33m   137.24ms[0m/  8193.08ms (      0 GFLOPS    0|0      GB/s)
*** AMD      188 [33mcopy    3.00 KB,     AMD <- DISK:/r[0m            arg  2 mem   1.00 GB tm   2971.18us/  8196.05ms (      0 GFLOPS    0|0      GB/s)
*** AMD      189 [33mcopy    3.00 KB,     AMD <- DISK:/r[0m            arg  2 mem   1.00 GB tm   3127.56us/  8199.17ms (      0 GFLOPS    0|0      GB/s)
*** AMD      190 [33mcopy  147.00 KB,     AMD <- DISK:/r[0m            arg  2 mem   1.00 GB tm   3743.96us/  8202.92ms (      0 GFLOPS    0|0      GB/s)
*** AMD      191 [33mcopy    3.00 KB,     AMD <- DISK:/r[0m            arg  2 mem   1.00 GB tm   2872.21us/  8205.79ms (      0 GFLOPS    0|0      GB/s)
*** AMD      192 [33mcopy    3.00 KB,     AMD <- DISK:/r[0m            arg  2 mem   1.00 GB tm   2390.06us/  8208.18ms (      0 GFLOPS    0|0      GB/s)
*** AMD      193 [33mcopy    3.00 KB,     AMD <- DISK:/r[0m            arg  2 mem   1.00 GB tm   2866.31us/  8211.05ms (      0 GFLOPS    0|0      GB/s)
*** AMD      194 [33mcopy   18.00 MB,     AMD <- DISK:/r[0m            arg  2 mem   1.02 GB tm [33m   138.96ms[0m/  8350.01ms (      0 GFLOPS    0|0      GB/s)
*** AMD      195 [33mcopy   12.00 KB,     AMD <- DISK:/r[0m            arg  2 mem   1.02 GB tm   2974.20us/  8352.98ms (      0 GFLOPS    0|0      GB/s)
*** AMD      196 [33mcopy   18.00 MB,     AMD <- DISK:/r[0m            arg  2 mem   1.04 GB tm [33m   187.24ms[0m/  8540.22ms (      0 GFLOPS    0|0      GB/s)
*** AMD      197 [33mcopy    3.00 KB,     AMD <- DISK:/r[0m            arg  2 mem   1.04 GB tm   5967.20us/  8546.19ms (      0 GFLOPS    0|0      GB/s)
*** AMD      198 [33mcopy    3.00 KB,     AMD <- DISK:/r[0m            arg  2 mem   1.04 GB tm   3677.49us/  8549.87ms (      0 GFLOPS    0|0      GB/s)
*** AMD      199 [33mcopy  147.00 KB,     AMD <- DISK:/r[0m            arg  2 mem   1.04 GB tm   5098.30us/  8554.97ms (      0 GFLOPS    0|0      GB/s)
*** AMD      200 [33mcopy    3.00 KB,     AMD <- DISK:/r[0m            arg  2 mem   1.04 GB tm   3954.25us/  8558.92ms (      0 GFLOPS    0|0      GB/s)
*** AMD      201 [33mcopy    3.00 KB,     AMD <- DISK:/r[0m            arg  2 mem   1.04 GB tm   4407.64us/  8563.33ms (      0 GFLOPS    0|0      GB/s)
*** AMD      202 [33mcopy    3.00 KB,     AMD <- DISK:/r[0m            arg  2 mem   1.04 GB tm   3580.77us/  8566.91ms (      0 GFLOPS    0|0      GB/s)
*** AMD      203 [33mcopy   18.00 MB,     AMD <- DISK:/r[0m            arg  2 mem   1.06 GB tm [33m   158.93ms[0m/  8725.84ms (      0 GFLOPS    0|0      GB/s)
*** AMD      204 [33mcopy   12.00 KB,     AMD <- DISK:/r[0m            arg  2 mem   1.06 GB tm   2612.54us/  8728.45ms (      0 GFLOPS    0|0      GB/s)
*** AMD      205 [33mcopy   18.00 MB,     AMD <- DISK:/r[0m            arg  2 mem   1.08 GB tm [33m   139.02ms[0m/  8867.48ms (      0 GFLOPS    0|0      GB/s)
*** AMD      206 [33mcopy    3.00 KB,     AMD <- DISK:/r[0m            arg  2 mem   1.08 GB tm   2154.97us/  8869.63ms (      0 GFLOPS    0|0      GB/s)
*** AMD      207 [33mcopy    3.00 KB,     AMD <- DISK:/r[0m            arg  2 mem   1.08 GB tm   2907.57us/  8872.54ms (      0 GFLOPS    0|0      GB/s)
*** AMD      208 [33mcopy  147.00 KB,     AMD <- DISK:/r[0m            arg  2 mem   1.08 GB tm   2642.40us/  8875.18ms (      0 GFLOPS    0|0      GB/s)
*** AMD      209 [33mcopy    3.00 KB,     AMD <- DISK:/r[0m            arg  2 mem   1.08 GB tm   2747.54us/  8877.93ms (      0 GFLOPS    0|0      GB/s)
*** AMD      210 [33mcopy    3.00 KB,     AMD <- DISK:/r[0m            arg  2 mem   1.08 GB tm   3037.99us/  8880.97ms (      0 GFLOPS    0|0      GB/s)
*** AMD      211 [33mcopy    3.00 KB,     AMD <- DISK:/r[0m            arg  2 mem   1.08 GB tm   3070.50us/  8884.04ms (      0 GFLOPS    0|0      GB/s)
*** AMD      212 [33mcopy   18.00 MB,     AMD <- DISK:/r[0m            arg  2 mem   1.10 GB tm [33m   127.25ms[0m/  9011.28ms (      0 GFLOPS    0|0      GB/s)
*** AMD      213 [33mcopy   12.00 KB,     AMD <- DISK:/r[0m            arg  2 mem   1.10 GB tm   2355.23us/  9013.64ms (      0 GFLOPS    0|0      GB/s)
*** AMD      214 [33mcopy   18.00 MB,     AMD <- DISK:/r[0m            arg  2 mem   1.11 GB tm [33m   161.49ms[0m/  9175.13ms (      0 GFLOPS    0|0      GB/s)
*** AMD      215 [33mcopy    3.00 KB,     AMD <- DISK:/r[0m            arg  2 mem   1.11 GB tm   3687.18us/  9178.82ms (      0 GFLOPS    0|0      GB/s)
*** AMD      216 [33mcopy    3.00 KB,     AMD <- DISK:/r[0m            arg  2 mem   1.11 GB tm   3450.11us/  9182.27ms (      0 GFLOPS    0|0      GB/s)
*** AMD      217 [33mcopy  147.00 KB,     AMD <- DISK:/r[0m            arg  2 mem   1.11 GB tm   2847.13us/  9185.11ms (      0 GFLOPS    0|0      GB/s)
*** AMD      218 [33mcopy    3.00 KB,     AMD <- DISK:/r[0m            arg  2 mem   1.11 GB tm   2216.32us/  9187.33ms (      0 GFLOPS    0|0      GB/s)
*** AMD      219 [33mcopy    3.00 KB,     AMD <- DISK:/r[0m            arg  2 mem   1.11 GB tm   2451.90us/  9189.78ms (      0 GFLOPS    0|0      GB/s)
*** AMD      220 [33mcopy    3.00 KB,     AMD <- DISK:/r[0m            arg  2 mem   1.11 GB tm   3320.69us/  9193.10ms (      0 GFLOPS    0|0      GB/s)
*** AMD      221 [33mcopy   18.00 MB,     AMD <- DISK:/r[0m            arg  2 mem   1.13 GB tm [33m   149.56ms[0m/  9342.67ms (      0 GFLOPS    0|0      GB/s)
*** AMD      222 [33mcopy   12.00 KB,     AMD <- DISK:/r[0m            arg  2 mem   1.13 GB tm   2990.36us/  9345.66ms (      0 GFLOPS    0|0      GB/s)
*** AMD      223 [33mcopy   18.00 MB,     AMD <- DISK:/r[0m            arg  2 mem   1.15 GB tm [33m   141.06ms[0m/  9486.72ms (      0 GFLOPS    0|0      GB/s)
*** AMD      224 [33mcopy    3.00 KB,     AMD <- DISK:/r[0m            arg  2 mem   1.15 GB tm   2332.80us/  9489.06ms (      0 GFLOPS    0|0      GB/s)
*** AMD      225 [33mcopy    3.00 KB,     AMD <- DISK:/r[0m            arg  2 mem   1.15 GB tm   2102.42us/  9491.16ms (      0 GFLOPS    0|0      GB/s)
*** AMD      226 [33mcopy  147.00 KB,     AMD <- DISK:/r[0m            arg  2 mem   1.15 GB tm   3287.65us/  9494.45ms (      0 GFLOPS    0|0      GB/s)
*** AMD      227 [33mcopy    3.00 KB,     AMD <- DISK:/r[0m            arg  2 mem   1.15 GB tm   3093.76us/  9497.54ms (      0 GFLOPS    0|0      GB/s)
*** AMD      228 [33mcopy    3.00 KB,     AMD <- DISK:/r[0m            arg  2 mem   1.15 GB tm   2723.09us/  9500.26ms (      0 GFLOPS    0|0      GB/s)
*** AMD      229 [33mcopy    3.00 KB,     AMD <- DISK:/r[0m            arg  2 mem   1.15 GB tm   3201.34us/  9503.46ms (      0 GFLOPS    0|0      GB/s)
*** AMD      230 [33mcopy   18.00 MB,     AMD <- DISK:/r[0m            arg  2 mem   1.17 GB tm [33m   207.66ms[0m/  9711.12ms (      0 GFLOPS    0|0      GB/s)
*** AMD      231 [33mcopy   12.00 KB,     AMD <- DISK:/r[0m            arg  2 mem   1.17 GB tm   3108.91us/  9714.23ms (      0 GFLOPS    0|0      GB/s)
*** AMD      232 [33mcopy   18.00 MB,     AMD <- DISK:/r[0m            arg  2 mem   1.19 GB tm [33m   144.85ms[0m/  9859.09ms (      0 GFLOPS    0|0      GB/s)
*** AMD      233 [33mcopy    3.00 KB,     AMD <- DISK:/r[0m            arg  2 mem   1.19 GB tm   3046.30us/  9862.13ms (      0 GFLOPS    0|0      GB/s)
*** AMD      234 [33mcopy    3.00 KB,     AMD <- DISK:/r[0m            arg  2 mem   1.19 GB tm   2734.00us/  9864.87ms (      0 GFLOPS    0|0      GB/s)
*** AMD      235 [33mcopy  147.00 KB,     AMD <- DISK:/r[0m            arg  2 mem   1.19 GB tm   4385.39us/  9869.25ms (      0 GFLOPS    0|0      GB/s)
*** AMD      236 [33mcopy    3.00 KB,     AMD <- DISK:/r[0m            arg  2 mem   1.19 GB tm   4025.09us/  9873.28ms (      0 GFLOPS    0|0      GB/s)
*** AMD      237 [33mcopy    3.00 KB,     AMD <- DISK:/r[0m            arg  2 mem   1.19 GB tm   2712.47us/  9875.99ms (      0 GFLOPS    0|0      GB/s)
*** AMD      238 [33mcopy    3.00 KB,     AMD <- DISK:/r[0m            arg  2 mem   1.19 GB tm   2535.20us/  9878.53ms (      0 GFLOPS    0|0      GB/s)
*** AMD      239 [33mcopy   18.00 MB,     AMD <- DISK:/r[0m            arg  2 mem   1.21 GB tm [33m   149.84ms[0m/ 10028.36ms (      0 GFLOPS    0|0      GB/s)
*** AMD      240 [33mcopy   12.00 KB,     AMD <- DISK:/r[0m            arg  2 mem   1.21 GB tm   3209.33us/ 10031.57ms (      0 GFLOPS    0|0      GB/s)
*** AMD      241 [33mcopy   18.00 MB,     AMD <- DISK:/r[0m            arg  2 mem   1.23 GB tm [33m   220.66ms[0m/ 10252.24ms (      0 GFLOPS    0|0      GB/s)
*** AMD      242 [33mcopy    3.00 KB,     AMD <- DISK:/r[0m            arg  2 mem   1.23 GB tm   2403.69us/ 10254.64ms (      0 GFLOPS    0|0      GB/s)
*** AMD      243 [33mcopy    3.00 KB,     AMD <- DISK:/r[0m            arg  2 mem   1.23 GB tm   2597.91us/ 10257.24ms (      0 GFLOPS    0|0      GB/s)
*** AMD      244 [33mcopy  147.00 KB,     AMD <- DISK:/r[0m            arg  2 mem   1.23 GB tm   3312.82us/ 10260.55ms (      0 GFLOPS    0|0      GB/s)
*** AMD      245 [33mcopy    3.00 KB,     AMD <- DISK:/r[0m            arg  2 mem   1.23 GB tm   2819.82us/ 10263.37ms (      0 GFLOPS    0|0      GB/s)
*** AMD      246 [33mcopy    3.00 KB,     AMD <- DISK:/r[0m            arg  2 mem   1.23 GB tm   3393.31us/ 10266.76ms (      0 GFLOPS    0|0      GB/s)
*** AMD      247 [33mcopy    3.00 KB,     AMD <- DISK:/r[0m            arg  2 mem   1.23 GB tm   3640.54us/ 10270.41ms (      0 GFLOPS    0|0      GB/s)
*** AMD      248 [33mcopy   18.00 MB,     AMD <- DISK:/r[0m            arg  2 mem   1.25 GB tm [33m   141.58ms[0m/ 10411.98ms (      0 GFLOPS    0|0      GB/s)
*** AMD      249 [33mcopy   12.00 KB,     AMD <- DISK:/r[0m            arg  2 mem   1.25 GB tm   3334.22us/ 10415.32ms (      0 GFLOPS    0|0      GB/s)
*** AMD      250 [33mcopy   18.00 MB,     AMD <- DISK:/r[0m            arg  2 mem   1.27 GB tm [33m   151.84ms[0m/ 10567.16ms (      0 GFLOPS    0|0      GB/s)
*** AMD      251 [33mcopy    3.00 KB,     AMD <- DISK:/r[0m            arg  2 mem   1.27 GB tm   2672.10us/ 10569.83ms (      0 GFLOPS    0|0      GB/s)
*** AMD      252 [33mcopy    3.00 KB,     AMD <- DISK:/r[0m            arg  2 mem   1.27 GB tm   2824.16us/ 10572.65ms (      0 GFLOPS    0|0      GB/s)
*** AMD      253 [33mcopy  147.00 KB,     AMD <- DISK:/r[0m            arg  2 mem   1.27 GB tm   2956.44us/ 10575.61ms (      0 GFLOPS    0|0      GB/s)
*** AMD      254 [33mcopy    3.00 KB,     AMD <- DISK:/r[0m            arg  2 mem   1.27 GB tm   2156.73us/ 10577.77ms (      0 GFLOPS    0|0      GB/s)
*** AMD      255 [33mcopy    3.00 KB,     AMD <- DISK:/r[0m            arg  2 mem   1.27 GB tm   3587.34us/ 10581.35ms (      0 GFLOPS    0|0      GB/s)
*** AMD      256 [33mcopy    3.00 KB,     AMD <- DISK:/r[0m            arg  2 mem   1.27 GB tm   2607.29us/ 10583.96ms (      0 GFLOPS    0|0      GB/s)
*** AMD      257 [33mcopy   18.00 MB,     AMD <- DISK:/r[0m            arg  2 mem   1.29 GB tm [33m   140.35ms[0m/ 10724.31ms (      0 GFLOPS    0|0      GB/s)
*** AMD      258 [33mcopy   12.00 KB,     AMD <- DISK:/r[0m            arg  2 mem   1.29 GB tm   3203.16us/ 10727.51ms (      0 GFLOPS    0|0      GB/s)
*** AMD      259 [33mcopy   18.00 MB,     AMD <- DISK:/r[0m            arg  2 mem   1.30 GB tm [33m   136.95ms[0m/ 10864.46ms (      0 GFLOPS    0|0      GB/s)
*** AMD      260 [33mcopy    3.00 KB,     AMD <- DISK:/r[0m            arg  2 mem   1.30 GB tm   2258.03us/ 10866.72ms (      0 GFLOPS    0|0      GB/s)
*** AMD      261 [33mcopy    3.00 KB,     AMD <- DISK:/r[0m            arg  2 mem   1.30 GB tm   2674.71us/ 10869.39ms (      0 GFLOPS    0|0      GB/s)
*** AMD      262 [33mcopy  147.00 KB,     AMD <- DISK:/r[0m            arg  2 mem   1.30 GB tm   3431.43us/ 10872.82ms (      0 GFLOPS    0|0      GB/s)
*** AMD      263 [33mcopy    3.00 KB,     AMD <- DISK:/r[0m            arg  2 mem   1.30 GB tm   2565.66us/ 10875.39ms (      0 GFLOPS    0|0      GB/s)
*** AMD      264 [33mcopy    3.00 KB,     AMD <- DISK:/r[0m            arg  2 mem   1.30 GB tm   2212.32us/ 10877.60ms (      0 GFLOPS    0|0      GB/s)
*** AMD      265 [33mcopy    3.00 KB,     AMD <- DISK:/r[0m            arg  2 mem   1.30 GB tm   2193.55us/ 10879.79ms (      0 GFLOPS    0|0      GB/s)
*** AMD      266 [33mcopy   18.00 MB,     AMD <- DISK:/r[0m            arg  2 mem   1.32 GB tm [33m   141.33ms[0m/ 11021.12ms (      0 GFLOPS    0|0      GB/s)
*** AMD      267 [33mcopy   12.00 KB,     AMD <- DISK:/r[0m            arg  2 mem   1.32 GB tm   2262.76us/ 11023.38ms (      0 GFLOPS    0|0      GB/s)
*** AMD      268 [33mcopy   18.00 MB,     AMD <- DISK:/r[0m            arg  2 mem   1.34 GB tm [33m   136.60ms[0m/ 11159.98ms (      0 GFLOPS    0|0      GB/s)
*** AMD      269 [33mcopy    3.00 KB,     AMD <- DISK:/r[0m            arg  2 mem   1.34 GB tm   2363.88us/ 11162.35ms (      0 GFLOPS    0|0      GB/s)
*** AMD      270 [33mcopy    3.00 KB,     AMD <- DISK:/r[0m            arg  2 mem   1.34 GB tm   3222.08us/ 11165.57ms (      0 GFLOPS    0|0      GB/s)
*** AMD      271 [33mcopy  147.00 KB,     AMD <- DISK:/r[0m            arg  2 mem   1.34 GB tm   3193.18us/ 11168.76ms (      0 GFLOPS    0|0      GB/s)
*** AMD      272 [33mcopy    3.00 KB,     AMD <- DISK:/r[0m            arg  2 mem   1.34 GB tm   3805.20us/ 11172.57ms (      0 GFLOPS    0|0      GB/s)
*** AMD      273 [33mcopy    3.00 KB,     AMD <- DISK:/r[0m            arg  2 mem   1.34 GB tm   3637.42us/ 11176.20ms (      0 GFLOPS    0|0      GB/s)
*** AMD      274 [33mcopy    3.00 KB,     AMD <- DISK:/r[0m            arg  2 mem   1.34 GB tm   2954.21us/ 11179.16ms (      0 GFLOPS    0|0      GB/s)
*** AMD      275 [33mcopy   18.00 MB,     AMD <- DISK:/r[0m            arg  2 mem   1.36 GB tm [33m   149.42ms[0m/ 11328.58ms (      0 GFLOPS    0|0      GB/s)
*** AMD      276 [33mcopy   12.00 KB,     AMD <- DISK:/r[0m            arg  2 mem   1.36 GB tm   2332.24us/ 11330.91ms (      0 GFLOPS    0|0      GB/s)
*** AMD      277 [33mcopy   18.00 MB,     AMD <- DISK:/r[0m            arg  2 mem   1.38 GB tm [33m   139.70ms[0m/ 11470.61ms (      0 GFLOPS    0|0      GB/s)
*** AMD      278 [33mcopy    3.00 KB,     AMD <- DISK:/r[0m            arg  2 mem   1.38 GB tm   3282.40us/ 11473.89ms (      0 GFLOPS    0|0      GB/s)
*** AMD      279 [33mcopy    3.00 KB,     AMD <- DISK:/r[0m            arg  2 mem   1.38 GB tm   3105.81us/ 11477.00ms (      0 GFLOPS    0|0      GB/s)
*** AMD      280 [33mcopy  147.00 KB,     AMD <- DISK:/r[0m            arg  2 mem   1.38 GB tm   3377.03us/ 11480.38ms (      0 GFLOPS    0|0      GB/s)
*** AMD      281 [33mcopy    3.00 KB,     AMD <- DISK:/r[0m            arg  2 mem   1.38 GB tm   3189.87us/ 11483.57ms (      0 GFLOPS    0|0      GB/s)
*** AMD      282 [33mcopy    3.00 KB,     AMD <- DISK:/r[0m            arg  2 mem   1.38 GB tm   3100.05us/ 11486.67ms (      0 GFLOPS    0|0      GB/s)
*** AMD      283 [33mcopy    3.00 KB,     AMD <- DISK:/r[0m            arg  2 mem   1.38 GB tm   2368.82us/ 11489.04ms (      0 GFLOPS    0|0      GB/s)
*** AMD      284 [33mcopy   18.00 MB,     AMD <- DISK:/r[0m            arg  2 mem   1.40 GB tm [33m   137.10ms[0m/ 11626.14ms (      0 GFLOPS    0|0      GB/s)
*** AMD      285 [33mcopy   12.00 KB,     AMD <- DISK:/r[0m            arg  2 mem   1.40 GB tm   2874.06us/ 11629.01ms (      0 GFLOPS    0|0      GB/s)
*** AMD      286 [33mcopy   18.00 MB,     AMD <- DISK:/r[0m            arg  2 mem   1.42 GB tm [33m   152.88ms[0m/ 11781.89ms (      0 GFLOPS    0|0      GB/s)
*** AMD      287 [33mcopy    3.00 KB,     AMD <- DISK:/r[0m            arg  2 mem   1.42 GB tm   5033.93us/ 11786.93ms (      0 GFLOPS    0|0      GB/s)
*** AMD      288 [33mcopy    3.00 KB,     AMD <- DISK:/r[0m            arg  2 mem   1.42 GB tm   2967.21us/ 11789.89ms (      0 GFLOPS    0|0      GB/s)
*** AMD      289 [33mcopy  147.00 KB,     AMD <- DISK:/r[0m            arg  2 mem   1.42 GB tm   3867.90us/ 11793.76ms (      0 GFLOPS    0|0      GB/s)
*** AMD      290 [33mcopy    3.00 KB,     AMD <- DISK:/r[0m            arg  2 mem   1.42 GB tm   2789.73us/ 11796.55ms (      0 GFLOPS    0|0      GB/s)
*** AMD      291 [33mcopy    3.00 KB,     AMD <- DISK:/r[0m            arg  2 mem   1.42 GB tm   2579.12us/ 11799.13ms (      0 GFLOPS    0|0      GB/s)
*** AMD      292 [33mcopy    3.00 KB,     AMD <- DISK:/r[0m            arg  2 mem   1.42 GB tm   3753.75us/ 11802.88ms (      0 GFLOPS    0|0      GB/s)
*** AMD      293 [33mcopy   18.00 MB,     AMD <- DISK:/r[0m            arg  2 mem   1.44 GB tm [33m   151.24ms[0m/ 11954.12ms (      0 GFLOPS    0|0      GB/s)
*** AMD      294 [33mcopy   12.00 KB,     AMD <- DISK:/r[0m            arg  2 mem   1.44 GB tm   2931.41us/ 11957.05ms (      0 GFLOPS    0|0      GB/s)
*** AMD      295 [33mcopy   18.00 MB,     AMD <- DISK:/r[0m            arg  2 mem   1.46 GB tm [33m   164.72ms[0m/ 12121.77ms (      0 GFLOPS    0|0      GB/s)
*** AMD      296 [33mcopy    3.00 KB,     AMD <- DISK:/r[0m            arg  2 mem   1.46 GB tm   4341.94us/ 12126.11ms (      0 GFLOPS    0|0      GB/s)
*** AMD      297 [33mcopy    3.00 KB,     AMD <- DISK:/r[0m            arg  2 mem   1.46 GB tm   2902.06us/ 12129.01ms (      0 GFLOPS    0|0      GB/s)
*** AMD      298 [33mcopy  147.00 KB,     AMD <- DISK:/r[0m            arg  2 mem   1.46 GB tm   3082.41us/ 12132.10ms (      0 GFLOPS    0|0      GB/s)
*** AMD      299 [33mcopy    3.00 KB,     AMD <- DISK:/r[0m            arg  2 mem   1.46 GB tm   3075.50us/ 12135.17ms (      0 GFLOPS    0|0      GB/s)
*** AMD      300 [33mcopy    3.00 KB,     AMD <- DISK:/r[0m            arg  2 mem   1.46 GB tm   2762.31us/ 12137.93ms (      0 GFLOPS    0|0      GB/s)
*** AMD      301 [33mcopy    3.00 KB,     AMD <- DISK:/r[0m            arg  2 mem   1.46 GB tm   2719.38us/ 12140.65ms (      0 GFLOPS    0|0      GB/s)
*** AMD      302 [33mcopy   18.00 MB,     AMD <- DISK:/r[0m            arg  2 mem   1.47 GB tm [33m   156.12ms[0m/ 12296.78ms (      0 GFLOPS    0|0      GB/s)
*** AMD      303 [33mcopy   12.00 KB,     AMD <- DISK:/r[0m            arg  2 mem   1.47 GB tm   3987.37us/ 12300.76ms (      0 GFLOPS    0|0      GB/s)
*** AMD      304 [33mcopy   18.00 MB,     AMD <- DISK:/r[0m            arg  2 mem   1.49 GB tm [33m   159.81ms[0m/ 12460.57ms (      0 GFLOPS    0|0      GB/s)
*** AMD      305 [33mcopy    3.00 KB,     AMD <- DISK:/r[0m            arg  2 mem   1.49 GB tm   3217.87us/ 12463.79ms (      0 GFLOPS    0|0      GB/s)
*** AMD      306 [33mcopy    3.00 KB,     AMD <- DISK:/r[0m            arg  2 mem   1.49 GB tm   3148.93us/ 12466.94ms (      0 GFLOPS    0|0      GB/s)
*** AMD      307 [33mcopy  147.00 KB,     AMD <- DISK:/r[0m            arg  2 mem   1.49 GB tm   2792.27us/ 12469.73ms (      0 GFLOPS    0|0      GB/s)
*** AMD      308 [33mcopy    3.00 KB,     AMD <- DISK:/r[0m            arg  2 mem   1.49 GB tm   3258.40us/ 12472.99ms (      0 GFLOPS    0|0      GB/s)
*** AMD      309 [33mcopy    3.00 KB,     AMD <- DISK:/r[0m            arg  2 mem   1.49 GB tm   3146.93us/ 12476.13ms (      0 GFLOPS    0|0      GB/s)
*** AMD      310 [33mcopy    3.00 KB,     AMD <- DISK:/r[0m            arg  2 mem   1.49 GB tm   2820.74us/ 12478.96ms (      0 GFLOPS    0|0      GB/s)
*** AMD      311 [33mcopy   18.00 MB,     AMD <- DISK:/r[0m            arg  2 mem   1.51 GB tm [33m   158.72ms[0m/ 12637.67ms (      0 GFLOPS    0|0      GB/s)
*** AMD      312 [33mcopy   12.00 KB,     AMD <- DISK:/r[0m            arg  2 mem   1.51 GB tm   3159.25us/ 12640.83ms (      0 GFLOPS    0|0      GB/s)
*** AMD      313 [33mcopy   18.00 MB,     AMD <- DISK:/r[0m            arg  2 mem   1.53 GB tm [33m   154.75ms[0m/ 12795.58ms (      0 GFLOPS    0|0      GB/s)
*** AMD      314 [33mcopy    3.00 KB,     AMD <- DISK:/r[0m            arg  2 mem   1.53 GB tm   3145.29us/ 12798.73ms (      0 GFLOPS    0|0      GB/s)
*** AMD      315 [33mcopy    3.00 KB,     AMD <- DISK:/r[0m            arg  2 mem   1.53 GB tm   3471.09us/ 12802.20ms (      0 GFLOPS    0|0      GB/s)
*** AMD      316 [33mcopy  147.00 KB,     AMD <- DISK:/r[0m            arg  2 mem   1.53 GB tm   3705.33us/ 12805.90ms (      0 GFLOPS    0|0      GB/s)
*** AMD      317 [33mcopy    3.00 KB,     AMD <- DISK:/r[0m            arg  2 mem   1.53 GB tm   2593.43us/ 12808.50ms (      0 GFLOPS    0|0      GB/s)
*** AMD      318 [33mcopy    3.00 KB,     AMD <- DISK:/r[0m            arg  2 mem   1.53 GB tm   3859.65us/ 12812.36ms (      0 GFLOPS    0|0      GB/s)
*** AMD      319 [33mcopy    3.00 KB,     AMD <- DISK:/r[0m            arg  2 mem   1.53 GB tm   2979.01us/ 12815.34ms (      0 GFLOPS    0|0      GB/s)
*** AMD      320 [33mcopy   18.00 MB,     AMD <- DISK:/r[0m            arg  2 mem   1.55 GB tm [33m   158.19ms[0m/ 12973.53ms (      0 GFLOPS    0|0      GB/s)
*** AMD      321 [33mcopy   12.00 KB,     AMD <- DISK:/r[0m            arg  2 mem   1.55 GB tm   3044.62us/ 12976.57ms (      0 GFLOPS    0|0      GB/s)
*** AMD      322 [33mcopy   18.00 MB,     AMD <- DISK:/r[0m            arg  2 mem   1.57 GB tm [33m   159.98ms[0m/ 13136.55ms (      0 GFLOPS    0|0      GB/s)
*** AMD      323 [33mcopy    3.00 KB,     AMD <- DISK:/r[0m            arg  2 mem   1.57 GB tm   2605.85us/ 13139.16ms (      0 GFLOPS    0|0      GB/s)
*** AMD      324 [33mcopy    3.00 KB,     AMD <- DISK:/r[0m            arg  2 mem   1.57 GB tm   3356.10us/ 13142.51ms (      0 GFLOPS    0|0      GB/s)
*** AMD      325 [33mcopy  147.00 KB,     AMD <- DISK:/r[0m            arg  2 mem   1.57 GB tm   3400.35us/ 13145.91ms (      0 GFLOPS    0|0      GB/s)
*** AMD      326 [33mcopy    3.00 KB,     AMD <- DISK:/r[0m            arg  2 mem   1.57 GB tm   2681.72us/ 13148.59ms (      0 GFLOPS    0|0      GB/s)
*** AMD      327 [33mcopy    3.00 KB,     AMD <- DISK:/r[0m            arg  2 mem   1.57 GB tm   2651.98us/ 13151.25ms (      0 GFLOPS    0|0      GB/s)
*** AMD      328 [33mcopy    3.00 KB,     AMD <- DISK:/r[0m            arg  2 mem   1.57 GB tm   3637.62us/ 13154.88ms (      0 GFLOPS    0|0      GB/s)
*** AMD      329 [33mcopy   18.00 MB,     AMD <- DISK:/r[0m            arg  2 mem   1.59 GB tm [33m   171.64ms[0m/ 13326.53ms (      0 GFLOPS    0|0      GB/s)
*** AMD      330 [33mcopy   12.00 KB,     AMD <- DISK:/r[0m            arg  2 mem   1.59 GB tm   3585.35us/ 13330.11ms (      0 GFLOPS    0|0      GB/s)
*** AMD      331 [33mcopy   18.00 MB,     AMD <- DISK:/r[0m            arg  2 mem   1.61 GB tm [33m   158.31ms[0m/ 13488.43ms (      0 GFLOPS    0|0      GB/s)
*** AMD      332 [33mcopy    3.00 KB,     AMD <- DISK:/r[0m            arg  2 mem   1.61 GB tm   2704.10us/ 13491.13ms (      0 GFLOPS    0|0      GB/s)
*** AMD      333 [33mcopy    3.00 KB,     AMD <- DISK:/r[0m            arg  2 mem   1.61 GB tm   2889.20us/ 13494.02ms (      0 GFLOPS    0|0      GB/s)
[32m*** AMD      334[0m [33mcopy   73.50 KB,     AMD <- DISK:/r[0m            arg  2 mem   1.61 GB tm   2971.19us/ 13496.99ms (      0 GFLOPS    0|0      GB/s)
[32m*** AMD      335[0m [33mcopy    1.50 KB,     AMD <- DISK:/r[0m            arg  2 mem   1.61 GB tm   2547.98us/ 13499.54ms (      0 GFLOPS    0|0      GB/s)
*** AMD      336 [33mcopy    1.50 KB,     AMD <- DISK:/r[0m            arg  2 mem   1.61 GB tm   3126.03us/ 13502.66ms (      0 GFLOPS    0|0      GB/s)
*** AMD      337 [33mcopy    1.50 KB,     AMD <- DISK:/r[0m            arg  2 mem   1.61 GB tm   2535.04us/ 13505.20ms (      0 GFLOPS    0|0      GB/s)
[32m*** AMD      338[0m [33mcopy    4.50 MB,     AMD <- DISK:/r[0m            arg  2 mem   1.61 GB tm [33m    39.60ms[0m/ 13544.80ms (      0 GFLOPS    0|0      GB/s)
*** AMD      339 [33mcopy    6.00 KB,     AMD <- DISK:/r[0m            arg  2 mem   1.61 GB tm   2893.25us/ 13547.69ms (      0 GFLOPS    0|0      GB/s)
*** AMD      340 [33mcopy    4.50 MB,     AMD <- DISK:/r[0m            arg  2 mem   1.62 GB tm [33m    48.90ms[0m/ 13596.60ms (      0 GFLOPS    0|0      GB/s)
*** AMD      341 [33mcopy    1.50 KB,     AMD <- DISK:/r[0m            arg  2 mem   1.62 GB tm   5118.31us/ 13601.71ms (      0 GFLOPS    0|0      GB/s)
*** AMD      342 [33mcopy    1.50 KB,     AMD <- DISK:/r[0m            arg  2 mem   1.62 GB tm   3737.52us/ 13605.45ms (      0 GFLOPS    0|0      GB/s)
*** AMD      343 [33mcopy   73.50 KB,     AMD <- DISK:/r[0m            arg  2 mem   1.62 GB tm   6812.56us/ 13612.26ms (      0 GFLOPS    0|0      GB/s)
*** AMD      344 [33mcopy    1.50 KB,     AMD <- DISK:/r[0m            arg  2 mem   1.62 GB tm   3878.87us/ 13616.14ms (      0 GFLOPS    0|0      GB/s)
*** AMD      345 [33mcopy    1.50 KB,     AMD <- DISK:/r[0m            arg  2 mem   1.62 GB tm   3938.09us/ 13620.08ms (      0 GFLOPS    0|0      GB/s)
*** AMD      346 [33mcopy    1.50 KB,     AMD <- DISK:/r[0m            arg  2 mem   1.62 GB tm   3446.09us/ 13623.53ms (      0 GFLOPS    0|0      GB/s)
*** AMD      347 [33mcopy    4.50 MB,     AMD <- DISK:/r[0m            arg  2 mem   1.62 GB tm [33m    37.91ms[0m/ 13661.43ms (      0 GFLOPS    0|0      GB/s)
*** AMD      348 [33mcopy    6.00 KB,     AMD <- DISK:/r[0m            arg  2 mem   1.62 GB tm   3584.66us/ 13665.02ms (      0 GFLOPS    0|0      GB/s)
*** AMD      349 [33mcopy    4.50 MB,     AMD <- DISK:/r[0m            arg  2 mem   1.63 GB tm [33m    35.52ms[0m/ 13700.54ms (      0 GFLOPS    0|0      GB/s)
*** AMD      350 [33mcopy    1.50 KB,     AMD <- DISK:/r[0m            arg  2 mem   1.63 GB tm   2479.87us/ 13703.02ms (      0 GFLOPS    0|0      GB/s)
*** AMD      351 [33mcopy    1.50 KB,     AMD <- DISK:/r[0m            arg  2 mem   1.63 GB tm   2285.94us/ 13705.31ms (      0 GFLOPS    0|0      GB/s)
*** AMD      352 [33mcopy   73.50 KB,     AMD <- DISK:/r[0m            arg  2 mem   1.63 GB tm   2349.82us/ 13707.66ms (      0 GFLOPS    0|0      GB/s)
*** AMD      353 [33mcopy    1.50 KB,     AMD <- DISK:/r[0m            arg  2 mem   1.63 GB tm   2187.96us/ 13709.84ms (      0 GFLOPS    0|0      GB/s)
*** AMD      354 [33mcopy    1.50 KB,     AMD <- DISK:/r[0m            arg  2 mem   1.63 GB tm   2726.34us/ 13712.57ms (      0 GFLOPS    0|0      GB/s)
*** AMD      355 [33mcopy    1.50 KB,     AMD <- DISK:/r[0m            arg  2 mem   1.63 GB tm   2345.55us/ 13714.92ms (      0 GFLOPS    0|0      GB/s)
*** AMD      356 [33mcopy    4.50 MB,     AMD <- DISK:/r[0m            arg  2 mem   1.63 GB tm [33m    33.19ms[0m/ 13748.10ms (      0 GFLOPS    0|0      GB/s)
*** AMD      357 [33mcopy    6.00 KB,     AMD <- DISK:/r[0m            arg  2 mem   1.63 GB tm   3004.07us/ 13751.11ms (      0 GFLOPS    0|0      GB/s)
*** AMD      358 [33mcopy    4.50 MB,     AMD <- DISK:/r[0m            arg  2 mem   1.64 GB tm [33m    34.73ms[0m/ 13785.84ms (      0 GFLOPS    0|0      GB/s)
*** AMD      359 [33mcopy    1.50 KB,     AMD <- DISK:/r[0m            arg  2 mem   1.64 GB tm   2286.73us/ 13788.12ms (      0 GFLOPS    0|0      GB/s)
*** AMD      360 [33mcopy    1.50 KB,     AMD <- DISK:/r[0m            arg  2 mem   1.64 GB tm   2516.29us/ 13790.64ms (      0 GFLOPS    0|0      GB/s)
*** AMD      361 [33mcopy   73.50 KB,     AMD <- DISK:/r[0m            arg  2 mem   1.64 GB tm   2308.32us/ 13792.95ms (      0 GFLOPS    0|0      GB/s)
*** AMD      362 [33mcopy    1.50 KB,     AMD <- DISK:/r[0m            arg  2 mem   1.64 GB tm   1993.39us/ 13794.94ms (      0 GFLOPS    0|0      GB/s)
*** AMD      363 [33mcopy    1.50 KB,     AMD <- DISK:/r[0m            arg  2 mem   1.64 GB tm   2975.60us/ 13797.92ms (      0 GFLOPS    0|0      GB/s)
*** AMD      364 [33mcopy    1.50 KB,     AMD <- DISK:/r[0m            arg  2 mem   1.64 GB tm   2470.23us/ 13800.39ms (      0 GFLOPS    0|0      GB/s)
*** AMD      365 [33mcopy    4.50 MB,     AMD <- DISK:/r[0m            arg  2 mem   1.64 GB tm [33m    34.48ms[0m/ 13834.87ms (      0 GFLOPS    0|0      GB/s)
*** AMD      366 [33mcopy    6.00 KB,     AMD <- DISK:/r[0m            arg  2 mem   1.64 GB tm   2512.79us/ 13837.38ms (      0 GFLOPS    0|0      GB/s)
*** AMD      367 [33mcopy    4.50 MB,     AMD <- DISK:/r[0m            arg  2 mem   1.65 GB tm [33m    36.33ms[0m/ 13873.71ms (      0 GFLOPS    0|0      GB/s)
*** AMD      368 [33mcopy    1.50 KB,     AMD <- DISK:/r[0m            arg  2 mem   1.65 GB tm   2756.42us/ 13876.47ms (      0 GFLOPS    0|0      GB/s)
*** AMD      369 [33mcopy    1.50 KB,     AMD <- DISK:/r[0m            arg  2 mem   1.65 GB tm   2358.23us/ 13878.83ms (      0 GFLOPS    0|0      GB/s)
[32m*** AMD      370[0m [33mcopy   36.75 KB,     AMD <- DISK:/r[0m            arg  2 mem   1.65 GB tm   2270.68us/ 13881.10ms (      0 GFLOPS    0|0      GB/s)
[32m*** AMD      371[0m [33mcopy      768 B,     AMD <- DISK:/r[0m            arg  2 mem   1.65 GB tm   2583.62us/ 13883.68ms (      0 GFLOPS    0|0      GB/s)
*** AMD      372 [33mcopy      768 B,     AMD <- DISK:/r[0m            arg  2 mem   1.65 GB tm   3401.74us/ 13887.08ms (      0 GFLOPS    0|0      GB/s)
*** AMD      373 [33mcopy      768 B,     AMD <- DISK:/r[0m            arg  2 mem   1.65 GB tm   2555.71us/ 13889.64ms (      0 GFLOPS    0|0      GB/s)
[32m*** AMD      374[0m [33mcopy    1.12 MB,     AMD <- DISK:/r[0m            arg  2 mem   1.65 GB tm   9710.48us/ 13899.35ms (      0 GFLOPS    0|0      GB/s)
*** AMD      375 [33mcopy    3.00 KB,     AMD <- DISK:/r[0m            arg  2 mem   1.65 GB tm   2803.52us/ 13902.15ms (      0 GFLOPS    0|0      GB/s)
*** AMD      376 [33mcopy    1.12 MB,     AMD <- DISK:/r[0m            arg  2 mem   1.65 GB tm [33m    10.84ms[0m/ 13912.99ms (      0 GFLOPS    0|0      GB/s)
*** AMD      377 [33mcopy      768 B,     AMD <- DISK:/r[0m            arg  2 mem   1.65 GB tm   2852.88us/ 13915.84ms (      0 GFLOPS    0|0      GB/s)
*** AMD      378 [33mcopy      768 B,     AMD <- DISK:/r[0m            arg  2 mem   1.65 GB tm   3022.29us/ 13918.87ms (      0 GFLOPS    0|0      GB/s)
*** AMD      379 [33mcopy   36.75 KB,     AMD <- DISK:/r[0m            arg  2 mem   1.65 GB tm   2742.36us/ 13921.61ms (      0 GFLOPS    0|0      GB/s)
*** AMD      380 [33mcopy      768 B,     AMD <- DISK:/r[0m            arg  2 mem   1.65 GB tm   3255.16us/ 13924.86ms (      0 GFLOPS    0|0      GB/s)
*** AMD      381 [33mcopy      768 B,     AMD <- DISK:/r[0m            arg  2 mem   1.65 GB tm   2247.23us/ 13927.11ms (      0 GFLOPS    0|0      GB/s)
*** AMD      382 [33mcopy      768 B,     AMD <- DISK:/r[0m            arg  2 mem   1.65 GB tm   2882.05us/ 13929.99ms (      0 GFLOPS    0|0      GB/s)
*** AMD      383 [33mcopy    1.12 MB,     AMD <- DISK:/r[0m            arg  2 mem   1.65 GB tm   9582.14us/ 13939.58ms (      0 GFLOPS    0|0      GB/s)
*** AMD      384 [33mcopy    3.00 KB,     AMD <- DISK:/r[0m            arg  2 mem   1.65 GB tm   2568.29us/ 13942.14ms (      0 GFLOPS    0|0      GB/s)
*** AMD      385 [33mcopy    1.12 MB,     AMD <- DISK:/r[0m            arg  2 mem   1.65 GB tm   9462.72us/ 13951.61ms (      0 GFLOPS    0|0      GB/s)
*** AMD      386 [33mcopy      768 B,     AMD <- DISK:/r[0m            arg  2 mem   1.65 GB tm   2804.07us/ 13954.41ms (      0 GFLOPS    0|0      GB/s)
*** AMD      387 [33mcopy      768 B,     AMD <- DISK:/r[0m            arg  2 mem   1.65 GB tm   2411.07us/ 13956.82ms (      0 GFLOPS    0|0      GB/s)
*** AMD      388 [33mcopy   36.75 KB,     AMD <- DISK:/r[0m            arg  2 mem   1.65 GB tm   3559.30us/ 13960.38ms (      0 GFLOPS    0|0      GB/s)
*** AMD      389 [33mcopy      768 B,     AMD <- DISK:/r[0m            arg  2 mem   1.65 GB tm   3003.21us/ 13963.38ms (      0 GFLOPS    0|0      GB/s)
*** AMD      390 [33mcopy      768 B,     AMD <- DISK:/r[0m            arg  2 mem   1.65 GB tm   2296.27us/ 13965.68ms (      0 GFLOPS    0|0      GB/s)
*** AMD      391 [33mcopy      768 B,     AMD <- DISK:/r[0m            arg  2 mem   1.65 GB tm   2634.93us/ 13968.32ms (      0 GFLOPS    0|0      GB/s)
*** AMD      392 [33mcopy    1.12 MB,     AMD <- DISK:/r[0m            arg  2 mem   1.65 GB tm [33m    11.51ms[0m/ 13979.83ms (      0 GFLOPS    0|0      GB/s)
*** AMD      393 [33mcopy    3.00 KB,     AMD <- DISK:/r[0m            arg  2 mem   1.65 GB tm   2123.36us/ 13981.95ms (      0 GFLOPS    0|0      GB/s)
*** AMD      394 [33mcopy    1.12 MB,     AMD <- DISK:/r[0m            arg  2 mem   1.65 GB tm [33m    10.19ms[0m/ 13992.15ms (      0 GFLOPS    0|0      GB/s)
*** AMD      395 [33mcopy      768 B,     AMD <- DISK:/r[0m            arg  2 mem   1.65 GB tm   2452.91us/ 13994.60ms (      0 GFLOPS    0|0      GB/s)
*** AMD      396 [33mcopy      768 B,     AMD <- DISK:/r[0m            arg  2 mem   1.65 GB tm   2874.77us/ 13997.47ms (      0 GFLOPS    0|0      GB/s)
[32m*** AMD      397[0m E[90m_[0m[34m512[0m[90m_[0m[36m32[0m[90m_[0m[36m3[0m[90m_[0m[33m5[0m[90m_[0m[33m4[0m[90m[0m                                 arg  3 mem   1.65 GB tm     22.44us/ 13997.50ms (      0 GFLOPS   88|88     GB/s)
[32m*** AMD      398[0m E[90m_[0m[34m512[0m[90m_[0m[36m4[0m[90m_[0m[36m8[0m[90m_[0m[36m3[0m[90m_[0m[33m5[0m[90m_[0m[33m4[0m[90m[0m                                arg  3 mem   1.65 GB tm     16.96us/ 13997.51ms (      0 GFLOPS  116|116    GB/s)
[32m*** AMD      399[0m [33mcopy       48 B,     AMD <- DISK:/r[0m            arg  2 mem   1.65 GB tm   2294.61us/ 13999.81ms (      0 GFLOPS    0|0      GB/s)
*** AMD      400 [33mcopy       48 B,     AMD <- DISK:/r[0m            arg  2 mem   1.65 GB tm   2465.19us/ 14002.27ms (      0 GFLOPS    0|0      GB/s)
[32m*** AMD      401[0m [33mcopy  288.00 KB,     AMD <- DISK:/r[0m            arg  2 mem   1.65 GB tm   3724.13us/ 14006.00ms (      0 GFLOPS    0|0      GB/s)
*** AMD      402 [33mcopy      768 B,     AMD <- DISK:/r[0m            arg  2 mem   1.65 GB tm   2238.14us/ 14008.24ms (      0 GFLOPS    0|0      GB/s)
*** AMD      403 [33mcopy      768 B,     AMD <- DISK:/r[0m            arg  2 mem   1.65 GB tm   2201.82us/ 14010.44ms (      0 GFLOPS    0|0      GB/s)
*** AMD      404 [33mcopy      768 B,     AMD <- DISK:/r[0m            arg  2 mem   1.65 GB tm   3499.00us/ 14013.94ms (      0 GFLOPS    0|0      GB/s)
*** AMD      405 [33mcopy      768 B,     AMD <- DISK:/r[0m            arg  2 mem   1.65 GB tm   2433.07us/ 14016.37ms (      0 GFLOPS    0|0      GB/s)
*** AMD      406 [33mcopy      768 B,     AMD <- DISK:/r[0m            arg  2 mem   1.65 GB tm   2078.23us/ 14018.45ms (      0 GFLOPS    0|0      GB/s)
[32m*** AMD      407[0m [33mcopy    2.25 MB,     AMD <- DISK:/r[0m            arg  2 mem   1.66 GB tm [33m    17.88ms[0m/ 14036.33ms (      0 GFLOPS    0|0      GB/s)
*** AMD      408 [33mcopy    1.50 KB,     AMD <- DISK:/r[0m            arg  2 mem   1.66 GB tm   2581.53us/ 14038.91ms (      0 GFLOPS    0|0      GB/s)
*** AMD      409 [33mcopy    1.50 KB,     AMD <- DISK:/r[0m            arg  2 mem   1.66 GB tm   2828.42us/ 14041.74ms (      0 GFLOPS    0|0      GB/s)
*** AMD      410 [33mcopy    1.50 KB,     AMD <- DISK:/r[0m            arg  2 mem   1.66 GB tm   3371.44us/ 14045.11ms (      0 GFLOPS    0|0      GB/s)
[32m*** AMD      411[0m [33mcopy    9.00 MB,     AMD <- DISK:/r[0m            arg  2 mem   1.67 GB tm [33m    78.59ms[0m/ 14123.70ms (      0 GFLOPS    0|0      GB/s)
*** AMD      412 [33mcopy    3.00 KB,     AMD <- DISK:/r[0m            arg  2 mem   1.67 GB tm   6082.63us/ 14129.78ms (      0 GFLOPS    0|0      GB/s)
*** AMD      413 [33mcopy    3.00 KB,     AMD <- DISK:/r[0m            arg  2 mem   1.67 GB tm   5388.77us/ 14135.17ms (      0 GFLOPS    0|0      GB/s)
*** AMD      414 [33mcopy    3.00 KB,     AMD <- DISK:/r[0m            arg  2 mem   1.67 GB tm [33m    10.22ms[0m/ 14145.39ms (      0 GFLOPS    0|0      GB/s)
[32m*** AMD      415[0m [33mcopy   36.00 MB,     AMD <- DISK:/r[0m            arg  2 mem   1.70 GB tm [33m   300.94ms[0m/ 14446.33ms (      0 GFLOPS    0|0      GB/s)
*** AMD      416 [33mcopy    6.00 KB,     AMD <- DISK:/r[0m            arg  2 mem   1.70 GB tm   2792.28us/ 14449.13ms (      0 GFLOPS    0|0      GB/s)
*** AMD      417 [33mcopy    6.00 KB,     AMD <- DISK:/r[0m            arg  2 mem   1.70 GB tm   3206.83us/ 14452.33ms (      0 GFLOPS    0|0      GB/s)
*** AMD      418 [33mcopy    6.00 KB,     AMD <- DISK:/r[0m            arg  2 mem   1.70 GB tm   2468.67us/ 14454.80ms (      0 GFLOPS    0|0      GB/s)
*** AMD      419 [33mcopy    6.00 KB,     AMD <- DISK:/r[0m            arg  2 mem   1.70 GB tm   3230.09us/ 14458.03ms (      0 GFLOPS    0|0      GB/s)
*** AMD      420 [33mcopy    6.00 KB,     AMD <- DISK:/r[0m            arg  2 mem   1.70 GB tm   3302.59us/ 14461.33ms (      0 GFLOPS    0|0      GB/s)
*** AMD      421 [33mcopy    6.00 KB,     AMD <- DISK:/r[0m            arg  2 mem   1.70 GB tm   3474.53us/ 14464.81ms (      0 GFLOPS    0|0      GB/s)
[32m*** AMD      422[0m [33mcopy    3.00 MB,     AMD <- DISK:/r[0m            arg  2 mem   1.71 GB tm [33m    25.63ms[0m/ 14490.44ms (      0 GFLOPS    0|0      GB/s)
*** AMD      423 [33mcopy    1.00 KB,     AMD <- DISK:/r[0m            arg  2 mem   1.71 GB tm   2409.82us/ 14492.85ms (      0 GFLOPS    0|0      GB/s)
[32m*** AMD      424[0m [33mcopy  528.00 KB,     AMD <- DISK:/r[0m            arg  2 mem   1.71 GB tm   8447.81us/ 14501.30ms (      0 GFLOPS    0|0      GB/s)
[32m*** AMD      425[0m [33mcopy    1.03 KB,     AMD <- DISK:/r[0m            arg  2 mem   1.71 GB tm   2510.93us/ 14503.81ms (      0 GFLOPS    0|0      GB/s)
[32m*** AMD      426[0m [33mcopy    8.00 KB,     AMD <- DISK:/r[0m            arg  2 mem   1.71 GB tm   3010.19us/ 14506.82ms (      0 GFLOPS    0|0      GB/s)
[32m*** AMD      427[0m [33mcopy       16 B,     AMD <- DISK:/r[0m            arg  2 mem   1.71 GB tm   2870.69us/ 14509.69ms (      0 GFLOPS    0|0      GB/s)
[32m*** AMD      428[0m [33mcopy  264.00 KB,     AMD <- DISK:/r[0m            arg  2 mem   1.71 GB tm   3195.25us/ 14512.89ms (      0 GFLOPS    0|0      GB/s)
[32m*** AMD      429[0m [33mcopy      528 B,     AMD <- DISK:/r[0m            arg  2 mem   1.71 GB tm   3066.78us/ 14515.95ms (      0 GFLOPS    0|0      GB/s)
[32m*** AMD      430[0m [33mcopy   55.00 KB,     AMD <- DISK:/r[0m            arg  2 mem   1.71 GB tm   3064.76us/ 14519.02ms (      0 GFLOPS    0|0      GB/s)
[32m*** AMD      431[0m [33mcopy      110 B,     AMD <- DISK:/r[0m            arg  2 mem   1.71 GB tm   2394.19us/ 14521.41ms (      0 GFLOPS    0|0      GB/s)
[32m*** AMD      432[0m [33mcopy   32.00 KB,     AMD <- DISK:/r[0m            arg  2 mem   1.71 GB tm   4327.17us/ 14525.74ms (      0 GFLOPS    0|0      GB/s)
[32m*** AMD      433[0m [33mcopy       64 B,     AMD <- DISK:/r[0m            arg  2 mem   1.71 GB tm   2820.90us/ 14528.56ms (      0 GFLOPS    0|0      GB/s)
*** AMD      434 [33mcopy    1.00 KB,     AMD <- DISK:/r[0m            arg  2 mem   1.71 GB tm   3058.16us/ 14531.62ms (      0 GFLOPS    0|0      GB/s)
*** AMD      435 [33mcopy    1.00 KB,     AMD <- DISK:/r[0m            arg  2 mem   1.71 GB tm   3897.06us/ 14535.52ms (      0 GFLOPS    0|0      GB/s)
*** AMD      436 [33mcopy    1.00 MB,     AMD <- DISK:/r[0m            arg  2 mem   1.71 GB tm [33m    12.09ms[0m/ 14547.61ms (      0 GFLOPS    0|0      GB/s)
*** AMD      437 [33mcopy    1.00 MB,     AMD <- DISK:/r[0m            arg  2 mem   1.71 GB tm [33m    11.84ms[0m/ 14559.45ms (      0 GFLOPS    0|0      GB/s)
*** AMD      438 [33mcopy   12.00 KB,     AMD <- DISK:/r[0m            arg  2 mem   1.71 GB tm   3110.82us/ 14562.56ms (      0 GFLOPS    0|0      GB/s)
[32m*** AMD      439[0m [33mcopy       24 B,     AMD <- DISK:/r[0m            arg  2 mem   1.71 GB tm   3139.66us/ 14565.70ms (      0 GFLOPS    0|0      GB/s)
*** AMD      440 [33mcopy       24 B,     AMD <- DISK:/r[0m            arg  2 mem   1.71 GB tm   3178.08us/ 14568.88ms (      0 GFLOPS    0|0      GB/s)
*** AMD      441 [33mcopy    6.00 KB,     AMD <- DISK:/r[0m            arg  2 mem   1.71 GB tm   2944.01us/ 14571.83ms (      0 GFLOPS    0|0      GB/s)
[32m*** AMD      442[0m [33mcopy       12 B,     AMD <- DISK:/r[0m            arg  2 mem   1.71 GB tm   2571.00us/ 14574.40ms (      0 GFLOPS    0|0      GB/s)
*** AMD      443 [33mcopy   12.00 KB,     AMD <- DISK:/r[0m            arg  2 mem   1.71 GB tm   2969.48us/ 14577.37ms (      0 GFLOPS    0|0      GB/s)
*** AMD      444 [33mcopy       24 B,     AMD <- DISK:/r[0m            arg  2 mem   1.71 GB tm   3143.10us/ 14580.51ms (      0 GFLOPS    0|0      GB/s)
*** AMD      445 [33mcopy    1.00 KB,     AMD <- DISK:/r[0m            arg  2 mem   1.71 GB tm   2285.65us/ 14582.79ms (      0 GFLOPS    0|0      GB/s)
*** AMD      446 [33mcopy    1.00 KB,     AMD <- DISK:/r[0m            arg  2 mem   1.71 GB tm   2415.10us/ 14585.21ms (      0 GFLOPS    0|0      GB/s)
*** AMD      447 [33mcopy    1.00 MB,     AMD <- DISK:/r[0m            arg  2 mem   1.71 GB tm [33m    11.40ms[0m/ 14596.61ms (      0 GFLOPS    0|0      GB/s)
*** AMD      448 [33mcopy    1.00 MB,     AMD <- DISK:/r[0m            arg  2 mem   1.71 GB tm   9923.29us/ 14606.53ms (      0 GFLOPS    0|0      GB/s)
*** AMD      449 [33mcopy    1.00 KB,     AMD <- DISK:/r[0m            arg  2 mem   1.71 GB tm   3275.22us/ 14609.80ms (      0 GFLOPS    0|0      GB/s)
*** AMD      450 [33mcopy    1.00 KB,     AMD <- DISK:/r[0m            arg  2 mem   1.71 GB tm   2460.03us/ 14612.26ms (      0 GFLOPS    0|0      GB/s)
*** AMD      451 [33mcopy    1.00 MB,     AMD <- DISK:/r[0m            arg  2 mem   1.71 GB tm   9305.85us/ 14621.57ms (      0 GFLOPS    0|0      GB/s)
*** AMD      452 [33mcopy    1.00 MB,     AMD <- DISK:/r[0m            arg  2 mem   1.71 GB tm [33m    11.16ms[0m/ 14632.73ms (      0 GFLOPS    0|0      GB/s)
*** AMD      453 [33mcopy    1.00 KB,     AMD <- DISK:/r[0m            arg  2 mem   1.71 GB tm   2837.09us/ 14635.56ms (      0 GFLOPS    0|0      GB/s)
*** AMD      454 [33mcopy    1.00 KB,     AMD <- DISK:/r[0m            arg  2 mem   1.71 GB tm   2798.14us/ 14638.36ms (      0 GFLOPS    0|0      GB/s)
*** AMD      455 [33mcopy    1.00 MB,     AMD <- DISK:/r[0m            arg  2 mem   1.72 GB tm   9473.52us/ 14647.83ms (      0 GFLOPS    0|0      GB/s)
*** AMD      456 [33mcopy    1.00 MB,     AMD <- DISK:/r[0m            arg  2 mem   1.72 GB tm [33m    11.52ms[0m/ 14659.36ms (      0 GFLOPS    0|0      GB/s)
[32m*** AMD      457[0m [33mcopy       72 B,     AMD <- DISK:/r[0m            arg  2 mem   1.72 GB tm   3425.98us/ 14662.79ms (      0 GFLOPS    0|0      GB/s)
[32m*** AMD      458[0m [33mcopy    9.00 KB,     AMD <- DISK:/r[0m            arg  2 mem   1.72 GB tm   3720.99us/ 14666.51ms (      0 GFLOPS    0|0      GB/s)
[32m*** AMD      459[0m E[90m_[0m[34m50[0m[90m_[0m[36m8[0m[90m_[0m[33m2[0m[90m[0m                                       arg  3 mem   1.72 GB tm      8.56us/ 14666.51ms (      0 GFLOPS    1|1      GB/s)
[32m*** AMD      460[0m [33mcopy  200.00 KB,     AMD <- DISK:/r[0m            arg  2 mem   1.72 GB tm   4451.91us/ 14670.97ms (      0 GFLOPS    0|0      GB/s)
*** AMD      461 [33mcopy    1.00 KB,     AMD <- DISK:/r[0m            arg  2 mem   1.72 GB tm   2548.43us/ 14673.52ms (      0 GFLOPS    0|0      GB/s)
[32m*** AMD      462[0m [33mcopy  512.00 KB,     AMD <- DISK:/r[0m            arg  2 mem   1.72 GB tm   5424.98us/ 14678.94ms (      0 GFLOPS    0|0      GB/s)
[32m*** AMD      463[0m [33mcopy    2.00 KB,     AMD <- DISK:/r[0m            arg  2 mem   1.72 GB tm   3383.81us/ 14682.32ms (      0 GFLOPS    0|0      GB/s)
*** AMD      464 [33mcopy    1.00 KB,     AMD <- DISK:/r[0m            arg  2 mem   1.72 GB tm   2347.55us/ 14684.67ms (      0 GFLOPS    0|0      GB/s)
*** AMD      465 [33mcopy  512.00 KB,     AMD <- DISK:/r[0m            arg  2 mem   1.72 GB tm   6424.05us/ 14691.10ms (      0 GFLOPS    0|0      GB/s)
*** AMD      466 [33mcopy    2.00 KB,     AMD <- DISK:/r[0m            arg  2 mem   1.72 GB tm   3273.99us/ 14694.37ms (      0 GFLOPS    0|0      GB/s)
*** AMD      467 [33mcopy    1.00 KB,     AMD <- DISK:/r[0m            arg  2 mem   1.72 GB tm   2852.80us/ 14697.22ms (      0 GFLOPS    0|0      GB/s)
*** AMD      468 [33mcopy  512.00 KB,     AMD <- DISK:/r[0m            arg  2 mem   1.72 GB tm   6398.60us/ 14703.62ms (      0 GFLOPS    0|0      GB/s)
*** AMD      469 [33mcopy    1.00 KB,     AMD <- DISK:/r[0m            arg  2 mem   1.72 GB tm   2130.08us/ 14705.75ms (      0 GFLOPS    0|0      GB/s)
*** AMD      470 [33mcopy    1.00 KB,     AMD <- DISK:/r[0m            arg  2 mem   1.72 GB tm   3005.59us/ 14708.76ms (      0 GFLOPS    0|0      GB/s)
[32m*** AMD      471[0m [33mcopy    1.50 MB,     AMD <- DISK:/r[0m            arg  2 mem   1.72 GB tm [33m    13.55ms[0m/ 14722.30ms (      0 GFLOPS    0|0      GB/s)
*** AMD      472 [33mcopy    3.00 KB,     AMD <- DISK:/r[0m            arg  2 mem   1.72 GB tm   2333.73us/ 14724.64ms (      0 GFLOPS    0|0      GB/s)
[32m*** AMD      473[0m [33mcopy      128 B,     AMD <- DISK:/r[0m            arg  2 mem   1.72 GB tm   2757.57us/ 14727.39ms (      0 GFLOPS    0|0      GB/s)
*** AMD      474 [33mcopy      128 B,     AMD <- DISK:/r[0m            arg  2 mem   1.72 GB tm   2268.87us/ 14729.66ms (      0 GFLOPS    0|0      GB/s)
*** AMD      475 [33mcopy        2 B,     AMD <- DISK:/r[0m            arg  2 mem   1.72 GB tm   3107.34us/ 14732.77ms (      0 GFLOPS    0|0      GB/s)
*** AMD      476 [33mcopy      128 B,     AMD <- DISK:/r[0m            arg  2 mem   1.72 GB tm   2722.38us/ 14735.49ms (      0 GFLOPS    0|0      GB/s)
*** AMD      477 [33mcopy      128 B,     AMD <- DISK:/r[0m            arg  2 mem   1.72 GB tm   3094.17us/ 14738.59ms (      0 GFLOPS    0|0      GB/s)
[32m*** AMD      478[0m [33mcopy      162 B,     AMD <- DISK:/r[0m            arg  2 mem   1.72 GB tm   2346.24us/ 14740.93ms (      0 GFLOPS    0|0      GB/s)
*** AMD      479 [33mcopy  512.00 KB,     AMD <- DISK:/r[0m            arg  2 mem   1.72 GB tm   7348.44us/ 14748.28ms (      0 GFLOPS    0|0      GB/s)
*** AMD      480 [33mcopy    1.00 KB,     AMD <- DISK:/r[0m            arg  2 mem   1.72 GB tm   2264.66us/ 14750.55ms (      0 GFLOPS    0|0      GB/s)
*** AMD      481 [33mcopy    1.00 KB,     AMD <- DISK:/r[0m            arg  2 mem   1.72 GB tm   3531.93us/ 14754.08ms (      0 GFLOPS    0|0      GB/s)
*** AMD      482 [33mcopy    1.00 KB,     AMD <- DISK:/r[0m            arg  2 mem   1.72 GB tm   2592.91us/ 14756.67ms (      0 GFLOPS    0|0      GB/s)
*** AMD      483 [33mcopy    1.00 MB,     AMD <- DISK:/r[0m            arg  2 mem   1.72 GB tm   9750.05us/ 14766.42ms (      0 GFLOPS    0|0      GB/s)
*** AMD      484 [33mcopy    2.00 KB,     AMD <- DISK:/r[0m            arg  2 mem   1.72 GB tm   2682.26us/ 14769.10ms (      0 GFLOPS    0|0      GB/s)
*** AMD      485 [33mcopy    1.00 MB,     AMD <- DISK:/r[0m            arg  2 mem   1.72 GB tm [33m    10.63ms[0m/ 14779.73ms (      0 GFLOPS    0|0      GB/s)
*** AMD      486 [33mcopy    1.00 KB,     AMD <- DISK:/r[0m            arg  2 mem   1.72 GB tm   3371.24us/ 14783.10ms (      0 GFLOPS    0|0      GB/s)
*** AMD      487 [33mcopy    1.00 KB,     AMD <- DISK:/r[0m            arg  2 mem   1.72 GB tm   2473.06us/ 14785.57ms (      0 GFLOPS    0|0      GB/s)
*** AMD      488 [33mcopy    1.00 KB,     AMD <- DISK:/r[0m            arg  2 mem   1.72 GB tm   2128.45us/ 14787.70ms (      0 GFLOPS    0|0      GB/s)
*** AMD      489 [33mcopy    1.50 MB,     AMD <- DISK:/r[0m            arg  2 mem   1.72 GB tm [33m    13.75ms[0m/ 14801.46ms (      0 GFLOPS    0|0      GB/s)
*** AMD      490 [33mcopy    3.00 KB,     AMD <- DISK:/r[0m            arg  2 mem   1.72 GB tm   2393.38us/ 14803.85ms (      0 GFLOPS    0|0      GB/s)
*** AMD      491 [33mcopy      128 B,     AMD <- DISK:/r[0m            arg  2 mem   1.72 GB tm   2531.27us/ 14806.38ms (      0 GFLOPS    0|0      GB/s)
*** AMD      492 [33mcopy      128 B,     AMD <- DISK:/r[0m            arg  2 mem   1.72 GB tm   2324.55us/ 14808.71ms (      0 GFLOPS    0|0      GB/s)
*** AMD      493 [33mcopy      128 B,     AMD <- DISK:/r[0m            arg  2 mem   1.72 GB tm   2977.78us/ 14811.68ms (      0 GFLOPS    0|0      GB/s)
*** AMD      494 [33mcopy      128 B,     AMD <- DISK:/r[0m            arg  2 mem   1.72 GB tm   2227.26us/ 14813.91ms (      0 GFLOPS    0|0      GB/s)
*** AMD      495 [33mcopy  512.00 KB,     AMD <- DISK:/r[0m            arg  2 mem   1.73 GB tm   5801.89us/ 14819.71ms (      0 GFLOPS    0|0      GB/s)
*** AMD      496 [33mcopy    1.00 KB,     AMD <- DISK:/r[0m            arg  2 mem   1.73 GB tm   2457.84us/ 14822.17ms (      0 GFLOPS    0|0      GB/s)
*** AMD      497 [33mcopy    1.00 KB,     AMD <- DISK:/r[0m            arg  2 mem   1.73 GB tm   2463.32us/ 14824.64ms (      0 GFLOPS    0|0      GB/s)
*** AMD      498 [33mcopy    1.00 KB,     AMD <- DISK:/r[0m            arg  2 mem   1.73 GB tm   2240.81us/ 14826.88ms (      0 GFLOPS    0|0      GB/s)
*** AMD      499 [33mcopy    1.00 MB,     AMD <- DISK:/r[0m            arg  2 mem   1.73 GB tm   8951.84us/ 14835.83ms (      0 GFLOPS    0|0      GB/s)
*** AMD      500 [33mcopy    2.00 KB,     AMD <- DISK:/r[0m            arg  2 mem   1.73 GB tm   3122.45us/ 14838.95ms (      0 GFLOPS    0|0      GB/s)
*** AMD      501 [33mcopy    1.00 MB,     AMD <- DISK:/r[0m            arg  2 mem   1.73 GB tm [33m    10.93ms[0m/ 14849.88ms (      0 GFLOPS    0|0      GB/s)
*** AMD      502 [33mcopy    1.00 KB,     AMD <- DISK:/r[0m            arg  2 mem   1.73 GB tm   2375.78us/ 14852.26ms (      0 GFLOPS    0|0      GB/s)
*** AMD      503 [33mcopy    1.00 KB,     AMD <- DISK:/r[0m            arg  2 mem   1.73 GB tm   2250.08us/ 14854.51ms (      0 GFLOPS    0|0      GB/s)
*** AMD      504 [33mcopy    1.00 KB,     AMD <- DISK:/r[0m            arg  2 mem   1.73 GB tm   3135.89us/ 14857.65ms (      0 GFLOPS    0|0      GB/s)
*** AMD      505 [33mcopy    1.50 MB,     AMD <- DISK:/r[0m            arg  2 mem   1.73 GB tm [33m    13.51ms[0m/ 14871.15ms (      0 GFLOPS    0|0      GB/s)
*** AMD      506 [33mcopy    3.00 KB,     AMD <- DISK:/r[0m            arg  2 mem   1.73 GB tm   2245.94us/ 14873.40ms (      0 GFLOPS    0|0      GB/s)
*** AMD      507 [33mcopy      128 B,     AMD <- DISK:/r[0m            arg  2 mem   1.73 GB tm   2402.46us/ 14875.80ms (      0 GFLOPS    0|0      GB/s)
*** AMD      508 [33mcopy      128 B,     AMD <- DISK:/r[0m            arg  2 mem   1.73 GB tm   2460.44us/ 14878.26ms (      0 GFLOPS    0|0      GB/s)
*** AMD      509 [33mcopy      128 B,     AMD <- DISK:/r[0m            arg  2 mem   1.73 GB tm   2046.46us/ 14880.31ms (      0 GFLOPS    0|0      GB/s)
*** AMD      510 [33mcopy      128 B,     AMD <- DISK:/r[0m            arg  2 mem   1.73 GB tm   2236.73us/ 14882.55ms (      0 GFLOPS    0|0      GB/s)
*** AMD      511 [33mcopy  512.00 KB,     AMD <- DISK:/r[0m            arg  2 mem   1.73 GB tm   6670.36us/ 14889.22ms (      0 GFLOPS    0|0      GB/s)
*** AMD      512 [33mcopy    1.00 KB,     AMD <- DISK:/r[0m            arg  2 mem   1.73 GB tm   2659.90us/ 14891.88ms (      0 GFLOPS    0|0      GB/s)
*** AMD      513 [33mcopy    1.00 KB,     AMD <- DISK:/r[0m            arg  2 mem   1.73 GB tm   2600.82us/ 14894.48ms (      0 GFLOPS    0|0      GB/s)
*** AMD      514 [33mcopy    1.00 KB,     AMD <- DISK:/r[0m            arg  2 mem   1.73 GB tm   2589.39us/ 14897.07ms (      0 GFLOPS    0|0      GB/s)
*** AMD      515 [33mcopy    1.00 MB,     AMD <- DISK:/r[0m            arg  2 mem   1.73 GB tm [33m    10.27ms[0m/ 14907.34ms (      0 GFLOPS    0|0      GB/s)
*** AMD      516 [33mcopy    2.00 KB,     AMD <- DISK:/r[0m            arg  2 mem   1.73 GB tm   2125.44us/ 14909.46ms (      0 GFLOPS    0|0      GB/s)
*** AMD      517 [33mcopy    1.00 MB,     AMD <- DISK:/r[0m            arg  2 mem   1.73 GB tm   8949.12us/ 14918.41ms (      0 GFLOPS    0|0      GB/s)
*** AMD      518 [33mcopy    1.00 KB,     AMD <- DISK:/r[0m            arg  2 mem   1.73 GB tm   2194.31us/ 14920.60ms (      0 GFLOPS    0|0      GB/s)
*** AMD      519 [33mcopy    1.00 KB,     AMD <- DISK:/r[0m            arg  2 mem   1.73 GB tm   2671.20us/ 14923.28ms (      0 GFLOPS    0|0      GB/s)
*** AMD      520 [33mcopy    1.00 KB,     AMD <- DISK:/r[0m            arg  2 mem   1.73 GB tm   2499.70us/ 14925.78ms (      0 GFLOPS    0|0      GB/s)
*** AMD      521 [33mcopy    1.50 MB,     AMD <- DISK:/r[0m            arg  2 mem   1.73 GB tm [33m    11.96ms[0m/ 14937.74ms (      0 GFLOPS    0|0      GB/s)
*** AMD      522 [33mcopy    3.00 KB,     AMD <- DISK:/r[0m            arg  2 mem   1.73 GB tm   2078.21us/ 14939.82ms (      0 GFLOPS    0|0      GB/s)
*** AMD      523 [33mcopy      128 B,     AMD <- DISK:/r[0m            arg  2 mem   1.73 GB tm   2795.47us/ 14942.61ms (      0 GFLOPS    0|0      GB/s)
*** AMD      524 [33mcopy      128 B,     AMD <- DISK:/r[0m            arg  2 mem   1.73 GB tm   2401.83us/ 14945.02ms (      0 GFLOPS    0|0      GB/s)
*** AMD      525 [33mcopy      128 B,     AMD <- DISK:/r[0m            arg  2 mem   1.73 GB tm   2327.30us/ 14947.34ms (      0 GFLOPS    0|0      GB/s)
*** AMD      526 [33mcopy      128 B,     AMD <- DISK:/r[0m            arg  2 mem   1.73 GB tm   2145.39us/ 14949.49ms (      0 GFLOPS    0|0      GB/s)
*** AMD      527 [33mcopy  512.00 KB,     AMD <- DISK:/r[0m            arg  2 mem   1.73 GB tm   6871.23us/ 14956.36ms (      0 GFLOPS    0|0      GB/s)
*** AMD      528 [33mcopy    1.00 KB,     AMD <- DISK:/r[0m            arg  2 mem   1.73 GB tm   2313.31us/ 14958.67ms (      0 GFLOPS    0|0      GB/s)
*** AMD      529 [33mcopy    1.00 KB,     AMD <- DISK:/r[0m            arg  2 mem   1.73 GB tm   2781.76us/ 14961.45ms (      0 GFLOPS    0|0      GB/s)
*** AMD      530 [33mcopy    1.00 KB,     AMD <- DISK:/r[0m            arg  2 mem   1.73 GB tm   2513.86us/ 14963.97ms (      0 GFLOPS    0|0      GB/s)
*** AMD      531 [33mcopy    1.00 MB,     AMD <- DISK:/r[0m            arg  2 mem   1.73 GB tm   8735.82us/ 14972.70ms (      0 GFLOPS    0|0      GB/s)
*** AMD      532 [33mcopy    2.00 KB,     AMD <- DISK:/r[0m            arg  2 mem   1.73 GB tm   2376.88us/ 14975.08ms (      0 GFLOPS    0|0      GB/s)
*** AMD      533 [33mcopy    1.00 MB,     AMD <- DISK:/r[0m            arg  2 mem   1.74 GB tm   8792.95us/ 14983.87ms (      0 GFLOPS    0|0      GB/s)
*** AMD      534 [33mcopy    1.00 KB,     AMD <- DISK:/r[0m            arg  2 mem   1.74 GB tm   2425.51us/ 14986.30ms (      0 GFLOPS    0|0      GB/s)
[32m*** AMD      535[0m E[90m_[0m[34m24[0m[90m_[0m[34m2[0m[90m_[0m[36m16[0m[90m_[0m[36m4[0m[90m_[0m[36m4[0m[90m_[0m[33m4[0m[90m[0m                                arg  3 mem   1.74 GB tm      9.76us/ 14986.31ms (      4 GFLOPS   41|55     GB/s)
[32m*** AMD      536[0m [33mcopy  990.00 KB,     AMD <- DISK:/r[0m            arg  2 mem   1.74 GB tm   9418.48us/ 14995.73ms (      0 GFLOPS    0|0      GB/s)
[32m*** AMD      537[0m [33mcopy    1.93 KB,     AMD <- DISK:/r[0m            arg  2 mem   1.74 GB tm   2780.17us/ 14998.51ms (      0 GFLOPS    0|0      GB/s)
*** AMD      538 [33mcopy    1.93 KB,     AMD <- DISK:/r[0m            arg  2 mem   1.74 GB tm   2634.34us/ 15001.14ms (      0 GFLOPS    0|0      GB/s)
*** AMD      539 [33mcopy    1.00 KB,     AMD <- DISK:/r[0m            arg  2 mem   1.74 GB tm   2403.21us/ 15003.55ms (      0 GFLOPS    0|0      GB/s)
*** AMD      540 [33mcopy    1.00 KB,     AMD <- DISK:/r[0m            arg  2 mem   1.74 GB tm   4085.71us/ 15007.63ms (      0 GFLOPS    0|0      GB/s)
*** AMD      541 [33mcopy    1.00 MB,     AMD <- DISK:/r[0m            arg  2 mem   1.74 GB tm [33m    10.67ms[0m/ 15018.30ms (      0 GFLOPS    0|0      GB/s)
*** AMD      542 [33mcopy    1.00 MB,     AMD <- DISK:/r[0m            arg  2 mem   1.74 GB tm [33m    10.83ms[0m/ 15029.13ms (      0 GFLOPS    0|0      GB/s)
[32m*** AMD      543[0m [33mcopy  144.00 KB,     AMD <- DISK:/r[0m            arg  2 mem   1.74 GB tm   2861.38us/ 15032.00ms (      0 GFLOPS    0|0      GB/s)
[32m*** AMD      544[0m [33mcopy      288 B,     AMD <- DISK:/r[0m            arg  2 mem   1.74 GB tm   3310.62us/ 15035.31ms (      0 GFLOPS    0|0      GB/s)
*** AMD      545 [33mcopy      288 B,     AMD <- DISK:/r[0m            arg  2 mem   1.74 GB tm   2792.15us/ 15038.10ms (      0 GFLOPS    0|0      GB/s)
*** AMD      546 [33mcopy    1.00 KB,     AMD <- DISK:/r[0m            arg  2 mem   1.74 GB tm   3330.25us/ 15041.43ms (      0 GFLOPS    0|0      GB/s)
*** AMD      547 [33mcopy    1.00 KB,     AMD <- DISK:/r[0m            arg  2 mem   1.74 GB tm   3806.81us/ 15045.23ms (      0 GFLOPS    0|0      GB/s)
*** AMD      548 [33mcopy    1.00 MB,     AMD <- DISK:/r[0m            arg  2 mem   1.74 GB tm [33m    11.29ms[0m/ 15056.53ms (      0 GFLOPS    0|0      GB/s)
*** AMD      549 [33mcopy    1.00 MB,     AMD <- DISK:/r[0m            arg  2 mem   1.74 GB tm   9025.80us/ 15065.55ms (      0 GFLOPS    0|0      GB/s)
*** AMD      550 [33mcopy    3.00 KB,     AMD <- DISK:/r[0m            arg  2 mem   1.74 GB tm   2651.34us/ 15068.20ms (      0 GFLOPS    0|0      GB/s)
[32m*** AMD      551[0m [33mcopy        6 B,     AMD <- DISK:/r[0m            arg  2 mem   1.74 GB tm   3536.57us/ 15071.74ms (      0 GFLOPS    0|0      GB/s)
*** AMD      552 [33mcopy    1.00 KB,     AMD <- DISK:/r[0m            arg  2 mem   1.74 GB tm   2486.06us/ 15074.23ms (      0 GFLOPS    0|0      GB/s)
*** AMD      553 [33mcopy    1.00 KB,     AMD <- DISK:/r[0m            arg  2 mem   1.74 GB tm   2335.49us/ 15076.56ms (      0 GFLOPS    0|0      GB/s)
*** AMD      554 [33mcopy    1.00 MB,     AMD <- DISK:/r[0m            arg  2 mem   1.74 GB tm [33m    10.15ms[0m/ 15086.72ms (      0 GFLOPS    0|0      GB/s)
*** AMD      555 [33mcopy    1.00 MB,     AMD <- DISK:/r[0m            arg  2 mem   1.74 GB tm [33m    10.19ms[0m/ 15096.91ms (      0 GFLOPS    0|0      GB/s)
*** AMD      556 [33mcopy    8.00 KB,     AMD <- DISK:/r[0m            arg  2 mem   1.74 GB tm   2856.83us/ 15099.76ms (      0 GFLOPS    0|0      GB/s)
*** AMD      557 [33mcopy       16 B,     AMD <- DISK:/r[0m            arg  2 mem   1.74 GB tm   2443.34us/ 15102.21ms (      0 GFLOPS    0|0      GB/s)
*** AMD      558 [33mcopy    1.00 KB,     AMD <- DISK:/r[0m            arg  2 mem   1.74 GB tm   2182.94us/ 15104.39ms (      0 GFLOPS    0|0      GB/s)
*** AMD      559 [33mcopy    1.00 KB,     AMD <- DISK:/r[0m            arg  2 mem   1.74 GB tm   2515.41us/ 15106.90ms (      0 GFLOPS    0|0      GB/s)
*** AMD      560 [33mcopy    1.00 MB,     AMD <- DISK:/r[0m            arg  2 mem   1.74 GB tm   9692.32us/ 15116.60ms (      0 GFLOPS    0|0      GB/s)
*** AMD      561 [33mcopy    1.00 MB,     AMD <- DISK:/r[0m            arg  2 mem   1.75 GB tm [33m    10.56ms[0m/ 15127.16ms (      0 GFLOPS    0|0      GB/s)
*** AMD      562 [33mcopy    1.00 KB,     AMD <- DISK:/r[0m            arg  2 mem   1.75 GB tm   2738.77us/ 15129.90ms (      0 GFLOPS    0|0      GB/s)
*** AMD      563 [33mcopy    1.00 KB,     AMD <- DISK:/r[0m            arg  2 mem   1.75 GB tm   2572.27us/ 15132.47ms (      0 GFLOPS    0|0      GB/s)
*** AMD      564 [33mcopy    1.00 MB,     AMD <- DISK:/r[0m            arg  2 mem   1.75 GB tm [33m    10.86ms[0m/ 15143.33ms (      0 GFLOPS    0|0      GB/s)
*** AMD      565 [33mcopy    1.00 MB,     AMD <- DISK:/r[0m            arg  2 mem   1.75 GB tm   9363.31us/ 15152.69ms (      0 GFLOPS    0|0      GB/s)
*** AMD      566 [33mcopy    1.00 KB,     AMD <- DISK:/r[0m            arg  2 mem   1.75 GB tm   2931.74us/ 15155.62ms (      0 GFLOPS    0|0      GB/s)
*** AMD      567 [33mcopy    1.00 KB,     AMD <- DISK:/r[0m            arg  2 mem   1.75 GB tm   2433.46us/ 15158.06ms (      0 GFLOPS    0|0      GB/s)
*** AMD      568 [33mcopy    1.00 MB,     AMD <- DISK:/r[0m            arg  2 mem   1.75 GB tm [33m    10.16ms[0m/ 15168.21ms (      0 GFLOPS    0|0      GB/s)
*** AMD      569 [33mcopy    1.00 MB,     AMD <- DISK:/r[0m            arg  2 mem   1.75 GB tm [33m    10.48ms[0m/ 15178.69ms (      0 GFLOPS    0|0      GB/s)
*** AMD      570 [33mcopy    9.00 KB,     AMD <- DISK:/r[0m            arg  2 mem   1.75 GB tm   2494.82us/ 15181.19ms (      0 GFLOPS    0|0      GB/s)
*** AMD      571 [33mcopy  200.00 KB,     AMD <- DISK:/r[0m            arg  2 mem   1.75 GB tm   3788.28us/ 15184.97ms (      0 GFLOPS    0|0      GB/s)
*** AMD      572 [33mcopy  512.00 KB,     AMD <- DISK:/r[0m            arg  2 mem   1.75 GB tm   6215.26us/ 15191.19ms (      0 GFLOPS    0|0      GB/s)
*** AMD      573 [33mcopy  512.00 KB,     AMD <- DISK:/r[0m            arg  2 mem   1.75 GB tm   6417.04us/ 15197.61ms (      0 GFLOPS    0|0      GB/s)
*** AMD      574 [33mcopy  512.00 KB,     AMD <- DISK:/r[0m            arg  2 mem   1.75 GB tm   8119.67us/ 15205.73ms (      0 GFLOPS    0|0      GB/s)
[32m*** AMD      575[0m [33mcopy       81 B,     AMD <- DISK:/r[0m            arg  2 mem   1.75 GB tm   2673.15us/ 15208.40ms (      0 GFLOPS    0|0      GB/s)
*** AMD      576 [33mcopy    1.00 KB,     AMD <- DISK:/r[0m            arg  2 mem   1.75 GB tm   3027.74us/ 15211.43ms (      0 GFLOPS    0|0      GB/s)
*** AMD      577 [33mcopy    1.00 KB,     AMD <- DISK:/r[0m            arg  2 mem   1.75 GB tm   2916.65us/ 15214.34ms (      0 GFLOPS    0|0      GB/s)
*** AMD      578 [33mcopy    1.50 MB,     AMD <- DISK:/r[0m            arg  2 mem   1.75 GB tm [33m    15.40ms[0m/ 15229.74ms (      0 GFLOPS    0|0      GB/s)
*** AMD      579 [33mcopy    3.00 KB,     AMD <- DISK:/r[0m            arg  2 mem   1.75 GB tm   3059.54us/ 15232.80ms (      0 GFLOPS    0|0      GB/s)
*** AMD      580 [33mcopy      128 B,     AMD <- DISK:/r[0m            arg  2 mem   1.75 GB tm   2624.04us/ 15235.43ms (      0 GFLOPS    0|0      GB/s)
*** AMD      581 [33mcopy      128 B,     AMD <- DISK:/r[0m            arg  2 mem   1.75 GB tm   3823.78us/ 15239.25ms (      0 GFLOPS    0|0      GB/s)
*** AMD      582 [33mcopy      128 B,     AMD <- DISK:/r[0m            arg  2 mem   1.75 GB tm   3306.16us/ 15242.56ms (      0 GFLOPS    0|0      GB/s)
*** AMD      583 [33mcopy      128 B,     AMD <- DISK:/r[0m            arg  2 mem   1.75 GB tm   2456.15us/ 15245.01ms (      0 GFLOPS    0|0      GB/s)
*** AMD      584 [33mcopy  512.00 KB,     AMD <- DISK:/r[0m            arg  2 mem   1.75 GB tm   4215.40us/ 15249.23ms (      0 GFLOPS    0|0      GB/s)
*** AMD      585 [33mcopy    1.00 KB,     AMD <- DISK:/r[0m            arg  2 mem   1.75 GB tm   2536.87us/ 15251.76ms (      0 GFLOPS    0|0      GB/s)
*** AMD      586 [33mcopy    1.00 KB,     AMD <- DISK:/r[0m            arg  2 mem   1.75 GB tm   2300.98us/ 15254.07ms (      0 GFLOPS    0|0      GB/s)
*** AMD      587 [33mcopy    1.00 KB,     AMD <- DISK:/r[0m            arg  2 mem   1.75 GB tm   3020.79us/ 15257.09ms (      0 GFLOPS    0|0      GB/s)
*** AMD      588 [33mcopy    1.00 MB,     AMD <- DISK:/r[0m            arg  2 mem   1.75 GB tm   9654.60us/ 15266.74ms (      0 GFLOPS    0|0      GB/s)
*** AMD      589 [33mcopy    2.00 KB,     AMD <- DISK:/r[0m            arg  2 mem   1.75 GB tm   2558.81us/ 15269.30ms (      0 GFLOPS    0|0      GB/s)
*** AMD      590 [33mcopy    1.00 MB,     AMD <- DISK:/r[0m            arg  2 mem   1.76 GB tm [33m    10.04ms[0m/ 15279.34ms (      0 GFLOPS    0|0      GB/s)
*** AMD      591 [33mcopy    1.00 KB,     AMD <- DISK:/r[0m            arg  2 mem   1.76 GB tm   2568.94us/ 15281.91ms (      0 GFLOPS    0|0      GB/s)
*** AMD      592 [33mcopy    1.00 KB,     AMD <- DISK:/r[0m            arg  2 mem   1.76 GB tm   2930.63us/ 15284.84ms (      0 GFLOPS    0|0      GB/s)
*** AMD      593 [33mcopy    1.00 KB,     AMD <- DISK:/r[0m            arg  2 mem   1.76 GB tm   2917.85us/ 15287.76ms (      0 GFLOPS    0|0      GB/s)
*** AMD      594 [33mcopy    1.50 MB,     AMD <- DISK:/r[0m            arg  2 mem   1.76 GB tm [33m    14.11ms[0m/ 15301.87ms (      0 GFLOPS    0|0      GB/s)
*** AMD      595 [33mcopy    3.00 KB,     AMD <- DISK:/r[0m            arg  2 mem   1.76 GB tm   2613.30us/ 15304.48ms (      0 GFLOPS    0|0      GB/s)
*** AMD      596 [33mcopy      128 B,     AMD <- DISK:/r[0m            arg  2 mem   1.76 GB tm   2492.10us/ 15306.97ms (      0 GFLOPS    0|0      GB/s)
*** AMD      597 [33mcopy      128 B,     AMD <- DISK:/r[0m            arg  2 mem   1.76 GB tm   2380.67us/ 15309.36ms (      0 GFLOPS    0|0      GB/s)
*** AMD      598 [33mcopy      128 B,     AMD <- DISK:/r[0m            arg  2 mem   1.76 GB tm   2429.00us/ 15311.78ms (      0 GFLOPS    0|0      GB/s)
*** AMD      599 [33mcopy      128 B,     AMD <- DISK:/r[0m            arg  2 mem   1.76 GB tm   3170.36us/ 15314.95ms (      0 GFLOPS    0|0      GB/s)
*** AMD      600 [33mcopy  512.00 KB,     AMD <- DISK:/r[0m            arg  2 mem   1.76 GB tm   7567.08us/ 15322.52ms (      0 GFLOPS    0|0      GB/s)
*** AMD      601 [33mcopy    1.00 KB,     AMD <- DISK:/r[0m            arg  2 mem   1.76 GB tm   2877.06us/ 15325.40ms (      0 GFLOPS    0|0      GB/s)
*** AMD      602 [33mcopy    1.00 KB,     AMD <- DISK:/r[0m            arg  2 mem   1.76 GB tm   3422.07us/ 15328.82ms (      0 GFLOPS    0|0      GB/s)
*** AMD      603 [33mcopy    1.00 KB,     AMD <- DISK:/r[0m            arg  2 mem   1.76 GB tm   3164.65us/ 15331.99ms (      0 GFLOPS    0|0      GB/s)
*** AMD      604 [33mcopy    1.00 MB,     AMD <- DISK:/r[0m            arg  2 mem   1.76 GB tm   9817.89us/ 15341.80ms (      0 GFLOPS    0|0      GB/s)
*** AMD      605 [33mcopy    2.00 KB,     AMD <- DISK:/r[0m            arg  2 mem   1.76 GB tm   2509.20us/ 15344.31ms (      0 GFLOPS    0|0      GB/s)
*** AMD      606 [33mcopy    1.00 MB,     AMD <- DISK:/r[0m            arg  2 mem   1.76 GB tm [33m    10.96ms[0m/ 15355.27ms (      0 GFLOPS    0|0      GB/s)
*** AMD      607 [33mcopy    1.00 KB,     AMD <- DISK:/r[0m            arg  2 mem   1.76 GB tm   3141.25us/ 15358.41ms (      0 GFLOPS    0|0      GB/s)
*** AMD      608 [33mcopy    1.00 KB,     AMD <- DISK:/r[0m            arg  2 mem   1.76 GB tm   2736.26us/ 15361.15ms (      0 GFLOPS    0|0      GB/s)
*** AMD      609 [33mcopy    1.00 KB,     AMD <- DISK:/r[0m            arg  2 mem   1.76 GB tm   2477.28us/ 15363.63ms (      0 GFLOPS    0|0      GB/s)
*** AMD      610 [33mcopy    1.50 MB,     AMD <- DISK:/r[0m            arg  2 mem   1.76 GB tm [33m    12.86ms[0m/ 15376.49ms (      0 GFLOPS    0|0      GB/s)
*** AMD      611 [33mcopy    3.00 KB,     AMD <- DISK:/r[0m            arg  2 mem   1.76 GB tm   3328.61us/ 15379.82ms (      0 GFLOPS    0|0      GB/s)
*** AMD      612 [33mcopy      128 B,     AMD <- DISK:/r[0m            arg  2 mem   1.76 GB tm   2444.65us/ 15382.26ms (      0 GFLOPS    0|0      GB/s)
*** AMD      613 [33mcopy      128 B,     AMD <- DISK:/r[0m            arg  2 mem   1.76 GB tm   2810.22us/ 15385.07ms (      0 GFLOPS    0|0      GB/s)
*** AMD      614 [33mcopy      128 B,     AMD <- DISK:/r[0m            arg  2 mem   1.76 GB tm   2992.34us/ 15388.06ms (      0 GFLOPS    0|0      GB/s)
*** AMD      615 [33mcopy      128 B,     AMD <- DISK:/r[0m            arg  2 mem   1.76 GB tm   2651.96us/ 15390.71ms (      0 GFLOPS    0|0      GB/s)
*** AMD      616 [33mcopy  512.00 KB,     AMD <- DISK:/r[0m            arg  2 mem   1.76 GB tm   6633.02us/ 15397.35ms (      0 GFLOPS    0|0      GB/s)
*** AMD      617 [33mcopy    1.00 KB,     AMD <- DISK:/r[0m            arg  2 mem   1.76 GB tm   2685.93us/ 15400.03ms (      0 GFLOPS    0|0      GB/s)
*** AMD      618 [33mcopy    1.00 KB,     AMD <- DISK:/r[0m            arg  2 mem   1.76 GB tm   2550.51us/ 15402.58ms (      0 GFLOPS    0|0      GB/s)
*** AMD      619 [33mcopy    1.00 KB,     AMD <- DISK:/r[0m            arg  2 mem   1.76 GB tm   2527.63us/ 15405.11ms (      0 GFLOPS    0|0      GB/s)
*** AMD      620 [33mcopy    1.00 MB,     AMD <- DISK:/r[0m            arg  2 mem   1.76 GB tm [33m    11.76ms[0m/ 15416.88ms (      0 GFLOPS    0|0      GB/s)
*** AMD      621 [33mcopy    2.00 KB,     AMD <- DISK:/r[0m            arg  2 mem   1.76 GB tm   2887.85us/ 15419.76ms (      0 GFLOPS    0|0      GB/s)
*** AMD      622 [33mcopy    1.00 MB,     AMD <- DISK:/r[0m            arg  2 mem   1.76 GB tm [33m    10.43ms[0m/ 15430.19ms (      0 GFLOPS    0|0      GB/s)
*** AMD      623 [33mcopy    1.00 KB,     AMD <- DISK:/r[0m            arg  2 mem   1.76 GB tm   2702.93us/ 15432.90ms (      0 GFLOPS    0|0      GB/s)
*** AMD      624 [33mcopy    1.00 KB,     AMD <- DISK:/r[0m            arg  2 mem   1.76 GB tm   3505.64us/ 15436.40ms (      0 GFLOPS    0|0      GB/s)
*** AMD      625 [33mcopy    1.00 KB,     AMD <- DISK:/r[0m            arg  2 mem   1.76 GB tm   2817.26us/ 15439.22ms (      0 GFLOPS    0|0      GB/s)
*** AMD      626 [33mcopy    1.50 MB,     AMD <- DISK:/r[0m            arg  2 mem   1.77 GB tm [33m    14.43ms[0m/ 15453.65ms (      0 GFLOPS    0|0      GB/s)
*** AMD      627 [33mcopy    3.00 KB,     AMD <- DISK:/r[0m            arg  2 mem   1.77 GB tm   2419.69us/ 15456.07ms (      0 GFLOPS    0|0      GB/s)
*** AMD      628 [33mcopy      128 B,     AMD <- DISK:/r[0m            arg  2 mem   1.77 GB tm   2750.03us/ 15458.82ms (      0 GFLOPS    0|0      GB/s)
*** AMD      629 [33mcopy      128 B,     AMD <- DISK:/r[0m            arg  2 mem   1.77 GB tm   2658.49us/ 15461.48ms (      0 GFLOPS    0|0      GB/s)
*** AMD      630 [33mcopy      128 B,     AMD <- DISK:/r[0m            arg  2 mem   1.77 GB tm   2636.63us/ 15464.12ms (      0 GFLOPS    0|0      GB/s)
*** AMD      631 [33mcopy      128 B,     AMD <- DISK:/r[0m            arg  2 mem   1.77 GB tm   2361.07us/ 15466.48ms (      0 GFLOPS    0|0      GB/s)
*** AMD      632 [33mcopy  512.00 KB,     AMD <- DISK:/r[0m            arg  2 mem   1.77 GB tm   7144.56us/ 15473.62ms (      0 GFLOPS    0|0      GB/s)
*** AMD      633 [33mcopy    1.00 KB,     AMD <- DISK:/r[0m            arg  2 mem   1.77 GB tm   2734.95us/ 15476.36ms (      0 GFLOPS    0|0      GB/s)
*** AMD      634 [33mcopy    1.00 KB,     AMD <- DISK:/r[0m            arg  2 mem   1.77 GB tm   2482.20us/ 15478.84ms (      0 GFLOPS    0|0      GB/s)
*** AMD      635 [33mcopy    1.00 KB,     AMD <- DISK:/r[0m            arg  2 mem   1.77 GB tm   2824.14us/ 15481.66ms (      0 GFLOPS    0|0      GB/s)
*** AMD      636 [33mcopy    1.00 MB,     AMD <- DISK:/r[0m            arg  2 mem   1.77 GB tm   9879.83us/ 15491.54ms (      0 GFLOPS    0|0      GB/s)
*** AMD      637 [33mcopy    2.00 KB,     AMD <- DISK:/r[0m            arg  2 mem   1.77 GB tm   2496.64us/ 15494.04ms (      0 GFLOPS    0|0      GB/s)
*** AMD      638 [33mcopy    1.00 MB,     AMD <- DISK:/r[0m            arg  2 mem   1.77 GB tm   9684.93us/ 15503.72ms (      0 GFLOPS    0|0      GB/s)
*** AMD      639 [33mcopy    1.00 KB,     AMD <- DISK:/r[0m            arg  2 mem   1.77 GB tm   2405.42us/ 15506.13ms (      0 GFLOPS    0|0      GB/s)
[32m*** AMD      640[0m [33mcopy    4.00 KB,     AMD <- DISK:/r[0m            arg  2 mem   1.77 GB tm   2627.54us/ 15508.76ms (      0 GFLOPS    0|0      GB/s)
[32m*** AMD      641[0m [33mcopy        8 B,     AMD <- DISK:/r[0m            arg  2 mem   1.77 GB tm   3919.71us/ 15512.68ms (      0 GFLOPS    0|0      GB/s)
*** AMD      642 [33mcopy        8 B,     AMD <- DISK:/r[0m            arg  2 mem   1.77 GB tm   2780.22us/ 15515.46ms (      0 GFLOPS    0|0      GB/s)
[32m*** AMD      643[0m [33mcopy        4 B,     AMD <- DISK:/r[0m            arg  2 mem   1.77 GB tm   2929.37us/ 15518.39ms (      0 GFLOPS    0|0      GB/s)
[32m*** AMD      644[0m E[90m_[0m[34m128[0m[90m_[0m[36m32[0m[90m_[0m[36m2[0m[90m_[0m[36m8[0m[90m_[0m[33m5[0m[90m_[0m[33m3[0m[90m[0m                               arg  2 mem   1.77 GB tm     21.40us/ 15518.41ms (      0 GFLOPS   92|92     GB/s)
*** AMD      645 E[90m_[0m[34m128[0m[90m_[0m[36m32[0m[90m_[0m[36m2[0m[90m_[0m[36m8[0m[90m_[0m[33m5[0m[90m_[0m[33m3[0m[90m[0m                               arg  2 mem   1.77 GB tm     21.00us/ 15518.43ms (      0 GFLOPS   94|94     GB/s)
[32m*** AMD      646[0m E[90m_[0m[34m50[0m[90m_[0m[36m16[0m[90m[0m                                        arg  2 mem   1.77 GB tm      9.00us/ 15518.44ms (      0 GFLOPS    1|1      GB/s)
[32m*** AMD      647[0m r[90m_[0m[34m16[0m[90m_[0m[36m16[0m[90m_[0m[36m2[0m[90m_[0m[31m2[0m[90m[0m                                    arg  4 mem   1.78 GB tm      8.72us/ 15518.45ms (      1 GFLOPS    1|1      GB/s)
[32m*** AMD      648[0m r[90m_[0m[34m16[0m[90m_[0m[36m8[0m[90m_[0m[36m4[0m[90m_[0m[31m2[0m[90m[0m                                     arg  4 mem   1.78 GB tm      7.64us/ 15518.45ms (      1 GFLOPS    1|1      GB/s)
[32m*** AMD      649[0m E[90m_[0m[34m32[0m[90m_[0m[36m32[0m[90m_[0m[36m16[0m[90m_[0m[33m3[0m[90m[0m                                   arg  2 mem   1.78 GB tm      9.80us/ 15518.46ms (      0 GFLOPS   40|40     GB/s)
[32m*** AMD      650[0m E[90m_[0m[34m512[0m[90m_[0m[36m4[0m[90m_[0m[36m8[0m[90m_[0m[36m2[0m[90m_[0m[33m3[0m[90m_[0m[33m4[0m[90m[0m                                arg  2 mem   1.78 GB tm     16.08us/ 15518.48ms (      0 GFLOPS   49|49     GB/s)
*** AMD      651 E[90m_[0m[34m512[0m[90m_[0m[36m4[0m[90m_[0m[36m8[0m[90m_[0m[36m2[0m[90m_[0m[33m3[0m[90m_[0m[33m4[0m[90m[0m                                arg  2 mem   1.78 GB tm     14.04us/ 15518.49ms (      0 GFLOPS   56|56     GB/s)
[32m*** AMD      652[0m r[90m_[0m[34m25[0m[90m_[0m[34m2[0m[90m_[0m[36m4[0m[90m_[0m[35m4[0m[90m[0m                                     arg  2 mem   1.78 GB tm      7.36us/ 15518.50ms (      0 GFLOPS    1|1      GB/s)
[32m*** AMD      653[0m r[90m_[0m[34m64[0m[90m_[0m[91m16[0m[90m_[0m[36m8[0m[90m_[0m[31m8[0m[90m_[0m[35m4[0m[90m[0m                                  arg  3 mem   1.78 GB tm     12.96us/ 15518.51ms (     51 GFLOPS   41|167    GB/s)
*** AMD      654 r[90m_[0m[34m64[0m[90m_[0m[91m16[0m[90m_[0m[36m8[0m[90m_[0m[31m8[0m[90m_[0m[35m4[0m[90m[0m                                  arg  3 mem   1.78 GB tm     11.84us/ 15518.53ms (     56 GFLOPS   45|183    GB/s)
*** AMD      655 r[90m_[0m[34m64[0m[90m_[0m[91m16[0m[90m_[0m[36m8[0m[90m_[0m[31m8[0m[90m_[0m[35m4[0m[90m[0m                                  arg  3 mem   1.78 GB tm     12.76us/ 15518.54ms (     52 GFLOPS   41|169    GB/s)
*** AMD      656 r[90m_[0m[34m64[0m[90m_[0m[91m16[0m[90m_[0m[36m8[0m[90m_[0m[31m8[0m[90m_[0m[35m4[0m[90m[0m                                  arg  3 mem   1.78 GB tm     11.80us/ 15518.55ms (     56 GFLOPS   45|183    GB/s)
[32m*** AMD      657[0m E[90m_[0m[34m24[0m[90m_[0m[34m8[0m[90m_[0m[36m16[0m[90m_[0m[36m2[0m[90m_[0m[33m2[0m[90m[0m                                  arg  2 mem   1.78 GB tm      8.36us/ 15518.56ms (      0 GFLOPS   12|12     GB/s)
[32m*** AMD      658[0m E[90m_[0m[34m4[0m[90m_[0m[34m64[0m[90m_[0m[36m16[0m[90m_[0m[36m8[0m[90m_[0m[36m2[0m[90m_[0m[33m3[0m[90m_[0m[33m4[0m[90m[0m                              arg  5 mem   1.78 GB tm     22.96us/ 15518.58ms (    114 GFLOPS  103|137    GB/s)
[32m*** AMD      659[0m r[90m_[0m[34m128[0m[90m_[0m[91m8[0m[90m_[0m[36m4[0m[90m_[0m[35m25[0m[90m[0m                                   arg  4 mem   1.78 GB tm     10.84us/ 15518.59ms (     24 GFLOPS   19|73     GB/s)
*** AMD      660 r[90m_[0m[34m128[0m[90m_[0m[91m8[0m[90m_[0m[36m4[0m[90m_[0m[35m25[0m[90m[0m                                   arg  4 mem   1.78 GB tm      9.88us/ 15518.60ms (     26 GFLOPS   21|80     GB/s)
[32m*** AMD      661[0m r[90m_[0m[34m32[0m[90m_[0m[34m2[0m[90m_[0m[34m64[0m[90m_[0m[36m8[0m[90m_[0m[36m4[0m[90m_[0m[33m3[0m[90m_[0m[33m2[0m[90m_[0m[31m24[0m[90m_[0m[35m4[0m[90m_[0m[35m4[0m[90m[0m                       arg  4 mem   1.78 GB tm    387.88us/ 15518.99ms (   1559 GFLOPS   13|1829   GB/s)
*** AMD      662 r[90m_[0m[34m64[0m[90m_[0m[91m16[0m[90m_[0m[36m8[0m[90m_[0m[31m8[0m[90m_[0m[35m4[0m[90m[0m                                  arg  3 mem   1.78 GB tm     13.68us/ 15519.00ms (     49 GFLOPS   39|158    GB/s)
*** AMD      663 r[90m_[0m[34m64[0m[90m_[0m[91m16[0m[90m_[0m[36m8[0m[90m_[0m[31m8[0m[90m_[0m[35m4[0m[90m[0m                                  arg  3 mem   1.78 GB tm     11.60us/ 15519.02ms (     57 GFLOPS   46|186    GB/s)
[32m*** AMD      664[0m r[90m_[0m[34m1024[0m[90m_[0m[91m16[0m[90m_[0m[36m2[0m[90m_[0m[31m6[0m[90m_[0m[35m4[0m[90m[0m                                arg  2 mem   1.78 GB tm     20.88us/ 15519.04ms (     66 GFLOPS  151|264    GB/s)
[32m*** AMD      665[0m r[90m_[0m[34m1024[0m[90m_[0m[91m16[0m[90m_[0m[36m2[0m[90m_[0m[31m6[0m[90m_[0m[35m4[0m[90mn1[0m                              arg  3 mem   1.78 GB tm     21.48us/ 15519.06ms (    142 GFLOPS  147|257    GB/s)
[32m*** AMD      666[0m E[90m_[0m[34m512[0m[90m_[0m[34m4[0m[90m_[0m[36m8[0m[90m_[0m[36m2[0m[90m_[0m[36m4[0m[90m_[0m[33m3[0m[90m_[0m[33m2[0m[90m[0m                              arg  6 mem   1.78 GB tm     29.20us/ 15519.09ms (    112 GFLOPS  162|198    GB/s)
[32m*** AMD      667[0m r[90m_[0m[34m4[0m[90m_[0m[34m2[0m[90m_[0m[34m24[0m[90m_[0m[36m8[0m[90m_[0m[36m16[0m[90m_[0m[33m4[0m[90m_[0m[33m4[0m[90m_[0m[33m2[0m[90m_[0m[31m7[0m[90m_[0m[35m7[0m[90m[0m                        arg  4 mem   1.78 GB tm    195.68us/ 15519.28ms (    404 GFLOPS   24|119    GB/s)
*** AMD      668 r[90m_[0m[34m1024[0m[90m_[0m[91m16[0m[90m_[0m[36m2[0m[90m_[0m[31m6[0m[90m_[0m[35m4[0m[90m[0m                                arg  2 mem   1.78 GB tm     20.88us/ 15519.30ms (     66 GFLOPS  151|264    GB/s)
*** AMD      669 r[90m_[0m[34m1024[0m[90m_[0m[91m16[0m[90m_[0m[36m2[0m[90m_[0m[31m6[0m[90m_[0m[35m4[0m[90mn1[0m                              arg  3 mem   1.78 GB tm     21.52us/ 15519.32ms (    142 GFLOPS  147|256    GB/s)
*** AMD      670 E[90m_[0m[34m512[0m[90m_[0m[34m4[0m[90m_[0m[36m8[0m[90m_[0m[36m2[0m[90m_[0m[36m4[0m[90m_[0m[33m3[0m[90m_[0m[33m2[0m[90m[0m                              arg  6 mem   1.78 GB tm     29.36us/ 15519.35ms (    112 GFLOPS  161|196    GB/s)
[32m*** AMD      671[0m r[90m_[0m[34m32[0m[90m_[0m[34m96[0m[90m_[0m[36m32[0m[90m_[0m[36m2[0m[90m_[0m[33m2[0m[90m_[0m[33m4[0m[90m_[0m[33m2[0m[90m_[0m[31m24[0m[90m_[0m[35m4[0m[90m_[0m[35m4[0m[90m[0m                      arg  4 mem   1.78 GB tm   1534.68us/ 15520.89ms (   1634 GFLOPS    6|1681   GB/s)
[32m*** AMD      672[0m r[90m_[0m[34m3[0m[90m_[0m[34m512[0m[90m_[0m[36m32[0m[90m_[0m[33m4[0m[90m_[0m[33m4[0m[90m_[0m[31m96[0m[90m_[0m[35m4[0m[90m_[0m[35m4[0m[90m[0m                          arg  6 mem   1.78 GB tm   1738.00us/ 15522.63ms (   1391 GFLOPS    6|697    GB/s)
[32m*** AMD      673[0m r[90m_[0m[34m32[0m[90m_[0m[34m4[0m[90m_[0m[34m192[0m[90m_[0m[36m16[0m[90m_[0m[36m2[0m[90m_[0m[31m7[0m[90m_[0m[31m7[0m[90m[0m                            arg  4 mem   1.78 GB tm   1090.36us/ 15523.72ms (    233 GFLOPS    4|146    GB/s)
*** AMD      674 r[90m_[0m[34m1024[0m[90m_[0m[91m16[0m[90m_[0m[36m2[0m[90m_[0m[31m6[0m[90m_[0m[35m4[0m[90m[0m                                arg  2 mem   1.78 GB tm     21.60us/ 15523.74ms (     64 GFLOPS  146|255    GB/s)
*** AMD      675 r[90m_[0m[34m1024[0m[90m_[0m[91m16[0m[90m_[0m[36m2[0m[90m_[0m[31m6[0m[90m_[0m[35m4[0m[90mn1[0m                              arg  3 mem   1.78 GB tm     21.64us/ 15523.76ms (    141 GFLOPS  146|255    GB/s)
*** AMD      676 E[90m_[0m[34m512[0m[90m_[0m[34m4[0m[90m_[0m[36m8[0m[90m_[0m[36m2[0m[90m_[0m[36m4[0m[90m_[0m[33m3[0m[90m_[0m[33m2[0m[90m[0m                              arg  6 mem   1.78 GB tm     28.60us/ 15523.79ms (    115 GFLOPS  166|202    GB/s)
*** AMD      677 r[90m_[0m[34m32[0m[90m_[0m[34m96[0m[90m_[0m[36m32[0m[90m_[0m[36m2[0m[90m_[0m[33m2[0m[90m_[0m[33m4[0m[90m_[0m[33m2[0m[90m_[0m[31m24[0m[90m_[0m[35m4[0m[90m_[0m[35m4[0m[90m[0m                      arg  4 mem   1.78 GB tm   1531.92us/ 15525.32ms (   1637 GFLOPS    6|1684   GB/s)
[32m*** AMD      678[0m r[90m_[0m[34m3[0m[90m_[0m[34m512[0m[90m_[0m[36m32[0m[90m_[0m[33m4[0m[90m_[0m[33m4[0m[90m_[0m[31m384[0m[90m_[0m[35m4[0m[90m[0m                           arg  6 mem   1.78 GB tm   2317.48us/ 15527.64ms (   1043 GFLOPS    5|523    GB/s)
*** AMD      679 r[90m_[0m[34m32[0m[90m_[0m[34m4[0m[90m_[0m[34m192[0m[90m_[0m[36m16[0m[90m_[0m[36m2[0m[90m_[0m[31m7[0m[90m_[0m[31m7[0m[90m[0m                            arg  4 mem   1.78 GB tm   1090.00us/ 15528.73ms (    233 GFLOPS    4|146    GB/s)
*** AMD      680 r[90m_[0m[34m1024[0m[90m_[0m[91m16[0m[90m_[0m[36m2[0m[90m_[0m[31m6[0m[90m_[0m[35m4[0m[90m[0m                                arg  2 mem   1.78 GB tm     21.40us/ 15528.75ms (     64 GFLOPS  147|257    GB/s)
*** AMD      681 r[90m_[0m[34m1024[0m[90m_[0m[91m16[0m[90m_[0m[36m2[0m[90m_[0m[31m6[0m[90m_[0m[35m4[0m[90mn1[0m                              arg  3 mem   1.78 GB tm     21.68us/ 15528.77ms (    141 GFLOPS  146|254    GB/s)
*** AMD      682 E[90m_[0m[34m512[0m[90m_[0m[34m4[0m[90m_[0m[36m8[0m[90m_[0m[36m2[0m[90m_[0m[36m4[0m[90m_[0m[33m3[0m[90m_[0m[33m2[0m[90m[0m                              arg  6 mem   1.78 GB tm     29.08us/ 15528.80ms (    113 GFLOPS  163|198    GB/s)
*** AMD      683 r[90m_[0m[34m32[0m[90m_[0m[34m96[0m[90m_[0m[36m32[0m[90m_[0m[36m2[0m[90m_[0m[33m2[0m[90m_[0m[33m4[0m[90m_[0m[33m2[0m[90m_[0m[31m24[0m[90m_[0m[35m4[0m[90m_[0m[35m4[0m[90m[0m                      arg  4 mem   1.78 GB tm   1533.40us/ 15530.33ms (   1635 GFLOPS    6|1682   GB/s)
[32m*** AMD      684[0m r[90m_[0m[34m8[0m[90m_[0m[34m256[0m[90m_[0m[36m4[0m[90m_[0m[36m8[0m[90m_[0m[91m8[0m[90m_[0m[33m4[0m[90m_[0m[33m3[0m[90m_[0m[31m48[0m[90m_[0m[35m4[0m[90m[0m                         arg  6 mem   1.78 GB tm   3747.48us/ 15534.08ms (    663 GFLOPS    3|776    GB/s)
*** AMD      685 r[90m_[0m[34m1024[0m[90m_[0m[91m16[0m[90m_[0m[36m2[0m[90m_[0m[31m6[0m[90m_[0m[35m4[0m[90m[0m                                arg  2 mem   1.78 GB tm     21.24us/ 15534.10ms (     65 GFLOPS  148|259    GB/s)
*** AMD      686 r[90m_[0m[34m1024[0m[90m_[0m[91m16[0m[90m_[0m[36m2[0m[90m_[0m[31m6[0m[90m_[0m[35m4[0m[90mn1[0m                              arg  3 mem   1.78 GB tm     21.52us/ 15534.12ms (    142 GFLOPS  147|256    GB/s)
*** AMD      687 E[90m_[0m[34m512[0m[90m_[0m[34m4[0m[90m_[0m[36m8[0m[90m_[0m[36m2[0m[90m_[0m[36m4[0m[90m_[0m[33m3[0m[90m_[0m[33m2[0m[90m[0m                              arg  6 mem   1.78 GB tm     30.00us/ 15534.15ms (    109 GFLOPS  158|192    GB/s)
[32m*** AMD      688[0m r[90m_[0m[34m96[0m[90m_[0m[34m16[0m[90m_[0m[34m16[0m[90m_[0m[91m16[0m[90m_[0m[36m8[0m[90m_[0m[33m2[0m[90m_[0m[31m4[0m[90m_[0m[31m24[0m[90m[0m                         arg  4 mem   1.78 GB tm   2270.24us/ 15536.42ms (   1395 GFLOPS    2|2591   GB/s)
[32m*** AMD      689[0m r[90m_[0m[34m2[0m[90m_[0m[34m8[0m[90m_[0m[34m384[0m[90m_[0m[36m16[0m[90m_[0m[36m2[0m[90m_[0m[36m2[0m[90m_[0m[35m7[0m[90m_[0m[35m7[0m[90m[0m                           arg  4 mem   1.78 GB tm    319.64us/ 15536.74ms (    185 GFLOPS    8|248    GB/s)
[32m*** AMD      690[0m r[90m_[0m[34m512[0m[90m_[0m[91m16[0m[90m_[0m[31m3[0m[90m_[0m[35m4[0m[90m_[0m[35m4[0m[90m[0m                                 arg  2 mem   1.78 GB tm     15.24us/ 15536.76ms (     35 GFLOPS  103|142    GB/s)
[32m*** AMD      691[0m r[90m_[0m[34m512[0m[90m_[0m[91m16[0m[90m_[0m[31m12[0m[90m_[0m[35m4[0m[90m[0m                                  arg  3 mem   1.78 GB tm     15.72us/ 15536.78ms (     86 GFLOPS  100|138    GB/s)
[32m*** AMD      692[0m E[90m_[0m[34m256[0m[90m_[0m[34m4[0m[90m_[0m[36m16[0m[90m_[0m[36m4[0m[90m_[0m[36m2[0m[90m_[0m[33m3[0m[90m[0m                               arg  6 mem   1.78 GB tm     19.52us/ 15536.79ms (     87 GFLOPS  121|175    GB/s)
[32m*** AMD      693[0m r[90m_[0m[34m32[0m[90m_[0m[34m12[0m[90m_[0m[36m16[0m[90m_[0m[36m8[0m[90m_[0m[36m2[0m[90m_[0m[33m4[0m[90m_[0m[33m4[0m[90m_[0m[31m192[0m[90m_[0m[35m4[0m[90m[0m                       arg  4 mem   1.78 GB tm   2185.80us/ 15538.98ms (   1126 GFLOPS    4|1176   GB/s)
[32m*** AMD      694[0m r[90m_[0m[34m24[0m[90m_[0m[34m32[0m[90m_[0m[36m32[0m[90m_[0m[33m4[0m[90m_[0m[33m4[0m[90m_[0m[31m768[0m[90m_[0m[35m4[0m[90m[0m                           arg  6 mem   1.78 GB tm   3330.92us/ 15542.31ms (    726 GFLOPS    3|771    GB/s)
*** AMD      695 r[90m_[0m[34m2[0m[90m_[0m[34m8[0m[90m_[0m[34m384[0m[90m_[0m[36m16[0m[90m_[0m[36m2[0m[90m_[0m[36m2[0m[90m_[0m[35m7[0m[90m_[0m[35m7[0m[90m[0m                           arg  4 mem   1.78 GB tm    318.52us/ 15542.63ms (    185 GFLOPS    8|249    GB/s)
*** AMD      696 r[90m_[0m[34m512[0m[90m_[0m[91m16[0m[90m_[0m[31m3[0m[90m_[0m[35m4[0m[90m_[0m[35m4[0m[90m[0m                                 arg  2 mem   1.78 GB tm     14.76us/ 15542.64ms (     37 GFLOPS  107|147    GB/s)
*** AMD      697 r[90m_[0m[34m512[0m[90m_[0m[91m16[0m[90m_[0m[31m12[0m[90m_[0m[35m4[0m[90m[0m                                  arg  3 mem   1.78 GB tm     15.44us/ 15542.66ms (     88 GFLOPS  102|140    GB/s)
*** AMD      698 E[90m_[0m[34m256[0m[90m_[0m[34m4[0m[90m_[0m[36m16[0m[90m_[0m[36m4[0m[90m_[0m[36m2[0m[90m_[0m[33m3[0m[90m[0m                               arg  6 mem   1.78 GB tm     19.56us/ 15542.68ms (     87 GFLOPS  121|174    GB/s)
*** AMD      699 r[90m_[0m[34m32[0m[90m_[0m[34m12[0m[90m_[0m[36m16[0m[90m_[0m[36m8[0m[90m_[0m[36m2[0m[90m_[0m[33m4[0m[90m_[0m[33m4[0m[90m_[0m[31m192[0m[90m_[0m[35m4[0m[90m[0m                       arg  4 mem   1.78 GB tm   2184.88us/ 15544.86ms (   1127 GFLOPS    4|1176   GB/s)
*** AMD      700 r[90m_[0m[34m24[0m[90m_[0m[34m32[0m[90m_[0m[36m32[0m[90m_[0m[33m4[0m[90m_[0m[33m4[0m[90m_[0m[31m768[0m[90m_[0m[35m4[0m[90m[0m                           arg  6 mem   1.78 GB tm   3278.96us/ 15548.14ms (    737 GFLOPS    3|783    GB/s)
*** AMD      701 r[90m_[0m[34m2[0m[90m_[0m[34m8[0m[90m_[0m[34m384[0m[90m_[0m[36m16[0m[90m_[0m[36m2[0m[90m_[0m[36m2[0m[90m_[0m[35m7[0m[90m_[0m[35m7[0m[90m[0m                           arg  4 mem   1.78 GB tm    320.00us/ 15548.46ms (    184 GFLOPS    8|248    GB/s)
*** AMD      702 r[90m_[0m[34m512[0m[90m_[0m[91m16[0m[90m_[0m[31m3[0m[90m_[0m[35m4[0m[90m_[0m[35m4[0m[90m[0m                                 arg  2 mem   1.78 GB tm     15.24us/ 15548.48ms (     35 GFLOPS  103|142    GB/s)
*** AMD      703 r[90m_[0m[34m512[0m[90m_[0m[91m16[0m[90m_[0m[31m12[0m[90m_[0m[35m4[0m[90m[0m                                  arg  3 mem   1.78 GB tm     15.64us/ 15548.49ms (     86 GFLOPS  101|138    GB/s)
*** AMD      704 E[90m_[0m[34m256[0m[90m_[0m[34m4[0m[90m_[0m[36m16[0m[90m_[0m[36m4[0m[90m_[0m[36m2[0m[90m_[0m[33m3[0m[90m[0m                               arg  6 mem   1.78 GB tm     19.96us/ 15548.51ms (     85 GFLOPS  119|171    GB/s)
*** AMD      705 r[90m_[0m[34m32[0m[90m_[0m[34m12[0m[90m_[0m[36m16[0m[90m_[0m[36m8[0m[90m_[0m[36m2[0m[90m_[0m[33m4[0m[90m_[0m[33m4[0m[90m_[0m[31m192[0m[90m_[0m[35m4[0m[90m[0m                       arg  4 mem   1.78 GB tm   2190.28us/ 15550.70ms (   1124 GFLOPS    4|1173   GB/s)
*** AMD      706 r[90m_[0m[34m24[0m[90m_[0m[34m32[0m[90m_[0m[36m32[0m[90m_[0m[33m4[0m[90m_[0m[33m4[0m[90m_[0m[31m768[0m[90m_[0m[35m4[0m[90m[0m                           arg  6 mem   1.78 GB tm   3386.64us/ 15554.09ms (    714 GFLOPS    3|758    GB/s)
*** AMD      707 r[90m_[0m[34m2[0m[90m_[0m[34m8[0m[90m_[0m[34m384[0m[90m_[0m[36m16[0m[90m_[0m[36m2[0m[90m_[0m[36m2[0m[90m_[0m[35m7[0m[90m_[0m[35m7[0m[90m[0m                           arg  4 mem   1.78 GB tm    320.32us/ 15554.41ms (    184 GFLOPS    8|248    GB/s)
*** AMD      708 r[90m_[0m[34m512[0m[90m_[0m[91m16[0m[90m_[0m[31m3[0m[90m_[0m[35m4[0m[90m_[0m[35m4[0m[90m[0m                                 arg  2 mem   1.78 GB tm     15.24us/ 15554.43ms (     35 GFLOPS  103|142    GB/s)
*** AMD      709 r[90m_[0m[34m512[0m[90m_[0m[91m16[0m[90m_[0m[31m12[0m[90m_[0m[35m4[0m[90m[0m                                  arg  3 mem   1.78 GB tm     15.40us/ 15554.44ms (     88 GFLOPS  102|141    GB/s)
*** AMD      710 E[90m_[0m[34m256[0m[90m_[0m[34m4[0m[90m_[0m[36m16[0m[90m_[0m[36m4[0m[90m_[0m[36m2[0m[90m_[0m[33m3[0m[90m[0m                               arg  6 mem   1.78 GB tm     19.24us/ 15554.46ms (     89 GFLOPS  123|177    GB/s)
*** AMD      711 r[90m_[0m[34m32[0m[90m_[0m[34m12[0m[90m_[0m[36m16[0m[90m_[0m[36m8[0m[90m_[0m[36m2[0m[90m_[0m[33m4[0m[90m_[0m[33m4[0m[90m_[0m[31m192[0m[90m_[0m[35m4[0m[90m[0m                       arg  4 mem   1.78 GB tm   2187.00us/ 15556.65ms (   1126 GFLOPS    4|1175   GB/s)
[32m*** AMD      712[0m r[90m_[0m[34m32[0m[90m_[0m[34m3[0m[90m_[0m[36m16[0m[90m_[0m[36m4[0m[90m_[0m[36m4[0m[90m_[0m[33m4[0m[90m_[0m[33m4[0m[90m_[0m[31m768[0m[90m_[0m[35m4[0m[90m[0m                        arg  6 mem   1.78 GB tm   2759.68us/ 15559.41ms (    876 GFLOPS    4|931    GB/s)
*** AMD      713 r[90m_[0m[34m512[0m[90m_[0m[91m16[0m[90m_[0m[31m3[0m[90m_[0m[35m4[0m[90m_[0m[35m4[0m[90m[0m                                 arg  2 mem   1.78 GB tm     15.28us/ 15559.42ms (     35 GFLOPS  103|142    GB/s)
*** AMD      714 r[90m_[0m[34m512[0m[90m_[0m[91m16[0m[90m_[0m[31m12[0m[90m_[0m[35m4[0m[90m[0m                                  arg  3 mem   1.78 GB tm     16.28us/ 15559.44ms (     83 GFLOPS   97|133    GB/s)
*** AMD      715 E[90m_[0m[34m256[0m[90m_[0m[34m4[0m[90m_[0m[36m16[0m[90m_[0m[36m4[0m[90m_[0m[36m2[0m[90m_[0m[33m3[0m[90m[0m                               arg  6 mem   1.78 GB tm     19.48us/ 15559.46ms (     87 GFLOPS  121|175    GB/s)
[32m*** AMD      716[0m r[90m_[0m[34m256[0m[90m_[0m[34m8[0m[90m_[0m[34m8[0m[90m_[0m[91m32[0m[90m_[0m[36m3[0m[90m_[0m[36m2[0m[90m_[0m[33m2[0m[90m_[0m[31m4[0m[90m_[0m[31m24[0m[90m[0m                        arg  4 mem   1.78 GB tm   3473.08us/ 15562.93ms (    941 GFLOPS    3|1810   GB/s)
[32m*** AMD      717[0m r[90m_[0m[34m8[0m[90m_[0m[34m1536[0m[90m_[0m[36m16[0m[90m_[0m[31m7[0m[90m_[0m[31m7[0m[90m[0m                                arg  4 mem   1.78 GB tm    434.68us/ 15563.37ms (    146 GFLOPS    3|91     GB/s)
[32m*** AMD      718[0m r[90m_[0m[34m128[0m[90m_[0m[91m32[0m[90m_[0m[31m12[0m[90m_[0m[35m4[0m[90m[0m                                  arg  2 mem   1.78 GB tm     12.48us/ 15563.38ms (     27 GFLOPS   63|108    GB/s)
[32m*** AMD      719[0m r[90m_[0m[34m32[0m[90m_[0m[91m64[0m[90m_[0m[36m4[0m[90m_[0m[31m6[0m[90m_[0m[35m4[0m[90m[0m                                  arg  3 mem   1.78 GB tm     13.32us/ 15563.39ms (     87 GFLOPS   59|221    GB/s)
[32m*** AMD      720[0m E[90m_[0m[34m128[0m[90m_[0m[34m8[0m[90m_[0m[36m16[0m[90m_[0m[33m3[0m[90m_[0m[33m4[0m[90m[0m                                 arg  6 mem   1.78 GB tm     13.44us/ 15563.41ms (     60 GFLOPS   88|98     GB/s)
[32m*** AMD      721[0m r[90m_[0m[34m24[0m[90m_[0m[34m8[0m[90m_[0m[36m16[0m[90m_[0m[36m2[0m[90m_[0m[36m8[0m[90m_[0m[33m4[0m[90m_[0m[33m4[0m[90m_[0m[31m384[0m[90m_[0m[35m4[0m[90m[0m                        arg  4 mem   1.78 GB tm   2262.48us/ 15565.67ms (   1078 GFLOPS    9|1135   GB/s)
[32m*** AMD      722[0m r[90m_[0m[34m24[0m[90m_[0m[34m32[0m[90m_[0m[36m32[0m[90m_[0m[36m2[0m[90m_[0m[33m4[0m[90m_[0m[31m384[0m[90m_[0m[35m4[0m[90m_[0m[35m4[0m[90m[0m                         arg  6 mem   1.78 GB tm   2369.00us/ 15568.04ms (   1020 GFLOPS    9|1275   GB/s)
*** AMD      723 r[90m_[0m[34m8[0m[90m_[0m[34m1536[0m[90m_[0m[36m16[0m[90m_[0m[31m7[0m[90m_[0m[31m7[0m[90m[0m                                arg  4 mem   1.78 GB tm    436.40us/ 15568.47ms (    146 GFLOPS    3|91     GB/s)
*** AMD      724 r[90m_[0m[34m128[0m[90m_[0m[91m32[0m[90m_[0m[31m12[0m[90m_[0m[35m4[0m[90m[0m                                  arg  2 mem   1.78 GB tm     12.40us/ 15568.49ms (     27 GFLOPS   63|108    GB/s)
*** AMD      725 r[90m_[0m[34m32[0m[90m_[0m[91m64[0m[90m_[0m[36m4[0m[90m_[0m[31m6[0m[90m_[0m[35m4[0m[90m[0m                                  arg  3 mem   1.78 GB tm     13.36us/ 15568.50ms (     86 GFLOPS   59|221    GB/s)
*** AMD      726 E[90m_[0m[34m128[0m[90m_[0m[34m8[0m[90m_[0m[36m16[0m[90m_[0m[33m3[0m[90m_[0m[33m4[0m[90m[0m                                 arg  6 mem   1.78 GB tm     16.84us/ 15568.52ms (     48 GFLOPS   70|78     GB/s)
*** AMD      727 r[90m_[0m[34m24[0m[90m_[0m[34m8[0m[90m_[0m[36m16[0m[90m_[0m[36m2[0m[90m_[0m[36m8[0m[90m_[0m[33m4[0m[90m_[0m[33m4[0m[90m_[0m[31m384[0m[90m_[0m[35m4[0m[90m[0m                        arg  4 mem   1.78 GB tm   2262.36us/ 15570.78ms (   1078 GFLOPS    9|1135   GB/s)
*** AMD      728 r[90m_[0m[34m24[0m[90m_[0m[34m32[0m[90m_[0m[36m32[0m[90m_[0m[36m2[0m[90m_[0m[33m4[0m[90m_[0m[31m384[0m[90m_[0m[35m4[0m[90m_[0m[35m4[0m[90m[0m                         arg  6 mem   1.78 GB tm   2364.24us/ 15573.14ms (   1022 GFLOPS    9|1278   GB/s)
*** AMD      729 r[90m_[0m[34m8[0m[90m_[0m[34m1536[0m[90m_[0m[36m16[0m[90m_[0m[31m7[0m[90m_[0m[31m7[0m[90m[0m                                arg  4 mem   1.78 GB tm    435.12us/ 15573.58ms (    146 GFLOPS    3|91     GB/s)
*** AMD      730 r[90m_[0m[34m128[0m[90m_[0m[91m32[0m[90m_[0m[31m12[0m[90m_[0m[35m4[0m[90m[0m                                  arg  2 mem   1.78 GB tm     12.96us/ 15573.59ms (     26 GFLOPS   61|104    GB/s)
*** AMD      731 r[90m_[0m[34m32[0m[90m_[0m[91m64[0m[90m_[0m[36m4[0m[90m_[0m[31m6[0m[90m_[0m[35m4[0m[90m[0m                                  arg  3 mem   1.78 GB tm     13.44us/ 15573.60ms (     86 GFLOPS   59|219    GB/s)
*** AMD      732 E[90m_[0m[34m128[0m[90m_[0m[34m8[0m[90m_[0m[36m16[0m[90m_[0m[33m3[0m[90m_[0m[33m4[0m[90m[0m                                 arg  6 mem   1.78 GB tm     14.68us/ 15573.62ms (     55 GFLOPS   81|90     GB/s)
*** AMD      733 r[90m_[0m[34m24[0m[90m_[0m[34m8[0m[90m_[0m[36m16[0m[90m_[0m[36m2[0m[90m_[0m[36m8[0m[90m_[0m[33m4[0m[90m_[0m[33m4[0m[90m_[0m[31m384[0m[90m_[0m[35m4[0m[90m[0m                        arg  4 mem   1.78 GB tm   2258.96us/ 15575.88ms (   1080 GFLOPS    9|1137   GB/s)
*** AMD      734 r[90m_[0m[34m24[0m[90m_[0m[34m32[0m[90m_[0m[36m32[0m[90m_[0m[36m2[0m[90m_[0m[33m4[0m[90m_[0m[31m384[0m[90m_[0m[35m4[0m[90m_[0m[35m4[0m[90m[0m                         arg  6 mem   1.78 GB tm   2367.64us/ 15578.25ms (   1021 GFLOPS    9|1276   GB/s)
*** AMD      735 r[90m_[0m[34m8[0m[90m_[0m[34m1536[0m[90m_[0m[36m16[0m[90m_[0m[31m7[0m[90m_[0m[31m7[0m[90m[0m                                arg  4 mem   1.78 GB tm    436.12us/ 15578.68ms (    146 GFLOPS    3|91     GB/s)
*** AMD      736 r[90m_[0m[34m128[0m[90m_[0m[91m32[0m[90m_[0m[31m12[0m[90m_[0m[35m4[0m[90m[0m                                  arg  2 mem   1.78 GB tm     12.44us/ 15578.69ms (     27 GFLOPS   63|108    GB/s)
*** AMD      737 r[90m_[0m[34m32[0m[90m_[0m[91m64[0m[90m_[0m[36m4[0m[90m_[0m[31m6[0m[90m_[0m[35m4[0m[90m[0m                                  arg  3 mem   1.78 GB tm     13.32us/ 15578.71ms (     87 GFLOPS   59|221    GB/s)
*** AMD      738 E[90m_[0m[34m128[0m[90m_[0m[34m8[0m[90m_[0m[36m16[0m[90m_[0m[33m3[0m[90m_[0m[33m4[0m[90m[0m                                 arg  6 mem   1.78 GB tm     16.44us/ 15578.72ms (     49 GFLOPS   72|80     GB/s)
*** AMD      739 r[90m_[0m[34m24[0m[90m_[0m[34m8[0m[90m_[0m[36m16[0m[90m_[0m[36m2[0m[90m_[0m[36m8[0m[90m_[0m[33m4[0m[90m_[0m[33m4[0m[90m_[0m[31m384[0m[90m_[0m[35m4[0m[90m[0m                        arg  4 mem   1.78 GB tm   2259.04us/ 15580.98ms (   1080 GFLOPS    9|1137   GB/s)
*** AMD      740 r[90m_[0m[34m24[0m[90m_[0m[34m32[0m[90m_[0m[36m32[0m[90m_[0m[36m2[0m[90m_[0m[33m4[0m[90m_[0m[31m384[0m[90m_[0m[35m4[0m[90m_[0m[35m4[0m[90m[0m                         arg  6 mem   1.78 GB tm   2366.72us/ 15583.35ms (   1021 GFLOPS    9|1276   GB/s)
*** AMD      741 r[90m_[0m[34m8[0m[90m_[0m[34m1536[0m[90m_[0m[36m16[0m[90m_[0m[31m7[0m[90m_[0m[31m7[0m[90m[0m                                arg  4 mem   1.78 GB tm    435.80us/ 15583.79ms (    146 GFLOPS    3|91     GB/s)
*** AMD      742 r[90m_[0m[34m128[0m[90m_[0m[91m32[0m[90m_[0m[31m12[0m[90m_[0m[35m4[0m[90m[0m                                  arg  2 mem   1.78 GB tm     12.52us/ 15583.80ms (     27 GFLOPS   63|107    GB/s)
*** AMD      743 r[90m_[0m[34m32[0m[90m_[0m[91m64[0m[90m_[0m[36m4[0m[90m_[0m[31m6[0m[90m_[0m[35m4[0m[90m[0m                                  arg  3 mem   1.78 GB tm     13.64us/ 15583.81ms (     85 GFLOPS   58|216    GB/s)
*** AMD      744 E[90m_[0m[34m128[0m[90m_[0m[34m8[0m[90m_[0m[36m16[0m[90m_[0m[33m3[0m[90m_[0m[33m4[0m[90m[0m                                 arg  6 mem   1.78 GB tm     14.32us/ 15583.83ms (     56 GFLOPS   83|92     GB/s)
*** AMD      745 r[90m_[0m[34m24[0m[90m_[0m[34m8[0m[90m_[0m[36m16[0m[90m_[0m[36m2[0m[90m_[0m[36m8[0m[90m_[0m[33m4[0m[90m_[0m[33m4[0m[90m_[0m[31m384[0m[90m_[0m[35m4[0m[90m[0m                        arg  4 mem   1.78 GB tm   2258.60us/ 15586.09ms (   1080 GFLOPS    9|1137   GB/s)
*** AMD      746 r[90m_[0m[34m24[0m[90m_[0m[34m32[0m[90m_[0m[36m32[0m[90m_[0m[36m2[0m[90m_[0m[33m4[0m[90m_[0m[31m384[0m[90m_[0m[35m4[0m[90m_[0m[35m4[0m[90m[0m                         arg  6 mem   1.78 GB tm   2367.44us/ 15588.45ms (   1021 GFLOPS    9|1276   GB/s)
*** AMD      747 r[90m_[0m[34m8[0m[90m_[0m[34m1536[0m[90m_[0m[36m16[0m[90m_[0m[31m7[0m[90m_[0m[31m7[0m[90m[0m                                arg  4 mem   1.78 GB tm    436.04us/ 15588.89ms (    146 GFLOPS    3|91     GB/s)
*** AMD      748 r[90m_[0m[34m128[0m[90m_[0m[91m32[0m[90m_[0m[31m12[0m[90m_[0m[35m4[0m[90m[0m                                  arg  2 mem   1.78 GB tm     11.96us/ 15588.90ms (     28 GFLOPS   66|112    GB/s)
*** AMD      749 r[90m_[0m[34m32[0m[90m_[0m[91m64[0m[90m_[0m[36m4[0m[90m_[0m[31m6[0m[90m_[0m[35m4[0m[90m[0m                                  arg  3 mem   1.78 GB tm     13.32us/ 15588.91ms (     87 GFLOPS   59|221    GB/s)
*** AMD      750 E[90m_[0m[34m128[0m[90m_[0m[34m8[0m[90m_[0m[36m16[0m[90m_[0m[33m3[0m[90m_[0m[33m4[0m[90m[0m                                 arg  6 mem   1.78 GB tm     16.48us/ 15588.93ms (     49 GFLOPS   72|80     GB/s)
*** AMD      751 r[90m_[0m[34m24[0m[90m_[0m[34m8[0m[90m_[0m[36m16[0m[90m_[0m[36m2[0m[90m_[0m[36m8[0m[90m_[0m[33m4[0m[90m_[0m[33m4[0m[90m_[0m[31m384[0m[90m_[0m[35m4[0m[90m[0m                        arg  4 mem   1.78 GB tm   2258.12us/ 15591.19ms (   1080 GFLOPS    9|1137   GB/s)
*** AMD      752 r[90m_[0m[34m24[0m[90m_[0m[34m32[0m[90m_[0m[36m32[0m[90m_[0m[36m2[0m[90m_[0m[33m4[0m[90m_[0m[31m384[0m[90m_[0m[35m4[0m[90m_[0m[35m4[0m[90m[0m                         arg  6 mem   1.78 GB tm   2367.52us/ 15593.56ms (   1021 GFLOPS    9|1276   GB/s)
*** AMD      753 r[90m_[0m[34m8[0m[90m_[0m[34m1536[0m[90m_[0m[36m16[0m[90m_[0m[31m7[0m[90m_[0m[31m7[0m[90m[0m                                arg  4 mem   1.78 GB tm    437.08us/ 15593.99ms (    145 GFLOPS    3|91     GB/s)
*** AMD      754 r[90m_[0m[34m128[0m[90m_[0m[91m32[0m[90m_[0m[31m12[0m[90m_[0m[35m4[0m[90m[0m                                  arg  2 mem   1.78 GB tm     12.60us/ 15594.01ms (     27 GFLOPS   62|107    GB/s)
*** AMD      755 r[90m_[0m[34m32[0m[90m_[0m[91m64[0m[90m_[0m[36m4[0m[90m_[0m[31m6[0m[90m_[0m[35m4[0m[90m[0m                                  arg  3 mem   1.78 GB tm     13.48us/ 15594.02ms (     86 GFLOPS   58|219    GB/s)
*** AMD      756 E[90m_[0m[34m128[0m[90m_[0m[34m8[0m[90m_[0m[36m16[0m[90m_[0m[33m3[0m[90m_[0m[33m4[0m[90m[0m                                 arg  6 mem   1.78 GB tm     14.56us/ 15594.03ms (     55 GFLOPS   82|90     GB/s)
*** AMD      757 r[90m_[0m[34m24[0m[90m_[0m[34m8[0m[90m_[0m[36m16[0m[90m_[0m[36m2[0m[90m_[0m[36m8[0m[90m_[0m[33m4[0m[90m_[0m[33m4[0m[90m_[0m[31m384[0m[90m_[0m[35m4[0m[90m[0m                        arg  4 mem   1.78 GB tm   2261.12us/ 15596.29ms (   1079 GFLOPS    9|1136   GB/s)
*** AMD      758 r[90m_[0m[34m24[0m[90m_[0m[34m32[0m[90m_[0m[36m32[0m[90m_[0m[36m2[0m[90m_[0m[33m4[0m[90m_[0m[31m384[0m[90m_[0m[35m4[0m[90m_[0m[35m4[0m[90m[0m                         arg  6 mem   1.78 GB tm   2366.08us/ 15598.66ms (   1021 GFLOPS    9|1277   GB/s)
*** AMD      759 r[90m_[0m[34m8[0m[90m_[0m[34m1536[0m[90m_[0m[36m16[0m[90m_[0m[31m7[0m[90m_[0m[31m7[0m[90m[0m                                arg  4 mem   1.78 GB tm    435.56us/ 15599.10ms (    146 GFLOPS    3|91     GB/s)
*** AMD      760 r[90m_[0m[34m128[0m[90m_[0m[91m32[0m[90m_[0m[31m12[0m[90m_[0m[35m4[0m[90m[0m                                  arg  2 mem   1.78 GB tm     12.56us/ 15599.11ms (     27 GFLOPS   63|107    GB/s)
*** AMD      761 r[90m_[0m[34m32[0m[90m_[0m[91m64[0m[90m_[0m[36m4[0m[90m_[0m[31m6[0m[90m_[0m[35m4[0m[90m[0m                                  arg  3 mem   1.78 GB tm     13.36us/ 15599.12ms (     86 GFLOPS   59|221    GB/s)
*** AMD      762 E[90m_[0m[34m128[0m[90m_[0m[34m8[0m[90m_[0m[36m16[0m[90m_[0m[33m3[0m[90m_[0m[33m4[0m[90m[0m                                 arg  6 mem   1.78 GB tm     14.40us/ 15599.14ms (     56 GFLOPS   82|91     GB/s)
*** AMD      763 r[90m_[0m[34m24[0m[90m_[0m[34m8[0m[90m_[0m[36m16[0m[90m_[0m[36m2[0m[90m_[0m[36m8[0m[90m_[0m[33m4[0m[90m_[0m[33m4[0m[90m_[0m[31m384[0m[90m_[0m[35m4[0m[90m[0m                        arg  4 mem   1.78 GB tm   2261.20us/ 15601.40ms (   1079 GFLOPS    9|1136   GB/s)
*** AMD      764 r[90m_[0m[34m24[0m[90m_[0m[34m32[0m[90m_[0m[36m32[0m[90m_[0m[36m2[0m[90m_[0m[33m4[0m[90m_[0m[31m384[0m[90m_[0m[35m4[0m[90m_[0m[35m4[0m[90m[0m                         arg  6 mem   1.78 GB tm   2366.24us/ 15603.76ms (   1021 GFLOPS    9|1277   GB/s)
*** AMD      765 r[90m_[0m[34m8[0m[90m_[0m[34m1536[0m[90m_[0m[36m16[0m[90m_[0m[31m7[0m[90m_[0m[31m7[0m[90m[0m                                arg  4 mem   1.78 GB tm    436.76us/ 15604.20ms (    145 GFLOPS    3|91     GB/s)
*** AMD      766 r[90m_[0m[34m128[0m[90m_[0m[91m32[0m[90m_[0m[31m12[0m[90m_[0m[35m4[0m[90m[0m                                  arg  2 mem   1.78 GB tm     12.36us/ 15604.21ms (     27 GFLOPS   64|109    GB/s)
*** AMD      767 r[90m_[0m[34m32[0m[90m_[0m[91m64[0m[90m_[0m[36m4[0m[90m_[0m[31m6[0m[90m_[0m[35m4[0m[90m[0m                                  arg  3 mem   1.78 GB tm     13.40us/ 15604.23ms (     86 GFLOPS   59|220    GB/s)
*** AMD      768 E[90m_[0m[34m128[0m[90m_[0m[34m8[0m[90m_[0m[36m16[0m[90m_[0m[33m3[0m[90m_[0m[33m4[0m[90m[0m                                 arg  6 mem   1.78 GB tm     14.84us/ 15604.24ms (     54 GFLOPS   80|89     GB/s)
*** AMD      769 r[90m_[0m[34m24[0m[90m_[0m[34m8[0m[90m_[0m[36m16[0m[90m_[0m[36m2[0m[90m_[0m[36m8[0m[90m_[0m[33m4[0m[90m_[0m[33m4[0m[90m_[0m[31m384[0m[90m_[0m[35m4[0m[90m[0m                        arg  4 mem   1.78 GB tm   2255.80us/ 15606.50ms (   1081 GFLOPS    9|1139   GB/s)
*** AMD      770 r[90m_[0m[34m24[0m[90m_[0m[34m32[0m[90m_[0m[36m32[0m[90m_[0m[36m2[0m[90m_[0m[33m4[0m[90m_[0m[31m384[0m[90m_[0m[35m4[0m[90m_[0m[35m4[0m[90m[0m                         arg  6 mem   1.78 GB tm   2368.32us/ 15608.87ms (   1020 GFLOPS    9|1276   GB/s)
*** AMD      771 r[90m_[0m[34m8[0m[90m_[0m[34m1536[0m[90m_[0m[36m16[0m[90m_[0m[31m7[0m[90m_[0m[31m7[0m[90m[0m                                arg  4 mem   1.78 GB tm    436.56us/ 15609.30ms (    145 GFLOPS    3|91     GB/s)
*** AMD      772 r[90m_[0m[34m128[0m[90m_[0m[91m32[0m[90m_[0m[31m12[0m[90m_[0m[35m4[0m[90m[0m                                  arg  2 mem   1.78 GB tm     12.44us/ 15609.31ms (     27 GFLOPS   63|108    GB/s)
*** AMD      773 r[90m_[0m[34m32[0m[90m_[0m[91m64[0m[90m_[0m[36m4[0m[90m_[0m[31m6[0m[90m_[0m[35m4[0m[90m[0m                                  arg  3 mem   1.78 GB tm     13.56us/ 15609.33ms (     85 GFLOPS   58|218    GB/s)
*** AMD      774 E[90m_[0m[34m128[0m[90m_[0m[34m8[0m[90m_[0m[36m16[0m[90m_[0m[33m3[0m[90m_[0m[33m4[0m[90m[0m                                 arg  6 mem   1.78 GB tm     14.48us/ 15609.34ms (     55 GFLOPS   82|91     GB/s)
*** AMD      775 r[90m_[0m[34m24[0m[90m_[0m[34m8[0m[90m_[0m[36m16[0m[90m_[0m[36m2[0m[90m_[0m[36m8[0m[90m_[0m[33m4[0m[90m_[0m[33m4[0m[90m_[0m[31m384[0m[90m_[0m[35m4[0m[90m[0m                        arg  4 mem   1.78 GB tm   2258.20us/ 15611.60ms (   1080 GFLOPS    9|1137   GB/s)
*** AMD      776 r[90m_[0m[34m24[0m[90m_[0m[34m32[0m[90m_[0m[36m32[0m[90m_[0m[36m2[0m[90m_[0m[33m4[0m[90m_[0m[31m384[0m[90m_[0m[35m4[0m[90m_[0m[35m4[0m[90m[0m                         arg  6 mem   1.78 GB tm   2361.76us/ 15613.96ms (   1023 GFLOPS    9|1279   GB/s)
*** AMD      777 r[90m_[0m[34m8[0m[90m_[0m[34m1536[0m[90m_[0m[36m16[0m[90m_[0m[31m7[0m[90m_[0m[31m7[0m[90m[0m                                arg  4 mem   1.78 GB tm    436.20us/ 15614.40ms (    146 GFLOPS    3|91     GB/s)
*** AMD      778 r[90m_[0m[34m128[0m[90m_[0m[91m32[0m[90m_[0m[31m12[0m[90m_[0m[35m4[0m[90m[0m                                  arg  2 mem   1.78 GB tm     13.36us/ 15614.41ms (     25 GFLOPS   59|101    GB/s)
*** AMD      779 r[90m_[0m[34m32[0m[90m_[0m[91m64[0m[90m_[0m[36m4[0m[90m_[0m[31m6[0m[90m_[0m[35m4[0m[90m[0m                                  arg  3 mem   1.78 GB tm     13.68us/ 15614.43ms (     84 GFLOPS   58|216    GB/s)
*** AMD      780 E[90m_[0m[34m128[0m[90m_[0m[34m8[0m[90m_[0m[36m16[0m[90m_[0m[33m3[0m[90m_[0m[33m4[0m[90m[0m                                 arg  6 mem   1.78 GB tm     14.00us/ 15614.44ms (     57 GFLOPS   85|94     GB/s)
*** AMD      781 r[90m_[0m[34m24[0m[90m_[0m[34m8[0m[90m_[0m[36m16[0m[90m_[0m[36m2[0m[90m_[0m[36m8[0m[90m_[0m[33m4[0m[90m_[0m[33m4[0m[90m_[0m[31m384[0m[90m_[0m[35m4[0m[90m[0m                        arg  4 mem   1.78 GB tm   2255.84us/ 15616.70ms (   1081 GFLOPS    9|1139   GB/s)
*** AMD      782 r[90m_[0m[34m24[0m[90m_[0m[34m32[0m[90m_[0m[36m32[0m[90m_[0m[36m2[0m[90m_[0m[33m4[0m[90m_[0m[31m384[0m[90m_[0m[35m4[0m[90m_[0m[35m4[0m[90m[0m                         arg  6 mem   1.78 GB tm   2364.44us/ 15619.06ms (   1022 GFLOPS    9|1278   GB/s)
*** AMD      783 r[90m_[0m[34m8[0m[90m_[0m[34m1536[0m[90m_[0m[36m16[0m[90m_[0m[31m7[0m[90m_[0m[31m7[0m[90m[0m                                arg  4 mem   1.78 GB tm    435.24us/ 15619.50ms (    146 GFLOPS    3|91     GB/s)
*** AMD      784 r[90m_[0m[34m128[0m[90m_[0m[91m32[0m[90m_[0m[31m12[0m[90m_[0m[35m4[0m[90m[0m                                  arg  2 mem   1.78 GB tm     12.00us/ 15619.51ms (     28 GFLOPS   66|112    GB/s)
*** AMD      785 r[90m_[0m[34m32[0m[90m_[0m[91m64[0m[90m_[0m[36m4[0m[90m_[0m[31m6[0m[90m_[0m[35m4[0m[90m[0m                                  arg  3 mem   1.78 GB tm     13.28us/ 15619.52ms (     87 GFLOPS   59|222    GB/s)
*** AMD      786 E[90m_[0m[34m128[0m[90m_[0m[34m8[0m[90m_[0m[36m16[0m[90m_[0m[33m3[0m[90m_[0m[33m4[0m[90m[0m                                 arg  6 mem   1.78 GB tm     14.56us/ 15619.54ms (     55 GFLOPS   82|90     GB/s)
*** AMD      787 r[90m_[0m[34m24[0m[90m_[0m[34m8[0m[90m_[0m[36m16[0m[90m_[0m[36m2[0m[90m_[0m[36m8[0m[90m_[0m[33m4[0m[90m_[0m[33m4[0m[90m_[0m[31m384[0m[90m_[0m[35m4[0m[90m[0m                        arg  4 mem   1.78 GB tm   2255.92us/ 15621.79ms (   1081 GFLOPS    9|1139   GB/s)
*** AMD      788 r[90m_[0m[34m24[0m[90m_[0m[34m32[0m[90m_[0m[36m32[0m[90m_[0m[36m2[0m[90m_[0m[33m4[0m[90m_[0m[31m384[0m[90m_[0m[35m4[0m[90m_[0m[35m4[0m[90m[0m                         arg  6 mem   1.78 GB tm   2359.56us/ 15624.15ms (   1024 GFLOPS    9|1280   GB/s)
*** AMD      789 r[90m_[0m[34m8[0m[90m_[0m[34m1536[0m[90m_[0m[36m16[0m[90m_[0m[31m7[0m[90m_[0m[31m7[0m[90m[0m                                arg  4 mem   1.78 GB tm    435.96us/ 15624.59ms (    146 GFLOPS    3|91     GB/s)
*** AMD      790 r[90m_[0m[34m128[0m[90m_[0m[91m32[0m[90m_[0m[31m12[0m[90m_[0m[35m4[0m[90m[0m                                  arg  2 mem   1.78 GB tm     12.96us/ 15624.60ms (     26 GFLOPS   61|104    GB/s)
*** AMD      791 r[90m_[0m[34m32[0m[90m_[0m[91m64[0m[90m_[0m[36m4[0m[90m_[0m[31m6[0m[90m_[0m[35m4[0m[90m[0m                                  arg  3 mem   1.78 GB tm     13.32us/ 15624.61ms (     87 GFLOPS   59|221    GB/s)
*** AMD      792 E[90m_[0m[34m128[0m[90m_[0m[34m8[0m[90m_[0m[36m16[0m[90m_[0m[33m3[0m[90m_[0m[33m4[0m[90m[0m                                 arg  6 mem   1.78 GB tm     14.36us/ 15624.63ms (     56 GFLOPS   83|92     GB/s)
*** AMD      793 r[90m_[0m[34m24[0m[90m_[0m[34m8[0m[90m_[0m[36m16[0m[90m_[0m[36m2[0m[90m_[0m[36m8[0m[90m_[0m[33m4[0m[90m_[0m[33m4[0m[90m_[0m[31m384[0m[90m_[0m[35m4[0m[90m[0m                        arg  4 mem   1.78 GB tm   2255.16us/ 15626.88ms (   1081 GFLOPS    9|1139   GB/s)
*** AMD      794 r[90m_[0m[34m24[0m[90m_[0m[34m32[0m[90m_[0m[36m32[0m[90m_[0m[36m2[0m[90m_[0m[33m4[0m[90m_[0m[31m384[0m[90m_[0m[35m4[0m[90m_[0m[35m4[0m[90m[0m                         arg  6 mem   1.78 GB tm   2365.88us/ 15629.25ms (   1021 GFLOPS    9|1277   GB/s)
*** AMD      795 r[90m_[0m[34m8[0m[90m_[0m[34m1536[0m[90m_[0m[36m16[0m[90m_[0m[31m7[0m[90m_[0m[31m7[0m[90m[0m                                arg  4 mem   1.78 GB tm    434.80us/ 15629.68ms (    146 GFLOPS    3|91     GB/s)
*** AMD      796 r[90m_[0m[34m128[0m[90m_[0m[91m32[0m[90m_[0m[31m12[0m[90m_[0m[35m4[0m[90m[0m                                  arg  2 mem   1.78 GB tm     12.48us/ 15629.70ms (     27 GFLOPS   63|108    GB/s)
*** AMD      797 r[90m_[0m[34m32[0m[90m_[0m[91m64[0m[90m_[0m[36m4[0m[90m_[0m[31m6[0m[90m_[0m[35m4[0m[90m[0m                                  arg  3 mem   1.78 GB tm     13.40us/ 15629.71ms (     86 GFLOPS   59|220    GB/s)
*** AMD      798 E[90m_[0m[34m128[0m[90m_[0m[34m8[0m[90m_[0m[36m16[0m[90m_[0m[33m3[0m[90m_[0m[33m4[0m[90m[0m                                 arg  6 mem   1.78 GB tm     14.48us/ 15629.72ms (     55 GFLOPS   82|91     GB/s)
*** AMD      799 r[90m_[0m[34m24[0m[90m_[0m[34m8[0m[90m_[0m[36m16[0m[90m_[0m[36m2[0m[90m_[0m[36m8[0m[90m_[0m[33m4[0m[90m_[0m[33m4[0m[90m_[0m[31m384[0m[90m_[0m[35m4[0m[90m[0m                        arg  4 mem   1.78 GB tm   2259.36us/ 15631.98ms (   1079 GFLOPS    9|1137   GB/s)
*** AMD      800 r[90m_[0m[34m24[0m[90m_[0m[34m32[0m[90m_[0m[36m32[0m[90m_[0m[36m2[0m[90m_[0m[33m4[0m[90m_[0m[31m384[0m[90m_[0m[35m4[0m[90m_[0m[35m4[0m[90m[0m                         arg  6 mem   1.78 GB tm   2367.80us/ 15634.35ms (   1021 GFLOPS    9|1276   GB/s)
*** AMD      801 r[90m_[0m[34m8[0m[90m_[0m[34m1536[0m[90m_[0m[36m16[0m[90m_[0m[31m7[0m[90m_[0m[31m7[0m[90m[0m                                arg  4 mem   1.78 GB tm    435.48us/ 15634.79ms (    146 GFLOPS    3|91     GB/s)
*** AMD      802 r[90m_[0m[34m128[0m[90m_[0m[91m32[0m[90m_[0m[31m12[0m[90m_[0m[35m4[0m[90m[0m                                  arg  2 mem   1.78 GB tm     13.08us/ 15634.80ms (     26 GFLOPS   60|103    GB/s)
*** AMD      803 r[90m_[0m[34m32[0m[90m_[0m[91m64[0m[90m_[0m[36m4[0m[90m_[0m[31m6[0m[90m_[0m[35m4[0m[90m[0m                                  arg  3 mem   1.78 GB tm     13.04us/ 15634.81ms (     89 GFLOPS   60|226    GB/s)
*** AMD      804 E[90m_[0m[34m128[0m[90m_[0m[34m8[0m[90m_[0m[36m16[0m[90m_[0m[33m3[0m[90m_[0m[33m4[0m[90m[0m                                 arg  6 mem   1.78 GB tm     13.80us/ 15634.83ms (     58 GFLOPS   86|95     GB/s)
*** AMD      805 r[90m_[0m[34m24[0m[90m_[0m[34m8[0m[90m_[0m[36m16[0m[90m_[0m[36m2[0m[90m_[0m[36m8[0m[90m_[0m[33m4[0m[90m_[0m[33m4[0m[90m_[0m[31m384[0m[90m_[0m[35m4[0m[90m[0m                        arg  4 mem   1.78 GB tm   2261.52us/ 15637.09ms (   1078 GFLOPS    9|1136   GB/s)
*** AMD      806 r[90m_[0m[34m24[0m[90m_[0m[34m32[0m[90m_[0m[36m32[0m[90m_[0m[36m2[0m[90m_[0m[33m4[0m[90m_[0m[31m384[0m[90m_[0m[35m4[0m[90m_[0m[35m4[0m[90m[0m                         arg  6 mem   1.78 GB tm   2369.92us/ 15639.46ms (   1020 GFLOPS    9|1275   GB/s)
*** AMD      807 r[90m_[0m[34m8[0m[90m_[0m[34m1536[0m[90m_[0m[36m16[0m[90m_[0m[31m7[0m[90m_[0m[31m7[0m[90m[0m                                arg  4 mem   1.78 GB tm    434.84us/ 15639.89ms (    146 GFLOPS    3|91     GB/s)
*** AMD      808 r[90m_[0m[34m128[0m[90m_[0m[91m32[0m[90m_[0m[31m12[0m[90m_[0m[35m4[0m[90m[0m                                  arg  2 mem   1.78 GB tm     12.60us/ 15639.90ms (     27 GFLOPS   62|107    GB/s)
*** AMD      809 r[90m_[0m[34m32[0m[90m_[0m[91m64[0m[90m_[0m[36m4[0m[90m_[0m[31m6[0m[90m_[0m[35m4[0m[90m[0m                                  arg  3 mem   1.78 GB tm     13.44us/ 15639.92ms (     86 GFLOPS   59|219    GB/s)
*** AMD      810 E[90m_[0m[34m128[0m[90m_[0m[34m8[0m[90m_[0m[36m16[0m[90m_[0m[33m3[0m[90m_[0m[33m4[0m[90m[0m                                 arg  6 mem   1.78 GB tm     14.36us/ 15639.93ms (     56 GFLOPS   83|92     GB/s)
*** AMD      811 r[90m_[0m[34m24[0m[90m_[0m[34m8[0m[90m_[0m[36m16[0m[90m_[0m[36m2[0m[90m_[0m[36m8[0m[90m_[0m[33m4[0m[90m_[0m[33m4[0m[90m_[0m[31m384[0m[90m_[0m[35m4[0m[90m[0m                        arg  4 mem   1.78 GB tm   2257.32us/ 15642.19ms (   1080 GFLOPS    9|1138   GB/s)
*** AMD      812 r[90m_[0m[34m24[0m[90m_[0m[34m32[0m[90m_[0m[36m32[0m[90m_[0m[36m2[0m[90m_[0m[33m4[0m[90m_[0m[31m384[0m[90m_[0m[35m4[0m[90m_[0m[35m4[0m[90m[0m                         arg  6 mem   1.78 GB tm   2366.08us/ 15644.56ms (   1021 GFLOPS    9|1277   GB/s)
*** AMD      813 r[90m_[0m[34m8[0m[90m_[0m[34m1536[0m[90m_[0m[36m16[0m[90m_[0m[31m7[0m[90m_[0m[31m7[0m[90m[0m                                arg  4 mem   1.78 GB tm    436.64us/ 15644.99ms (    145 GFLOPS    3|91     GB/s)
*** AMD      814 r[90m_[0m[34m128[0m[90m_[0m[91m32[0m[90m_[0m[31m12[0m[90m_[0m[35m4[0m[90m[0m                                  arg  2 mem   1.78 GB tm     13.24us/ 15645.01ms (     25 GFLOPS   59|101    GB/s)
*** AMD      815 r[90m_[0m[34m32[0m[90m_[0m[91m64[0m[90m_[0m[36m4[0m[90m_[0m[31m6[0m[90m_[0m[35m4[0m[90m[0m                                  arg  3 mem   1.78 GB tm     13.20us/ 15645.02ms (     88 GFLOPS   60|223    GB/s)
*** AMD      816 E[90m_[0m[34m128[0m[90m_[0m[34m8[0m[90m_[0m[36m16[0m[90m_[0m[33m3[0m[90m_[0m[33m4[0m[90m[0m                                 arg  6 mem   1.78 GB tm     14.04us/ 15645.03ms (     57 GFLOPS   85|94     GB/s)
*** AMD      817 r[90m_[0m[34m24[0m[90m_[0m[34m8[0m[90m_[0m[36m16[0m[90m_[0m[36m2[0m[90m_[0m[36m8[0m[90m_[0m[33m4[0m[90m_[0m[33m4[0m[90m_[0m[31m384[0m[90m_[0m[35m4[0m[90m[0m                        arg  4 mem   1.78 GB tm   2257.32us/ 15647.29ms (   1080 GFLOPS    9|1138   GB/s)
*** AMD      818 r[90m_[0m[34m24[0m[90m_[0m[34m32[0m[90m_[0m[36m32[0m[90m_[0m[36m2[0m[90m_[0m[33m4[0m[90m_[0m[31m384[0m[90m_[0m[35m4[0m[90m_[0m[35m4[0m[90m[0m                         arg  6 mem   1.78 GB tm   2360.92us/ 15649.65ms (   1024 GFLOPS    9|1280   GB/s)
*** AMD      819 r[90m_[0m[34m8[0m[90m_[0m[34m1536[0m[90m_[0m[36m16[0m[90m_[0m[31m7[0m[90m_[0m[31m7[0m[90m[0m                                arg  4 mem   1.78 GB tm    434.88us/ 15650.09ms (    146 GFLOPS    3|91     GB/s)
*** AMD      820 r[90m_[0m[34m128[0m[90m_[0m[91m32[0m[90m_[0m[31m12[0m[90m_[0m[35m4[0m[90m[0m                                  arg  2 mem   1.78 GB tm     12.68us/ 15650.10ms (     26 GFLOPS   62|106    GB/s)
*** AMD      821 r[90m_[0m[34m32[0m[90m_[0m[91m64[0m[90m_[0m[36m4[0m[90m_[0m[31m6[0m[90m_[0m[35m4[0m[90m[0m                                  arg  3 mem   1.78 GB tm     13.52us/ 15650.11ms (     85 GFLOPS   58|218    GB/s)
*** AMD      822 E[90m_[0m[34m128[0m[90m_[0m[34m8[0m[90m_[0m[36m16[0m[90m_[0m[33m3[0m[90m_[0m[33m4[0m[90m[0m                                 arg  6 mem   1.78 GB tm     16.36us/ 15650.13ms (     49 GFLOPS   73|80     GB/s)
*** AMD      823 r[90m_[0m[34m24[0m[90m_[0m[34m8[0m[90m_[0m[36m16[0m[90m_[0m[36m2[0m[90m_[0m[36m8[0m[90m_[0m[33m4[0m[90m_[0m[33m4[0m[90m_[0m[31m384[0m[90m_[0m[35m4[0m[90m[0m                        arg  4 mem   1.78 GB tm   2257.76us/ 15652.39ms (   1080 GFLOPS    9|1138   GB/s)
*** AMD      824 r[90m_[0m[34m24[0m[90m_[0m[34m32[0m[90m_[0m[36m32[0m[90m_[0m[36m2[0m[90m_[0m[33m4[0m[90m_[0m[31m384[0m[90m_[0m[35m4[0m[90m_[0m[35m4[0m[90m[0m                         arg  6 mem   1.78 GB tm   2363.40us/ 15654.75ms (   1022 GFLOPS    9|1278   GB/s)
*** AMD      825 r[90m_[0m[34m8[0m[90m_[0m[34m1536[0m[90m_[0m[36m16[0m[90m_[0m[31m7[0m[90m_[0m[31m7[0m[90m[0m                                arg  4 mem   1.78 GB tm    435.96us/ 15655.19ms (    146 GFLOPS    3|91     GB/s)
*** AMD      826 r[90m_[0m[34m128[0m[90m_[0m[91m32[0m[90m_[0m[31m12[0m[90m_[0m[35m4[0m[90m[0m                                  arg  2 mem   1.78 GB tm     12.48us/ 15655.20ms (     27 GFLOPS   63|108    GB/s)
*** AMD      827 r[90m_[0m[34m32[0m[90m_[0m[91m64[0m[90m_[0m[36m4[0m[90m_[0m[31m6[0m[90m_[0m[35m4[0m[90m[0m                                  arg  3 mem   1.78 GB tm     13.32us/ 15655.21ms (     87 GFLOPS   59|221    GB/s)
*** AMD      828 E[90m_[0m[34m128[0m[90m_[0m[34m8[0m[90m_[0m[36m16[0m[90m_[0m[33m3[0m[90m_[0m[33m4[0m[90m[0m                                 arg  6 mem   1.78 GB tm     13.84us/ 15655.23ms (     58 GFLOPS   86|95     GB/s)
*** AMD      829 r[90m_[0m[34m24[0m[90m_[0m[34m8[0m[90m_[0m[36m16[0m[90m_[0m[36m2[0m[90m_[0m[36m8[0m[90m_[0m[33m4[0m[90m_[0m[33m4[0m[90m_[0m[31m384[0m[90m_[0m[35m4[0m[90m[0m                        arg  4 mem   1.78 GB tm   2256.92us/ 15657.48ms (   1081 GFLOPS    9|1138   GB/s)
*** AMD      830 r[90m_[0m[34m24[0m[90m_[0m[34m32[0m[90m_[0m[36m32[0m[90m_[0m[36m2[0m[90m_[0m[33m4[0m[90m_[0m[31m384[0m[90m_[0m[35m4[0m[90m_[0m[35m4[0m[90m[0m                         arg  6 mem   1.78 GB tm   2365.88us/ 15659.85ms (   1021 GFLOPS    9|1277   GB/s)
*** AMD      831 r[90m_[0m[34m8[0m[90m_[0m[34m1536[0m[90m_[0m[36m16[0m[90m_[0m[31m7[0m[90m_[0m[31m7[0m[90m[0m                                arg  4 mem   1.78 GB tm    435.16us/ 15660.28ms (    146 GFLOPS    3|91     GB/s)
*** AMD      832 r[90m_[0m[34m128[0m[90m_[0m[91m32[0m[90m_[0m[31m12[0m[90m_[0m[35m4[0m[90m[0m                                  arg  2 mem   1.78 GB tm     12.48us/ 15660.30ms (     27 GFLOPS   63|108    GB/s)
*** AMD      833 r[90m_[0m[34m32[0m[90m_[0m[91m64[0m[90m_[0m[36m4[0m[90m_[0m[31m6[0m[90m_[0m[35m4[0m[90m[0m                                  arg  3 mem   1.78 GB tm     13.32us/ 15660.31ms (     87 GFLOPS   59|221    GB/s)
*** AMD      834 E[90m_[0m[34m128[0m[90m_[0m[34m8[0m[90m_[0m[36m16[0m[90m_[0m[33m3[0m[90m_[0m[33m4[0m[90m[0m                                 arg  6 mem   1.78 GB tm     14.60us/ 15660.32ms (     55 GFLOPS   81|90     GB/s)
*** AMD      835 r[90m_[0m[34m24[0m[90m_[0m[34m8[0m[90m_[0m[36m16[0m[90m_[0m[36m2[0m[90m_[0m[36m8[0m[90m_[0m[33m4[0m[90m_[0m[33m4[0m[90m_[0m[31m384[0m[90m_[0m[35m4[0m[90m[0m                        arg  4 mem   1.78 GB tm   2258.16us/ 15662.58ms (   1080 GFLOPS    9|1137   GB/s)
*** AMD      836 r[90m_[0m[34m24[0m[90m_[0m[34m32[0m[90m_[0m[36m32[0m[90m_[0m[36m2[0m[90m_[0m[33m4[0m[90m_[0m[31m384[0m[90m_[0m[35m4[0m[90m_[0m[35m4[0m[90m[0m                         arg  6 mem   1.78 GB tm   2360.92us/ 15664.94ms (   1024 GFLOPS    9|1280   GB/s)
*** AMD      837 r[90m_[0m[34m8[0m[90m_[0m[34m1536[0m[90m_[0m[36m16[0m[90m_[0m[31m7[0m[90m_[0m[31m7[0m[90m[0m                                arg  4 mem   1.78 GB tm    436.60us/ 15665.38ms (    145 GFLOPS    3|91     GB/s)
*** AMD      838 r[90m_[0m[34m128[0m[90m_[0m[91m32[0m[90m_[0m[31m12[0m[90m_[0m[35m4[0m[90m[0m                                  arg  2 mem   1.78 GB tm     12.52us/ 15665.39ms (     27 GFLOPS   63|107    GB/s)
*** AMD      839 r[90m_[0m[34m32[0m[90m_[0m[91m64[0m[90m_[0m[36m4[0m[90m_[0m[31m6[0m[90m_[0m[35m4[0m[90m[0m                                  arg  3 mem   1.78 GB tm     13.48us/ 15665.41ms (     86 GFLOPS   58|219    GB/s)
*** AMD      840 E[90m_[0m[34m128[0m[90m_[0m[34m8[0m[90m_[0m[36m16[0m[90m_[0m[33m3[0m[90m_[0m[33m4[0m[90m[0m                                 arg  6 mem   1.78 GB tm     13.96us/ 15665.42ms (     58 GFLOPS   85|94     GB/s)
*** AMD      841 r[90m_[0m[34m24[0m[90m_[0m[34m8[0m[90m_[0m[36m16[0m[90m_[0m[36m2[0m[90m_[0m[36m8[0m[90m_[0m[33m4[0m[90m_[0m[33m4[0m[90m_[0m[31m384[0m[90m_[0m[35m4[0m[90m[0m                        arg  4 mem   1.78 GB tm   2256.28us/ 15667.68ms (   1081 GFLOPS    9|1138   GB/s)
*** AMD      842 r[90m_[0m[34m24[0m[90m_[0m[34m32[0m[90m_[0m[36m32[0m[90m_[0m[36m2[0m[90m_[0m[33m4[0m[90m_[0m[31m384[0m[90m_[0m[35m4[0m[90m_[0m[35m4[0m[90m[0m                         arg  6 mem   1.78 GB tm   2365.48us/ 15670.04ms (   1022 GFLOPS    9|1277   GB/s)
*** AMD      843 r[90m_[0m[34m8[0m[90m_[0m[34m1536[0m[90m_[0m[36m16[0m[90m_[0m[31m7[0m[90m_[0m[31m7[0m[90m[0m                                arg  4 mem   1.78 GB tm    435.92us/ 15670.48ms (    146 GFLOPS    3|91     GB/s)
*** AMD      844 r[90m_[0m[34m128[0m[90m_[0m[91m32[0m[90m_[0m[31m12[0m[90m_[0m[35m4[0m[90m[0m                                  arg  2 mem   1.78 GB tm     11.92us/ 15670.49ms (     28 GFLOPS   66|113    GB/s)
*** AMD      845 r[90m_[0m[34m32[0m[90m_[0m[91m64[0m[90m_[0m[36m4[0m[90m_[0m[31m6[0m[90m_[0m[35m4[0m[90m[0m                                  arg  3 mem   1.78 GB tm     13.32us/ 15670.50ms (     87 GFLOPS   59|221    GB/s)
*** AMD      846 E[90m_[0m[34m128[0m[90m_[0m[34m8[0m[90m_[0m[36m16[0m[90m_[0m[33m3[0m[90m_[0m[33m4[0m[90m[0m                                 arg  6 mem   1.78 GB tm     14.36us/ 15670.52ms (     56 GFLOPS   83|92     GB/s)
*** AMD      847 r[90m_[0m[34m24[0m[90m_[0m[34m8[0m[90m_[0m[36m16[0m[90m_[0m[36m2[0m[90m_[0m[36m8[0m[90m_[0m[33m4[0m[90m_[0m[33m4[0m[90m_[0m[31m384[0m[90m_[0m[35m4[0m[90m[0m                        arg  4 mem   1.78 GB tm   2258.04us/ 15672.78ms (   1080 GFLOPS    9|1138   GB/s)
*** AMD      848 r[90m_[0m[34m24[0m[90m_[0m[34m32[0m[90m_[0m[36m32[0m[90m_[0m[36m2[0m[90m_[0m[33m4[0m[90m_[0m[31m384[0m[90m_[0m[35m4[0m[90m_[0m[35m4[0m[90m[0m                         arg  6 mem   1.78 GB tm   2363.08us/ 15675.14ms (   1023 GFLOPS    9|1278   GB/s)
*** AMD      849 r[90m_[0m[34m8[0m[90m_[0m[34m1536[0m[90m_[0m[36m16[0m[90m_[0m[31m7[0m[90m_[0m[31m7[0m[90m[0m                                arg  4 mem   1.78 GB tm    435.60us/ 15675.57ms (    146 GFLOPS    3|91     GB/s)
*** AMD      850 r[90m_[0m[34m128[0m[90m_[0m[91m32[0m[90m_[0m[31m12[0m[90m_[0m[35m4[0m[90m[0m                                  arg  2 mem   1.78 GB tm     13.08us/ 15675.59ms (     26 GFLOPS   60|103    GB/s)
*** AMD      851 r[90m_[0m[34m32[0m[90m_[0m[91m64[0m[90m_[0m[36m4[0m[90m_[0m[31m6[0m[90m_[0m[35m4[0m[90m[0m                                  arg  3 mem   1.78 GB tm     13.28us/ 15675.60ms (     87 GFLOPS   59|222    GB/s)
*** AMD      852 E[90m_[0m[34m128[0m[90m_[0m[34m8[0m[90m_[0m[36m16[0m[90m_[0m[33m3[0m[90m_[0m[33m4[0m[90m[0m                                 arg  6 mem   1.78 GB tm     14.60us/ 15675.61ms (     55 GFLOPS   81|90     GB/s)
*** AMD      853 r[90m_[0m[34m24[0m[90m_[0m[34m8[0m[90m_[0m[36m16[0m[90m_[0m[36m2[0m[90m_[0m[36m8[0m[90m_[0m[33m4[0m[90m_[0m[33m4[0m[90m_[0m[31m384[0m[90m_[0m[35m4[0m[90m[0m                        arg  4 mem   1.78 GB tm   2256.48us/ 15677.87ms (   1081 GFLOPS    9|1138   GB/s)
*** AMD      854 r[90m_[0m[34m24[0m[90m_[0m[34m32[0m[90m_[0m[36m32[0m[90m_[0m[36m2[0m[90m_[0m[33m4[0m[90m_[0m[31m384[0m[90m_[0m[35m4[0m[90m_[0m[35m4[0m[90m[0m                         arg  6 mem   1.78 GB tm   2363.00us/ 15680.23ms (   1023 GFLOPS    9|1278   GB/s)
*** AMD      855 r[90m_[0m[34m8[0m[90m_[0m[34m1536[0m[90m_[0m[36m16[0m[90m_[0m[31m7[0m[90m_[0m[31m7[0m[90m[0m                                arg  4 mem   1.78 GB tm    435.16us/ 15680.67ms (    146 GFLOPS    3|91     GB/s)
*** AMD      856 r[90m_[0m[34m128[0m[90m_[0m[91m32[0m[90m_[0m[31m12[0m[90m_[0m[35m4[0m[90m[0m                                  arg  2 mem   1.78 GB tm     12.52us/ 15680.68ms (     27 GFLOPS   63|107    GB/s)
*** AMD      857 r[90m_[0m[34m32[0m[90m_[0m[91m64[0m[90m_[0m[36m4[0m[90m_[0m[31m6[0m[90m_[0m[35m4[0m[90m[0m                                  arg  3 mem   1.78 GB tm     13.44us/ 15680.70ms (     86 GFLOPS   59|219    GB/s)
*** AMD      858 E[90m_[0m[34m128[0m[90m_[0m[34m8[0m[90m_[0m[36m16[0m[90m_[0m[33m3[0m[90m_[0m[33m4[0m[90m[0m                                 arg  6 mem   1.78 GB tm     14.16us/ 15680.71ms (     57 GFLOPS   84|93     GB/s)
*** AMD      859 r[90m_[0m[34m24[0m[90m_[0m[34m8[0m[90m_[0m[36m16[0m[90m_[0m[36m2[0m[90m_[0m[36m8[0m[90m_[0m[33m4[0m[90m_[0m[33m4[0m[90m_[0m[31m384[0m[90m_[0m[35m4[0m[90m[0m                        arg  4 mem   1.78 GB tm   2260.08us/ 15682.97ms (   1079 GFLOPS    9|1137   GB/s)
*** AMD      860 r[90m_[0m[34m24[0m[90m_[0m[34m32[0m[90m_[0m[36m32[0m[90m_[0m[36m2[0m[90m_[0m[33m4[0m[90m_[0m[31m384[0m[90m_[0m[35m4[0m[90m_[0m[35m4[0m[90m[0m                         arg  6 mem   1.78 GB tm   2362.92us/ 15685.33ms (   1023 GFLOPS    9|1278   GB/s)
*** AMD      861 r[90m_[0m[34m8[0m[90m_[0m[34m1536[0m[90m_[0m[36m16[0m[90m_[0m[31m7[0m[90m_[0m[31m7[0m[90m[0m                                arg  4 mem   1.78 GB tm    435.00us/ 15685.77ms (    146 GFLOPS    3|91     GB/s)
*** AMD      862 r[90m_[0m[34m128[0m[90m_[0m[91m32[0m[90m_[0m[31m12[0m[90m_[0m[35m4[0m[90m[0m                                  arg  2 mem   1.78 GB tm     12.56us/ 15685.78ms (     27 GFLOPS   63|107    GB/s)
*** AMD      863 r[90m_[0m[34m32[0m[90m_[0m[91m64[0m[90m_[0m[36m4[0m[90m_[0m[31m6[0m[90m_[0m[35m4[0m[90m[0m                                  arg  3 mem   1.78 GB tm     13.40us/ 15685.79ms (     86 GFLOPS   59|220    GB/s)
*** AMD      864 E[90m_[0m[34m128[0m[90m_[0m[34m8[0m[90m_[0m[36m16[0m[90m_[0m[33m3[0m[90m_[0m[33m4[0m[90m[0m                                 arg  6 mem   1.78 GB tm     14.36us/ 15685.81ms (     56 GFLOPS   83|92     GB/s)
*** AMD      865 r[90m_[0m[34m24[0m[90m_[0m[34m8[0m[90m_[0m[36m16[0m[90m_[0m[36m2[0m[90m_[0m[36m8[0m[90m_[0m[33m4[0m[90m_[0m[33m4[0m[90m_[0m[31m384[0m[90m_[0m[35m4[0m[90m[0m                        arg  4 mem   1.78 GB tm   2258.72us/ 15688.07ms (   1080 GFLOPS    9|1137   GB/s)
*** AMD      866 r[90m_[0m[34m24[0m[90m_[0m[34m32[0m[90m_[0m[36m32[0m[90m_[0m[36m2[0m[90m_[0m[33m4[0m[90m_[0m[31m384[0m[90m_[0m[35m4[0m[90m_[0m[35m4[0m[90m[0m                         arg  6 mem   1.78 GB tm   2364.12us/ 15690.43ms (   1022 GFLOPS    9|1278   GB/s)
*** AMD      867 r[90m_[0m[34m8[0m[90m_[0m[34m1536[0m[90m_[0m[36m16[0m[90m_[0m[31m7[0m[90m_[0m[31m7[0m[90m[0m                                arg  4 mem   1.78 GB tm    434.68us/ 15690.87ms (    146 GFLOPS    3|91     GB/s)
*** AMD      868 r[90m_[0m[34m128[0m[90m_[0m[91m32[0m[90m_[0m[31m12[0m[90m_[0m[35m4[0m[90m[0m                                  arg  2 mem   1.78 GB tm     12.00us/ 15690.88ms (     28 GFLOPS   66|112    GB/s)
*** AMD      869 r[90m_[0m[34m32[0m[90m_[0m[91m64[0m[90m_[0m[36m4[0m[90m_[0m[31m6[0m[90m_[0m[35m4[0m[90m[0m                                  arg  3 mem   1.78 GB tm     13.12us/ 15690.89ms (     88 GFLOPS   60|225    GB/s)
*** AMD      870 E[90m_[0m[34m128[0m[90m_[0m[34m8[0m[90m_[0m[36m16[0m[90m_[0m[33m3[0m[90m_[0m[33m4[0m[90m[0m                                 arg  6 mem   1.78 GB tm     14.48us/ 15690.90ms (     55 GFLOPS   82|91     GB/s)
*** AMD      871 r[90m_[0m[34m24[0m[90m_[0m[34m8[0m[90m_[0m[36m16[0m[90m_[0m[36m2[0m[90m_[0m[36m8[0m[90m_[0m[33m4[0m[90m_[0m[33m4[0m[90m_[0m[31m384[0m[90m_[0m[35m4[0m[90m[0m                        arg  4 mem   1.78 GB tm   2257.48us/ 15693.16ms (   1080 GFLOPS    9|1138   GB/s)
*** AMD      872 r[90m_[0m[34m24[0m[90m_[0m[34m32[0m[90m_[0m[36m32[0m[90m_[0m[36m2[0m[90m_[0m[33m4[0m[90m_[0m[31m384[0m[90m_[0m[35m4[0m[90m_[0m[35m4[0m[90m[0m                         arg  6 mem   1.78 GB tm   2365.68us/ 15695.53ms (   1021 GFLOPS    9|1277   GB/s)
*** AMD      873 r[90m_[0m[34m8[0m[90m_[0m[34m1536[0m[90m_[0m[36m16[0m[90m_[0m[31m7[0m[90m_[0m[31m7[0m[90m[0m                                arg  4 mem   1.78 GB tm    435.24us/ 15695.96ms (    146 GFLOPS    3|91     GB/s)
*** AMD      874 r[90m_[0m[34m128[0m[90m_[0m[91m32[0m[90m_[0m[31m12[0m[90m_[0m[35m4[0m[90m[0m                                  arg  2 mem   1.78 GB tm     12.60us/ 15695.98ms (     27 GFLOPS   62|107    GB/s)
*** AMD      875 r[90m_[0m[34m32[0m[90m_[0m[91m64[0m[90m_[0m[36m4[0m[90m_[0m[31m6[0m[90m_[0m[35m4[0m[90m[0m                                  arg  3 mem   1.78 GB tm     13.56us/ 15695.99ms (     85 GFLOPS   58|218    GB/s)
*** AMD      876 E[90m_[0m[34m128[0m[90m_[0m[34m8[0m[90m_[0m[36m16[0m[90m_[0m[33m3[0m[90m_[0m[33m4[0m[90m[0m                                 arg  6 mem   1.78 GB tm     14.52us/ 15696.00ms (     55 GFLOPS   82|91     GB/s)
*** AMD      877 r[90m_[0m[34m24[0m[90m_[0m[34m8[0m[90m_[0m[36m16[0m[90m_[0m[36m2[0m[90m_[0m[36m8[0m[90m_[0m[33m4[0m[90m_[0m[33m4[0m[90m_[0m[31m384[0m[90m_[0m[35m4[0m[90m[0m                        arg  4 mem   1.78 GB tm   2256.64us/ 15698.26ms (   1081 GFLOPS    9|1138   GB/s)
*** AMD      878 r[90m_[0m[34m24[0m[90m_[0m[34m32[0m[90m_[0m[36m32[0m[90m_[0m[36m2[0m[90m_[0m[33m4[0m[90m_[0m[31m384[0m[90m_[0m[35m4[0m[90m_[0m[35m4[0m[90m[0m                         arg  6 mem   1.78 GB tm   2367.92us/ 15700.63ms (   1021 GFLOPS    9|1276   GB/s)
*** AMD      879 r[90m_[0m[34m8[0m[90m_[0m[34m1536[0m[90m_[0m[36m16[0m[90m_[0m[31m7[0m[90m_[0m[31m7[0m[90m[0m                                arg  4 mem   1.78 GB tm    434.76us/ 15701.06ms (    146 GFLOPS    3|91     GB/s)
*** AMD      880 r[90m_[0m[34m128[0m[90m_[0m[91m32[0m[90m_[0m[31m12[0m[90m_[0m[35m4[0m[90m[0m                                  arg  2 mem   1.78 GB tm     11.80us/ 15701.08ms (     28 GFLOPS   67|114    GB/s)
*** AMD      881 r[90m_[0m[34m32[0m[90m_[0m[91m64[0m[90m_[0m[36m4[0m[90m_[0m[31m6[0m[90m_[0m[35m4[0m[90m[0m                                  arg  3 mem   1.78 GB tm     13.56us/ 15701.09ms (     85 GFLOPS   58|218    GB/s)
*** AMD      882 E[90m_[0m[34m128[0m[90m_[0m[34m8[0m[90m_[0m[36m16[0m[90m_[0m[33m3[0m[90m_[0m[33m4[0m[90m[0m                                 arg  6 mem   1.78 GB tm     14.64us/ 15701.10ms (     55 GFLOPS   81|90     GB/s)
*** AMD      883 r[90m_[0m[34m24[0m[90m_[0m[34m8[0m[90m_[0m[36m16[0m[90m_[0m[36m2[0m[90m_[0m[36m8[0m[90m_[0m[33m4[0m[90m_[0m[33m4[0m[90m_[0m[31m384[0m[90m_[0m[35m4[0m[90m[0m                        arg  4 mem   1.78 GB tm   2258.32us/ 15703.36ms (   1080 GFLOPS    9|1137   GB/s)
*** AMD      884 r[90m_[0m[34m24[0m[90m_[0m[34m32[0m[90m_[0m[36m32[0m[90m_[0m[36m2[0m[90m_[0m[33m4[0m[90m_[0m[31m384[0m[90m_[0m[35m4[0m[90m_[0m[35m4[0m[90m[0m                         arg  6 mem   1.78 GB tm   2363.68us/ 15705.73ms (   1022 GFLOPS    9|1278   GB/s)
*** AMD      885 r[90m_[0m[34m8[0m[90m_[0m[34m1536[0m[90m_[0m[36m16[0m[90m_[0m[31m7[0m[90m_[0m[31m7[0m[90m[0m                                arg  4 mem   1.78 GB tm    435.68us/ 15706.16ms (    146 GFLOPS    3|91     GB/s)
*** AMD      886 r[90m_[0m[34m128[0m[90m_[0m[91m32[0m[90m_[0m[31m12[0m[90m_[0m[35m4[0m[90m[0m                                  arg  2 mem   1.78 GB tm     12.48us/ 15706.17ms (     27 GFLOPS   63|108    GB/s)
*** AMD      887 r[90m_[0m[34m32[0m[90m_[0m[91m64[0m[90m_[0m[36m4[0m[90m_[0m[31m6[0m[90m_[0m[35m4[0m[90m[0m                                  arg  3 mem   1.78 GB tm     13.28us/ 15706.19ms (     87 GFLOPS   59|222    GB/s)
*** AMD      888 E[90m_[0m[34m128[0m[90m_[0m[34m8[0m[90m_[0m[36m16[0m[90m_[0m[33m3[0m[90m_[0m[33m4[0m[90m[0m                                 arg  6 mem   1.78 GB tm     14.60us/ 15706.20ms (     55 GFLOPS   81|90     GB/s)
*** AMD      889 r[90m_[0m[34m24[0m[90m_[0m[34m8[0m[90m_[0m[36m16[0m[90m_[0m[36m2[0m[90m_[0m[36m8[0m[90m_[0m[33m4[0m[90m_[0m[33m4[0m[90m_[0m[31m384[0m[90m_[0m[35m4[0m[90m[0m                        arg  4 mem   1.78 GB tm   2256.20us/ 15708.46ms (   1081 GFLOPS    9|1138   GB/s)
*** AMD      890 r[90m_[0m[34m24[0m[90m_[0m[34m32[0m[90m_[0m[36m32[0m[90m_[0m[36m2[0m[90m_[0m[33m4[0m[90m_[0m[31m384[0m[90m_[0m[35m4[0m[90m_[0m[35m4[0m[90m[0m                         arg  6 mem   1.78 GB tm   2361.48us/ 15710.82ms (   1023 GFLOPS    9|1279   GB/s)
*** AMD      891 r[90m_[0m[34m8[0m[90m_[0m[34m1536[0m[90m_[0m[36m16[0m[90m_[0m[31m7[0m[90m_[0m[31m7[0m[90m[0m                                arg  4 mem   1.78 GB tm    435.40us/ 15711.25ms (    146 GFLOPS    3|91     GB/s)
*** AMD      892 r[90m_[0m[34m128[0m[90m_[0m[91m32[0m[90m_[0m[31m12[0m[90m_[0m[35m4[0m[90m[0m                                  arg  2 mem   1.78 GB tm     12.12us/ 15711.27ms (     28 GFLOPS   65|111    GB/s)
*** AMD      893 r[90m_[0m[34m32[0m[90m_[0m[91m64[0m[90m_[0m[36m4[0m[90m_[0m[31m6[0m[90m_[0m[35m4[0m[90m[0m                                  arg  3 mem   1.78 GB tm     13.48us/ 15711.28ms (     86 GFLOPS   58|219    GB/s)
*** AMD      894 E[90m_[0m[34m128[0m[90m_[0m[34m8[0m[90m_[0m[36m16[0m[90m_[0m[33m3[0m[90m_[0m[33m4[0m[90m[0m                                 arg  6 mem   1.78 GB tm     14.68us/ 15711.29ms (     55 GFLOPS   81|90     GB/s)
*** AMD      895 r[90m_[0m[34m24[0m[90m_[0m[34m8[0m[90m_[0m[36m16[0m[90m_[0m[36m2[0m[90m_[0m[36m8[0m[90m_[0m[33m4[0m[90m_[0m[33m4[0m[90m_[0m[31m384[0m[90m_[0m[35m4[0m[90m[0m                        arg  4 mem   1.78 GB tm   2256.80us/ 15713.55ms (   1081 GFLOPS    9|1138   GB/s)
[32m*** AMD      896[0m r[90m_[0m[34m6[0m[90m_[0m[34m32[0m[90m_[0m[36m4[0m[90m_[0m[36m16[0m[90m_[0m[33m4[0m[90m_[0m[33m4[0m[90m_[0m[31m1536[0m[90m_[0m[35m4[0m[90m[0m                         arg  6 mem   1.78 GB tm   2674.64us/ 15716.23ms (    903 GFLOPS    8|452    GB/s)
*** AMD      897 r[90m_[0m[34m128[0m[90m_[0m[91m32[0m[90m_[0m[31m12[0m[90m_[0m[35m4[0m[90m[0m                                  arg  2 mem   1.78 GB tm     12.80us/ 15716.24ms (     26 GFLOPS   61|105    GB/s)
*** AMD      898 r[90m_[0m[34m32[0m[90m_[0m[91m64[0m[90m_[0m[36m4[0m[90m_[0m[31m6[0m[90m_[0m[35m4[0m[90m[0m                                  arg  3 mem   1.78 GB tm     13.28us/ 15716.25ms (     87 GFLOPS   59|222    GB/s)
*** AMD      899 E[90m_[0m[34m128[0m[90m_[0m[34m8[0m[90m_[0m[36m16[0m[90m_[0m[33m3[0m[90m_[0m[33m4[0m[90m[0m                                 arg  6 mem   1.78 GB tm     14.72us/ 15716.27ms (     55 GFLOPS   81|89     GB/s)
[32m*** AMD      900[0m r[90m_[0m[34m1024[0m[90m_[0m[34m4[0m[90m_[0m[34m8[0m[90m_[0m[91m64[0m[90m_[0m[36m3[0m[90m_[0m[31m4[0m[90m_[0m[31m24[0m[90m[0m                           arg  4 mem   1.78 GB tm   3825.68us/ 15720.09ms (    918 GFLOPS   10|2013   GB/s)
[32m*** AMD      901[0m r[90m_[0m[34m96[0m[90m_[0m[36m8[0m[90m_[0m[36m8[0m[90m_[0m[36m4[0m[90m_[0m[33m4[0m[90m_[0m[31m7[0m[90m_[0m[35m7[0m[90m[0m                               arg  4 mem   1.78 GB tm     34.36us/ 15720.13ms (    178 GFLOPS   26|123    GB/s)
[32m*** AMD      902[0m r[90m_[0m[34m32[0m[90m_[0m[91m64[0m[90m_[0m[31m12[0m[90m_[0m[35m4[0m[90m[0m                                   arg  2 mem   1.78 GB tm     11.60us/ 15720.14ms (     20 GFLOPS   34|81     GB/s)
[32m*** AMD      903[0m r[90m_[0m[34m32[0m[90m_[0m[91m64[0m[90m_[0m[31m12[0m[90m_[0m[35m4[0m[90mn1[0m                                 arg  3 mem   1.78 GB tm     11.88us/ 15720.15ms (     37 GFLOPS   33|79     GB/s)
[32m*** AMD      904[0m E[90m_[0m[34m32[0m[90m_[0m[34m6[0m[90m_[0m[36m16[0m[90m_[0m[36m8[0m[90m_[0m[33m4[0m[90m[0m                                  arg  6 mem   1.78 GB tm     10.64us/ 15720.16ms (     39 GFLOPS   57|75     GB/s)
[32m*** AMD      905[0m r[90m_[0m[34m48[0m[90m_[0m[34m2[0m[90m_[0m[36m16[0m[90m_[0m[36m16[0m[90m_[0m[33m4[0m[90m_[0m[33m4[0m[90m_[0m[31m768[0m[90m_[0m[35m4[0m[90m[0m                         arg  4 mem   1.78 GB tm   2424.76us/ 15722.59ms (   1001 GFLOPS   32|1059   GB/s)
[32m*** AMD      906[0m r[90m_[0m[34m12[0m[90m_[0m[34m8[0m[90m_[0m[36m32[0m[90m_[0m[36m8[0m[90m_[0m[33m4[0m[90m_[0m[31m768[0m[90m_[0m[35m4[0m[90m_[0m[35m4[0m[90m[0m                          arg  6 mem   1.78 GB tm   3498.16us/ 15726.08ms (    691 GFLOPS   22|863    GB/s)
*** AMD      907 r[90m_[0m[34m96[0m[90m_[0m[36m8[0m[90m_[0m[36m8[0m[90m_[0m[36m4[0m[90m_[0m[33m4[0m[90m_[0m[31m7[0m[90m_[0m[35m7[0m[90m[0m                               arg  4 mem   1.78 GB tm     36.00us/ 15726.12ms (    170 GFLOPS   25|117    GB/s)
*** AMD      908 r[90m_[0m[34m32[0m[90m_[0m[91m64[0m[90m_[0m[31m12[0m[90m_[0m[35m4[0m[90m[0m                                   arg  2 mem   1.78 GB tm     11.92us/ 15726.13ms (     20 GFLOPS   33|78     GB/s)
*** AMD      909 r[90m_[0m[34m32[0m[90m_[0m[91m64[0m[90m_[0m[31m12[0m[90m_[0m[35m4[0m[90mn1[0m                                 arg  3 mem   1.78 GB tm     12.24us/ 15726.14ms (     36 GFLOPS   32|76     GB/s)
*** AMD      910 E[90m_[0m[34m32[0m[90m_[0m[34m6[0m[90m_[0m[36m16[0m[90m_[0m[36m8[0m[90m_[0m[33m4[0m[90m[0m                                  arg  6 mem   1.78 GB tm     11.44us/ 15726.16ms (     37 GFLOPS   53|70     GB/s)
*** AMD      911 r[90m_[0m[34m48[0m[90m_[0m[34m2[0m[90m_[0m[36m16[0m[90m_[0m[36m16[0m[90m_[0m[33m4[0m[90m_[0m[33m4[0m[90m_[0m[31m768[0m[90m_[0m[35m4[0m[90m[0m                         arg  4 mem   1.78 GB tm   2417.80us/ 15728.57ms (   1004 GFLOPS   32|1062   GB/s)
*** AMD      912 r[90m_[0m[34m12[0m[90m_[0m[34m8[0m[90m_[0m[36m32[0m[90m_[0m[36m8[0m[90m_[0m[33m4[0m[90m_[0m[31m768[0m[90m_[0m[35m4[0m[90m_[0m[35m4[0m[90m[0m                          arg  6 mem   1.78 GB tm   2728.52us/ 15731.30ms (    886 GFLOPS   28|1107   GB/s)
*** AMD      913 r[90m_[0m[34m96[0m[90m_[0m[36m8[0m[90m_[0m[36m8[0m[90m_[0m[36m4[0m[90m_[0m[33m4[0m[90m_[0m[31m7[0m[90m_[0m[35m7[0m[90m[0m                               arg  4 mem   1.78 GB tm     35.64us/ 15731.34ms (    172 GFLOPS   25|119    GB/s)
*** AMD      914 r[90m_[0m[34m32[0m[90m_[0m[91m64[0m[90m_[0m[31m12[0m[90m_[0m[35m4[0m[90m[0m                                   arg  2 mem   1.78 GB tm     11.60us/ 15731.35ms (     20 GFLOPS   34|81     GB/s)
*** AMD      915 r[90m_[0m[34m32[0m[90m_[0m[91m64[0m[90m_[0m[31m12[0m[90m_[0m[35m4[0m[90mn1[0m                                 arg  3 mem   1.78 GB tm     12.48us/ 15731.36ms (     35 GFLOPS   32|75     GB/s)
*** AMD      916 E[90m_[0m[34m32[0m[90m_[0m[34m6[0m[90m_[0m[36m16[0m[90m_[0m[36m8[0m[90m_[0m[33m4[0m[90m[0m                                  arg  6 mem   1.78 GB tm     11.56us/ 15731.37ms (     36 GFLOPS   52|69     GB/s)
*** AMD      917 r[90m_[0m[34m48[0m[90m_[0m[34m2[0m[90m_[0m[36m16[0m[90m_[0m[36m16[0m[90m_[0m[33m4[0m[90m_[0m[33m4[0m[90m_[0m[31m768[0m[90m_[0m[35m4[0m[90m[0m                         arg  4 mem   1.78 GB tm   2425.60us/ 15733.80ms (   1001 GFLOPS   32|1059   GB/s)
[32m*** AMD      918[0m r[90m_[0m[34m32[0m[90m_[0m[36m16[0m[90m_[0m[36m2[0m[90m_[0m[36m3[0m[90m_[0m[31m12288[0m[90m_[0m[35m32[0m[90m[0m                           arg  6 mem   1.78 GB tm [33m    16.74ms[0m/ 15750.54ms (    144 GFLOPS    5|149    GB/s)
[32m*** AMD      919[0m r[90m_[0m[91m32[0m[90m_[0m[31m6[0m[90m_[0m[35m4[0m[90m_[0m[35m4[0m[90m[0m                                     arg  2 mem   1.78 GB tm     10.56us/ 15750.55ms (      0 GFLOPS    1|2      GB/s)
[32m*** AMD      920[0m r[90m_[0m[91m64[0m[90m_[0m[31m3[0m[90m_[0m[35m4[0m[90m_[0m[35m4[0m[90m[0m                                     arg  3 mem   1.78 GB tm     10.84us/ 15750.56ms (      1 GFLOPS    1|3      GB/s)
[32m*** AMD      921[0m E[90m_[0m[34m24[0m[90m_[0m[36m32[0m[90m_[0m[36m2[0m[90m_[0m[33m2[0m[90m[0m                                    arg  6 mem   1.78 GB tm      8.16us/ 15750.57ms (      2 GFLOPS    4|5      GB/s)
[32m*** AMD      922[0m r[90m_[0m[34m512[0m[90m_[0m[91m2[0m[90m_[0m[91m16[0m[90m_[0m[31m24[0m[90m_[0m[35m4[0m[90m[0m                                arg  4 mem   1.78 GB tm     34.32us/ 15750.60ms (    109 GFLOPS   92|248    GB/s)
[32m*** AMD      923[0m r[90m_[0m[91m16[0m[90m_[0m[91m2[0m[90m_[0m[35m4[0m[90m_[0m[35m4[0m[90m[0m                                     arg  2 mem   1.78 GB tm      9.08us/ 15750.61ms (      0 GFLOPS    0|1      GB/s)
[32m*** AMD      924[0m E[90m_[0m[34m32[0m[90m_[0m[36m16[0m[90m_[0m[36m3[0m[90m_[0m[36m3[0m[90m[0m                                    arg  4 mem   1.78 GB tm      9.28us/ 15750.62ms (      4 GFLOPS    4|5      GB/s)
[32m*** AMD      925[0m r[90m_[0m[91m16[0m[90m_[0m[31m2[0m[90m_[0m[35m4[0m[90m_[0m[35m4[0m[90mn1[0m                                   arg  3 mem   1.78 GB tm      9.68us/ 15750.63ms (      0 GFLOPS    0|0      GB/s)
[32m*** AMD      926[0m r[90m_[0m[34m9[0m[90m_[0m[91m16[0m[90m_[0m[35m32[0m[90m[0m                                      arg  2 mem   1.78 GB tm      8.96us/ 15750.64ms (      1 GFLOPS    2|3      GB/s)
[32m*** AMD      927[0m E[90m_[0m[34m16[0m[90m_[0m[36m16[0m[90m_[0m[33m2[0m[90m[0m                                      arg  6 mem   1.78 GB tm      8.32us/ 15750.65ms (      0 GFLOPS    0|1      GB/s)
[32m*** AMD      928[0m r[90m_[0m[34m9[0m[90m_[0m[91m16[0m[90m_[0m[31m32[0m[90mn1[0m                                    arg  3 mem   1.78 GB tm      9.36us/ 15750.66ms (      2 GFLOPS    2|3      GB/s)
[32m*** AMD      929[0m r[90m_[0m[34m1024[0m[90m_[0m[91m32[0m[90m_[0m[31m16[0m[90m[0m                                   arg  3 mem   1.78 GB tm     17.96us/ 15750.67ms (    133 GFLOPS   59|361    GB/s)
[32m*** AMD      930[0m E[90m_[0m[34m9[0m[90m_[0m[34m2[0m[90m_[0m[36m16[0m[90m_[0m[36m16[0m[90m[0m                                    arg  6 mem   1.78 GB tm      9.16us/ 15750.68ms (      3 GFLOPS    4|8      GB/s)
*** AMD      931 E[90m_[0m[34m9[0m[90m_[0m[34m2[0m[90m_[0m[36m16[0m[90m_[0m[36m16[0m[90m[0m                                    arg  6 mem   1.78 GB tm      8.56us/ 15750.69ms (      3 GFLOPS    5|9      GB/s)
[32m*** AMD      932[0m r[90m_[0m[34m512[0m[90m_[0m[91m32[0m[90m_[0m[31m32[0m[90m[0m                                    arg  4 mem   1.78 GB tm     15.64us/ 15750.71ms (    103 GFLOPS   67|277    GB/s)
[32m*** AMD      933[0m r[90m_[0m[34m9[0m[90m_[0m[34m8[0m[90m_[0m[36m16[0m[90m_[0m[36m2[0m[90m_[0m[36m4[0m[90m_[0m[31m8[0m[90m_[0m[35m4[0m[90m_[0m[35m4[0m[90m_[0m[35m4[0m[90m[0m                           arg  3 mem   1.78 GB tm     37.32us/ 15750.74ms (    255 GFLOPS   30|760    GB/s)
*** AMD      934 r[90m_[0m[34m9[0m[90m_[0m[34m8[0m[90m_[0m[36m16[0m[90m_[0m[36m2[0m[90m_[0m[36m4[0m[90m_[0m[31m8[0m[90m_[0m[35m4[0m[90m_[0m[35m4[0m[90m_[0m[35m4[0m[90m[0m                           arg  3 mem   1.78 GB tm     37.08us/ 15750.78ms (    256 GFLOPS   30|765    GB/s)
*** AMD      935 r[90m_[0m[91m16[0m[90m_[0m[91m2[0m[90m_[0m[35m4[0m[90m_[0m[35m4[0m[90m[0m                                     arg  2 mem   1.78 GB tm      9.28us/ 15750.79ms (      0 GFLOPS    0|1      GB/s)
[32m*** AMD      936[0m r[90m_[0m[34m8[0m[90m_[0m[34m3[0m[90m_[0m[36m16[0m[90m_[0m[91m4[0m[90m_[0m[91m4[0m[90m_[0m[33m4[0m[90m_[0m[33m3[0m[90m_[0m[31m16[0m[90m_[0m[35m4[0m[90m[0m                          arg  4 mem   1.78 GB tm     36.32us/ 15750.83ms (    295 GFLOPS   31|371    GB/s)
*** AMD      937 r[90m_[0m[34m8[0m[90m_[0m[34m3[0m[90m_[0m[36m16[0m[90m_[0m[91m4[0m[90m_[0m[91m4[0m[90m_[0m[33m4[0m[90m_[0m[33m3[0m[90m_[0m[31m16[0m[90m_[0m[35m4[0m[90m[0m                          arg  4 mem   1.78 GB tm     36.48us/ 15750.86ms (    294 GFLOPS   31|369    GB/s)
*** AMD      938 r[90m_[0m[91m16[0m[90m_[0m[31m2[0m[90m_[0m[35m4[0m[90m_[0m[35m4[0m[90mn1[0m                                   arg  3 mem   1.78 GB tm      9.44us/ 15750.87ms (      0 GFLOPS    0|0      GB/s)
*** AMD      939 r[90m_[0m[34m9[0m[90m_[0m[91m16[0m[90m_[0m[35m32[0m[90m[0m                                      arg  2 mem   1.78 GB tm      9.16us/ 15750.88ms (      1 GFLOPS    2|3      GB/s)
*** AMD      940 r[90m_[0m[34m9[0m[90m_[0m[91m16[0m[90m_[0m[35m32[0m[90m[0m                                      arg  2 mem   1.78 GB tm      9.04us/ 15750.89ms (      1 GFLOPS    2|3      GB/s)
*** AMD      941 E[90m_[0m[34m16[0m[90m_[0m[36m16[0m[90m_[0m[33m2[0m[90m[0m                                      arg  6 mem   1.78 GB tm      8.48us/ 15750.90ms (      0 GFLOPS    0|1      GB/s)
*** AMD      942 r[90m_[0m[34m9[0m[90m_[0m[91m16[0m[90m_[0m[31m32[0m[90mn1[0m                                    arg  3 mem   1.78 GB tm      9.80us/ 15750.91ms (      2 GFLOPS    2|3      GB/s)
*** AMD      943 r[90m_[0m[34m9[0m[90m_[0m[91m16[0m[90m_[0m[31m32[0m[90mn1[0m                                    arg  3 mem   1.78 GB tm      9.36us/ 15750.92ms (      2 GFLOPS    2|3      GB/s)
*** AMD      944 r[90m_[0m[34m1024[0m[90m_[0m[91m32[0m[90m_[0m[31m16[0m[90m[0m                                   arg  3 mem   1.78 GB tm     17.88us/ 15750.94ms (    134 GFLOPS   59|363    GB/s)
*** AMD      945 E[90m_[0m[34m9[0m[90m_[0m[34m2[0m[90m_[0m[36m16[0m[90m_[0m[36m16[0m[90m[0m                                    arg  6 mem   1.78 GB tm      8.56us/ 15750.95ms (      3 GFLOPS    5|9      GB/s)
*** AMD      946 E[90m_[0m[34m9[0m[90m_[0m[34m2[0m[90m_[0m[36m16[0m[90m_[0m[36m16[0m[90m[0m                                    arg  6 mem   1.78 GB tm      8.76us/ 15750.95ms (      3 GFLOPS    4|9      GB/s)
*** AMD      947 r[90m_[0m[34m512[0m[90m_[0m[91m32[0m[90m_[0m[31m32[0m[90m[0m                                    arg  4 mem   1.78 GB tm     16.52us/ 15750.97ms (     97 GFLOPS   64|262    GB/s)
*** AMD      948 r[90m_[0m[34m9[0m[90m_[0m[34m8[0m[90m_[0m[36m16[0m[90m_[0m[36m2[0m[90m_[0m[36m4[0m[90m_[0m[31m8[0m[90m_[0m[35m4[0m[90m_[0m[35m4[0m[90m_[0m[35m4[0m[90m[0m                           arg  3 mem   1.78 GB tm     37.20us/ 15751.01ms (    256 GFLOPS   30|762    GB/s)
*** AMD      949 r[90m_[0m[34m9[0m[90m_[0m[34m8[0m[90m_[0m[36m16[0m[90m_[0m[36m2[0m[90m_[0m[36m4[0m[90m_[0m[31m8[0m[90m_[0m[35m4[0m[90m_[0m[35m4[0m[90m_[0m[35m4[0m[90m[0m                           arg  3 mem   1.78 GB tm     37.12us/ 15751.05ms (    256 GFLOPS   30|764    GB/s)
*** AMD      950 r[90m_[0m[91m16[0m[90m_[0m[91m2[0m[90m_[0m[35m4[0m[90m_[0m[35m4[0m[90m[0m                                     arg  2 mem   1.78 GB tm      9.12us/ 15751.05ms (      0 GFLOPS    0|1      GB/s)
[32m*** AMD      951[0m r[90m_[0m[34m3[0m[90m_[0m[34m8[0m[90m_[0m[36m16[0m[90m_[0m[91m4[0m[90m_[0m[91m4[0m[90m_[0m[33m4[0m[90m_[0m[33m3[0m[90m_[0m[31m16[0m[90m_[0m[35m4[0m[90m[0m                          arg  8 mem   1.78 GB tm     37.04us/ 15751.09ms (    297 GFLOPS   31|376    GB/s)
*** AMD      952 r[90m_[0m[34m3[0m[90m_[0m[34m8[0m[90m_[0m[36m16[0m[90m_[0m[91m4[0m[90m_[0m[91m4[0m[90m_[0m[33m4[0m[90m_[0m[33m3[0m[90m_[0m[31m16[0m[90m_[0m[35m4[0m[90m[0m                          arg  8 mem   1.78 GB tm     37.44us/ 15751.13ms (    294 GFLOPS   30|372    GB/s)
*** AMD      953 r[90m_[0m[91m16[0m[90m_[0m[31m2[0m[90m_[0m[35m4[0m[90m_[0m[35m4[0m[90mn1[0m                                   arg  3 mem   1.78 GB tm      9.40us/ 15751.14ms (      0 GFLOPS    0|0      GB/s)
*** AMD      954 r[90m_[0m[34m9[0m[90m_[0m[91m16[0m[90m_[0m[35m32[0m[90m[0m                                      arg  2 mem   1.78 GB tm      9.04us/ 15751.15ms (      1 GFLOPS    2|3      GB/s)
*** AMD      955 r[90m_[0m[34m9[0m[90m_[0m[91m16[0m[90m_[0m[35m32[0m[90m[0m                                      arg  2 mem   1.78 GB tm      9.04us/ 15751.16ms (      1 GFLOPS    2|3      GB/s)
*** AMD      956 E[90m_[0m[34m16[0m[90m_[0m[36m16[0m[90m_[0m[33m2[0m[90m[0m                                      arg  6 mem   1.78 GB tm      8.56us/ 15751.17ms (      0 GFLOPS    0|1      GB/s)
*** AMD      957 r[90m_[0m[34m9[0m[90m_[0m[91m16[0m[90m_[0m[31m32[0m[90mn1[0m                                    arg  3 mem   1.78 GB tm      9.40us/ 15751.17ms (      2 GFLOPS    2|3      GB/s)
*** AMD      958 r[90m_[0m[34m9[0m[90m_[0m[91m16[0m[90m_[0m[31m32[0m[90mn1[0m                                    arg  3 mem   1.78 GB tm      9.32us/ 15751.18ms (      2 GFLOPS    2|3      GB/s)
*** AMD      959 r[90m_[0m[34m1024[0m[90m_[0m[91m32[0m[90m_[0m[31m16[0m[90m[0m                                   arg  3 mem   1.78 GB tm     17.96us/ 15751.20ms (    133 GFLOPS   59|361    GB/s)
*** AMD      960 E[90m_[0m[34m9[0m[90m_[0m[34m2[0m[90m_[0m[36m16[0m[90m_[0m[36m16[0m[90m[0m                                    arg  6 mem   1.78 GB tm      8.52us/ 15751.21ms (      3 GFLOPS    5|9      GB/s)
*** AMD      961 E[90m_[0m[34m9[0m[90m_[0m[34m2[0m[90m_[0m[36m16[0m[90m_[0m[36m16[0m[90m[0m                                    arg  6 mem   1.78 GB tm      8.40us/ 15751.22ms (      3 GFLOPS    5|9      GB/s)
*** AMD      962 r[90m_[0m[34m512[0m[90m_[0m[91m32[0m[90m_[0m[31m32[0m[90m[0m                                    arg  4 mem   1.78 GB tm     16.20us/ 15751.23ms (     99 GFLOPS   65|267    GB/s)
[32m*** AMD      963[0m r[90m_[0m[34m3[0m[90m_[0m[34m9[0m[90m_[0m[36m4[0m[90m_[0m[36m8[0m[90m_[0m[36m2[0m[90m_[0m[36m4[0m[90m_[0m[33m2[0m[90m_[0m[31m32[0m[90m_[0m[35m4[0m[90m_[0m[35m4[0m[90m[0m                         arg  4 mem   1.78 GB tm     51.12us/ 15751.29ms (    277 GFLOPS   32|555    GB/s)
*** AMD      964 r[90m_[0m[34m3[0m[90m_[0m[34m9[0m[90m_[0m[36m4[0m[90m_[0m[36m8[0m[90m_[0m[36m2[0m[90m_[0m[36m4[0m[90m_[0m[33m2[0m[90m_[0m[31m32[0m[90m_[0m[35m4[0m[90m_[0m[35m4[0m[90m[0m                         arg  4 mem   1.78 GB tm     50.84us/ 15751.34ms (    279 GFLOPS   32|559    GB/s)
[32m*** AMD      965[0m r[90m_[0m[34m8[0m[90m_[0m[34m9[0m[90m_[0m[91m4[0m[90m_[0m[31m16[0m[90m[0m                                     arg  2 mem   1.78 GB tm      8.60us/ 15751.35ms (      1 GFLOPS    2|3      GB/s)
[32m*** AMD      966[0m r[90m_[0m[34m9[0m[90m_[0m[34m8[0m[90m_[0m[91m4[0m[90m_[0m[31m4[0m[90m_[0m[35m4[0m[90m[0m                                    arg  2 mem   1.78 GB tm      8.48us/ 15751.35ms (      1 GFLOPS    2|3      GB/s)
[32m*** AMD      967[0m r[90m_[0m[34m8[0m[90m_[0m[34m3[0m[90m_[0m[91m4[0m[90m_[0m[36m3[0m[90m_[0m[31m16[0m[90m[0m                                   arg  2 mem   1.78 GB tm      8.56us/ 15751.36ms (      1 GFLOPS    2|3      GB/s)
[32m*** AMD      968[0m r[90m_[0m[34m8[0m[90m_[0m[34m3[0m[90m_[0m[91m4[0m[90m_[0m[36m3[0m[90m_[0m[31m4[0m[90m_[0m[35m4[0m[90m[0m                                  arg  2 mem   1.78 GB tm      8.56us/ 15751.37ms (      1 GFLOPS    2|3      GB/s)
[32m*** AMD      969[0m r[90m_[0m[34m9[0m[90m_[0m[34m4[0m[90m_[0m[91m8[0m[90m_[0m[36m2[0m[90m_[0m[31m8[0m[90m[0m                                    arg  3 mem   1.78 GB tm      8.56us/ 15751.38ms (      2 GFLOPS    2|5      GB/s)
[32m*** AMD      970[0m r[90m_[0m[34m9[0m[90m_[0m[34m8[0m[90m_[0m[91m4[0m[90m_[0m[31m4[0m[90m_[0m[35m4[0m[90mn1[0m                                  arg  3 mem   1.78 GB tm      8.60us/ 15751.39ms (      2 GFLOPS    2|3      GB/s)
[32m*** AMD      971[0m r[90m_[0m[34m8[0m[90m_[0m[34m3[0m[90m_[0m[91m8[0m[90m_[0m[36m3[0m[90m_[0m[31m8[0m[90m[0m                                    arg  3 mem   1.78 GB tm      8.60us/ 15751.40ms (      2 GFLOPS    2|5      GB/s)
[32m*** AMD      972[0m r[90m_[0m[34m8[0m[90m_[0m[34m9[0m[90m_[0m[91m4[0m[90m_[0m[31m4[0m[90m_[0m[35m4[0m[90m[0m                                    arg  3 mem   1.78 GB tm      8.76us/ 15751.41ms (      2 GFLOPS    2|3      GB/s)
[32m*** AMD      973[0m E[90m_[0m[34m4[0m[90m_[0m[34m9[0m[90m_[0m[34m2[0m[90m_[0m[36m16[0m[90m_[0m[36m2[0m[90m_[0m[33m2[0m[90m[0m                                 arg  7 mem   1.78 GB tm      8.48us/ 15751.41ms (      3 GFLOPS    4|7      GB/s)
[32m*** AMD      974[0m E[90m_[0m[34m8[0m[90m_[0m[34m8[0m[90m_[0m[36m8[0m[90m_[0m[36m3[0m[90m_[0m[33m3[0m[90m[0m                                    arg  7 mem   1.78 GB tm      8.32us/ 15751.42ms (      3 GFLOPS    5|9      GB/s)
[32m*** AMD      975[0m E[90m_[0m[34m8[0m[90m_[0m[34m9[0m[90m_[0m[36m4[0m[90m_[0m[36m4[0m[90m_[0m[33m4[0m[90m[0m                                    arg  6 mem   1.78 GB tm      8.32us/ 15751.43ms (      2 GFLOPS    5|6      GB/s)
[32m*** AMD      976[0m E[90m_[0m[34m8[0m[90m_[0m[34m9[0m[90m_[0m[36m16[0m[90m_[0m[33m4[0m[90m[0m                                     arg  6 mem   1.78 GB tm      8.28us/ 15751.44ms (      2 GFLOPS    5|6      GB/s)
[32m*** AMD      977[0m r[90m_[0m[34m8[0m[90m_[0m[34m9[0m[90m_[0m[34m3[0m[90m_[0m[91m8[0m[90m_[0m[36m3[0m[90m_[0m[31m8[0m[90m[0m                                  arg  4 mem   1.78 GB tm      9.28us/ 15751.45ms (     15 GFLOPS    4|59     GB/s)
[32m*** AMD      978[0m r[90m_[0m[34m9[0m[90m_[0m[34m8[0m[90m_[0m[34m3[0m[90m_[0m[91m8[0m[90m_[0m[36m3[0m[90m_[0m[31m8[0m[90m[0m                                  arg  4 mem   1.78 GB tm      9.80us/ 15751.46ms (     14 GFLOPS    4|56     GB/s)
[32m*** AMD      979[0m r[90m_[0m[34m36[0m[90m_[0m[33m2[0m[90m_[0m[31m9[0m[90m[0m                                       arg  2 mem   1.78 GB tm      8.16us/ 15751.47ms (      0 GFLOPS    0|0      GB/s)
*** AMD      980 r[90m_[0m[34m36[0m[90m_[0m[33m2[0m[90m_[0m[31m9[0m[90m[0m                                       arg  2 mem   1.78 GB tm      8.08us/ 15751.47ms (      0 GFLOPS    0|0      GB/s)
[32m*** AMD      981[0m r[90m_[0m[34m18[0m[90m_[0m[91m9[0m[90m_[0m[36m4[0m[90m[0m                                       arg  3 mem   1.78 GB tm      8.56us/ 15751.48ms (      1 GFLOPS    0|4      GB/s)
*** AMD      982 r[90m_[0m[34m18[0m[90m_[0m[91m9[0m[90m_[0m[36m4[0m[90m[0m                                       arg  3 mem   1.78 GB tm      8.48us/ 15751.49ms (      1 GFLOPS    0|4      GB/s)
[32m*** AMD      983[0m r[90m_[0m[34m9[0m[90m_[0m[34m4[0m[90m_[0m[34m4[0m[90m_[0m[36m16[0m[90m_[0m[36m2[0m[90m_[0m[35m9[0m[90m[0m                                 arg  5 mem   1.78 GB tm      9.28us/ 15751.50ms (     23 GFLOPS    8|20     GB/s)
*** AMD      984 r[90m_[0m[34m9[0m[90m_[0m[34m4[0m[90m_[0m[34m4[0m[90m_[0m[36m16[0m[90m_[0m[36m2[0m[90m_[0m[35m9[0m[90m[0m                                 arg  5 mem   1.78 GB tm      9.36us/ 15751.51ms (     23 GFLOPS    8|20     GB/s)
[32m*** AMD      985[0m r[90m_[0m[34m8[0m[90m_[0m[34m9[0m[90m_[0m[36m16[0m[90m_[0m[36m4[0m[90m_[0m[31m8[0m[90m_[0m[35m4[0m[90m_[0m[35m16[0m[90m[0m                              arg  5 mem   1.78 GB tm     36.20us/ 15751.55ms (    131 GFLOPS   16|392    GB/s)
*** AMD      986 r[90m_[0m[34m8[0m[90m_[0m[34m9[0m[90m_[0m[36m16[0m[90m_[0m[36m4[0m[90m_[0m[31m8[0m[90m_[0m[35m4[0m[90m_[0m[35m16[0m[90m[0m                              arg  5 mem   1.78 GB tm     36.12us/ 15751.58ms (    131 GFLOPS   16|393    GB/s)
*** AMD      987 r[90m_[0m[34m9[0m[90m_[0m[91m16[0m[90m_[0m[35m32[0m[90m[0m                                      arg  2 mem   1.78 GB tm      9.08us/ 15751.59ms (      1 GFLOPS    2|3      GB/s)
*** AMD      988 r[90m_[0m[34m9[0m[90m_[0m[91m16[0m[90m_[0m[35m32[0m[90m[0m                                      arg  2 mem   1.78 GB tm      8.88us/ 15751.60ms (      1 GFLOPS    2|3      GB/s)
*** AMD      989 r[90m_[0m[34m9[0m[90m_[0m[91m16[0m[90m_[0m[31m32[0m[90mn1[0m                                    arg  3 mem   1.78 GB tm      9.40us/ 15751.61ms (      2 GFLOPS    2|3      GB/s)
*** AMD      990 r[90m_[0m[34m9[0m[90m_[0m[91m16[0m[90m_[0m[31m32[0m[90mn1[0m                                    arg  3 mem   1.78 GB tm      9.52us/ 15751.62ms (      2 GFLOPS    2|3      GB/s)
*** AMD      991 E[90m_[0m[34m9[0m[90m_[0m[34m2[0m[90m_[0m[36m16[0m[90m_[0m[36m16[0m[90m[0m                                    arg  6 mem   1.78 GB tm      8.24us/ 15751.63ms (      3 GFLOPS    5|9      GB/s)
*** AMD      992 E[90m_[0m[34m9[0m[90m_[0m[34m2[0m[90m_[0m[36m16[0m[90m_[0m[36m16[0m[90m[0m                                    arg  6 mem   1.78 GB tm      8.24us/ 15751.64ms (      3 GFLOPS    5|9      GB/s)
[32m*** AMD      993[0m r[90m_[0m[34m8[0m[90m_[0m[34m9[0m[90m_[0m[36m16[0m[90m_[0m[36m2[0m[90m_[0m[36m4[0m[90m_[0m[31m8[0m[90m_[0m[35m4[0m[90m_[0m[35m4[0m[90m_[0m[35m4[0m[90m[0m                           arg  4 mem   1.78 GB tm     38.68us/ 15751.67ms (    246 GFLOPS   29|733    GB/s)
*** AMD      994 r[90m_[0m[34m8[0m[90m_[0m[34m9[0m[90m_[0m[36m16[0m[90m_[0m[36m2[0m[90m_[0m[36m4[0m[90m_[0m[31m8[0m[90m_[0m[35m4[0m[90m_[0m[35m4[0m[90m_[0m[35m4[0m[90m[0m                           arg  4 mem   1.78 GB tm     38.96us/ 15751.71ms (    244 GFLOPS   28|728    GB/s)
[32m*** AMD      995[0m r[90m_[0m[34m8[0m[90m_[0m[34m3[0m[90m_[0m[36m16[0m[90m_[0m[91m4[0m[90m_[0m[91m4[0m[90m_[0m[33m4[0m[90m_[0m[33m3[0m[90m_[0m[31m16[0m[90m_[0m[35m4[0m[90mn1[0m                        arg  5 mem   1.78 GB tm     37.00us/ 15751.75ms (    291 GFLOPS   30|365    GB/s)
*** AMD      996 r[90m_[0m[34m8[0m[90m_[0m[34m3[0m[90m_[0m[36m16[0m[90m_[0m[91m4[0m[90m_[0m[91m4[0m[90m_[0m[33m4[0m[90m_[0m[33m3[0m[90m_[0m[31m16[0m[90m_[0m[35m4[0m[90mn1[0m                        arg  5 mem   1.78 GB tm     37.00us/ 15751.79ms (    291 GFLOPS   30|365    GB/s)
*** AMD      997 r[90m_[0m[34m9[0m[90m_[0m[91m16[0m[90m_[0m[35m32[0m[90m[0m                                      arg  2 mem   1.78 GB tm      8.92us/ 15751.80ms (      1 GFLOPS    2|3      GB/s)
*** AMD      998 r[90m_[0m[34m9[0m[90m_[0m[91m16[0m[90m_[0m[35m32[0m[90m[0m                                      arg  2 mem   1.78 GB tm      8.92us/ 15751.81ms (      1 GFLOPS    2|3      GB/s)
*** AMD      999 r[90m_[0m[34m9[0m[90m_[0m[91m16[0m[90m_[0m[31m32[0m[90mn1[0m                                    arg  3 mem   1.78 GB tm      9.28us/ 15751.81ms (      2 GFLOPS    2|3      GB/s)
*** AMD     1000 r[90m_[0m[34m9[0m[90m_[0m[91m16[0m[90m_[0m[31m32[0m[90mn1[0m                                    arg  3 mem   1.78 GB tm      9.76us/ 15751.82ms (      2 GFLOPS    2|3      GB/s)
*** AMD     1001 E[90m_[0m[34m9[0m[90m_[0m[34m2[0m[90m_[0m[36m16[0m[90m_[0m[36m16[0m[90m[0m                                    arg  6 mem   1.78 GB tm      8.32us/ 15751.83ms (      3 GFLOPS    5|9      GB/s)
*** AMD     1002 E[90m_[0m[34m9[0m[90m_[0m[34m2[0m[90m_[0m[36m16[0m[90m_[0m[36m16[0m[90m[0m                                    arg  6 mem   1.78 GB tm      8.44us/ 15751.84ms (      3 GFLOPS    5|9      GB/s)
*** AMD     1003 r[90m_[0m[34m3[0m[90m_[0m[34m9[0m[90m_[0m[36m4[0m[90m_[0m[36m8[0m[90m_[0m[36m2[0m[90m_[0m[36m4[0m[90m_[0m[33m2[0m[90m_[0m[31m32[0m[90m_[0m[35m4[0m[90m_[0m[35m4[0m[90m[0m                         arg  4 mem   1.78 GB tm     51.40us/ 15751.89ms (    276 GFLOPS   32|552    GB/s)
*** AMD     1004 r[90m_[0m[34m3[0m[90m_[0m[34m9[0m[90m_[0m[36m4[0m[90m_[0m[36m8[0m[90m_[0m[36m2[0m[90m_[0m[36m4[0m[90m_[0m[33m2[0m[90m_[0m[31m32[0m[90m_[0m[35m4[0m[90m_[0m[35m4[0m[90m[0m                         arg  4 mem   1.78 GB tm     50.92us/ 15751.94ms (    278 GFLOPS   32|558    GB/s)
*** AMD     1005 r[90m_[0m[34m8[0m[90m_[0m[34m9[0m[90m_[0m[91m4[0m[90m_[0m[31m16[0m[90m[0m                                     arg  2 mem   1.78 GB tm      8.52us/ 15751.95ms (      1 GFLOPS    2|3      GB/s)
*** AMD     1006 r[90m_[0m[34m9[0m[90m_[0m[34m8[0m[90m_[0m[91m4[0m[90m_[0m[31m4[0m[90m_[0m[35m4[0m[90m[0m                                    arg  2 mem   1.78 GB tm      8.52us/ 15751.96ms (      1 GFLOPS    2|3      GB/s)
*** AMD     1007 r[90m_[0m[34m8[0m[90m_[0m[34m3[0m[90m_[0m[91m4[0m[90m_[0m[36m3[0m[90m_[0m[31m16[0m[90m[0m                                   arg  2 mem   1.78 GB tm      8.64us/ 15751.97ms (      1 GFLOPS    2|3      GB/s)
*** AMD     1008 r[90m_[0m[34m8[0m[90m_[0m[34m3[0m[90m_[0m[91m4[0m[90m_[0m[36m3[0m[90m_[0m[31m4[0m[90m_[0m[35m4[0m[90m[0m                                  arg  2 mem   1.78 GB tm      8.56us/ 15751.98ms (      1 GFLOPS    2|3      GB/s)
*** AMD     1009 r[90m_[0m[34m9[0m[90m_[0m[34m4[0m[90m_[0m[91m8[0m[90m_[0m[36m2[0m[90m_[0m[31m8[0m[90m[0m                                    arg  3 mem   1.78 GB tm      8.76us/ 15751.99ms (      2 GFLOPS    2|5      GB/s)
*** AMD     1010 r[90m_[0m[34m9[0m[90m_[0m[34m8[0m[90m_[0m[91m4[0m[90m_[0m[31m4[0m[90m_[0m[35m4[0m[90mn1[0m                                  arg  3 mem   1.78 GB tm      8.92us/ 15752.00ms (      2 GFLOPS    2|3      GB/s)
*** AMD     1011 r[90m_[0m[34m8[0m[90m_[0m[34m3[0m[90m_[0m[91m8[0m[90m_[0m[36m3[0m[90m_[0m[31m8[0m[90m[0m                                    arg  3 mem   1.78 GB tm      8.80us/ 15752.00ms (      2 GFLOPS    2|5      GB/s)
*** AMD     1012 r[90m_[0m[34m8[0m[90m_[0m[34m9[0m[90m_[0m[91m4[0m[90m_[0m[31m4[0m[90m_[0m[35m4[0m[90m[0m                                    arg  3 mem   1.78 GB tm      8.84us/ 15752.01ms (      2 GFLOPS    2|3      GB/s)
*** AMD     1013 E[90m_[0m[34m4[0m[90m_[0m[34m9[0m[90m_[0m[34m2[0m[90m_[0m[36m16[0m[90m_[0m[36m2[0m[90m_[0m[33m2[0m[90m[0m                                 arg  7 mem   1.78 GB tm      8.24us/ 15752.02ms (      3 GFLOPS    5|7      GB/s)
*** AMD     1014 E[90m_[0m[34m8[0m[90m_[0m[34m8[0m[90m_[0m[36m8[0m[90m_[0m[36m3[0m[90m_[0m[33m3[0m[90m[0m                                    arg  7 mem   1.78 GB tm      8.60us/ 15752.03ms (      3 GFLOPS    4|9      GB/s)
*** AMD     1015 E[90m_[0m[34m8[0m[90m_[0m[34m9[0m[90m_[0m[36m4[0m[90m_[0m[36m4[0m[90m_[0m[33m4[0m[90m[0m                                    arg  6 mem   1.78 GB tm      8.40us/ 15752.04ms (      2 GFLOPS    4|6      GB/s)
*** AMD     1016 E[90m_[0m[34m8[0m[90m_[0m[34m9[0m[90m_[0m[36m16[0m[90m_[0m[33m4[0m[90m[0m                                     arg  6 mem   1.78 GB tm      8.24us/ 15752.05ms (      2 GFLOPS    5|6      GB/s)
*** AMD     1017 r[90m_[0m[34m8[0m[90m_[0m[34m9[0m[90m_[0m[34m3[0m[90m_[0m[91m8[0m[90m_[0m[36m3[0m[90m_[0m[31m8[0m[90m[0m                                  arg  4 mem   1.78 GB tm      9.16us/ 15752.06ms (     15 GFLOPS    4|60     GB/s)
*** AMD     1018 r[90m_[0m[34m9[0m[90m_[0m[34m8[0m[90m_[0m[34m3[0m[90m_[0m[91m8[0m[90m_[0m[36m3[0m[90m_[0m[31m8[0m[90m[0m                                  arg  4 mem   1.78 GB tm      9.04us/ 15752.06ms (     15 GFLOPS    4|60     GB/s)
*** AMD     1019 r[90m_[0m[34m36[0m[90m_[0m[33m2[0m[90m_[0m[31m9[0m[90m[0m                                       arg  2 mem   1.78 GB tm      8.24us/ 15752.07ms (      0 GFLOPS    0|0      GB/s)
*** AMD     1020 r[90m_[0m[34m36[0m[90m_[0m[33m2[0m[90m_[0m[31m9[0m[90m[0m                                       arg  2 mem   1.78 GB tm      7.96us/ 15752.08ms (      0 GFLOPS    0|0      GB/s)
*** AMD     1021 r[90m_[0m[34m18[0m[90m_[0m[91m9[0m[90m_[0m[36m4[0m[90m[0m                                       arg  3 mem   1.78 GB tm      8.52us/ 15752.09ms (      1 GFLOPS    0|4      GB/s)
*** AMD     1022 r[90m_[0m[34m18[0m[90m_[0m[91m9[0m[90m_[0m[36m4[0m[90m[0m                                       arg  3 mem   1.78 GB tm      8.60us/ 15752.10ms (      1 GFLOPS    0|4      GB/s)
*** AMD     1023 r[90m_[0m[34m9[0m[90m_[0m[34m4[0m[90m_[0m[34m4[0m[90m_[0m[36m16[0m[90m_[0m[36m2[0m[90m_[0m[35m9[0m[90m[0m                                 arg  5 mem   1.78 GB tm      9.48us/ 15752.11ms (     22 GFLOPS    8|20     GB/s)
*** AMD     1024 r[90m_[0m[34m9[0m[90m_[0m[34m4[0m[90m_[0m[34m4[0m[90m_[0m[36m16[0m[90m_[0m[36m2[0m[90m_[0m[35m9[0m[90m[0m                                 arg  5 mem   1.78 GB tm      9.28us/ 15752.12ms (     23 GFLOPS    8|20     GB/s)
*** AMD     1025 r[90m_[0m[34m8[0m[90m_[0m[34m9[0m[90m_[0m[36m16[0m[90m_[0m[36m4[0m[90m_[0m[31m8[0m[90m_[0m[35m4[0m[90m_[0m[35m16[0m[90m[0m                              arg  5 mem   1.78 GB tm     36.24us/ 15752.15ms (    130 GFLOPS   16|392    GB/s)
*** AMD     1026 r[90m_[0m[34m8[0m[90m_[0m[34m9[0m[90m_[0m[36m16[0m[90m_[0m[36m4[0m[90m_[0m[31m8[0m[90m_[0m[35m4[0m[90m_[0m[35m16[0m[90m[0m                              arg  5 mem   1.78 GB tm     36.04us/ 15752.19ms (    131 GFLOPS   16|394    GB/s)
*** AMD     1027 r[90m_[0m[34m9[0m[90m_[0m[91m16[0m[90m_[0m[35m32[0m[90m[0m                                      arg  2 mem   1.78 GB tm      8.88us/ 15752.20ms (      1 GFLOPS    2|3      GB/s)
*** AMD     1028 r[90m_[0m[34m9[0m[90m_[0m[91m16[0m[90m_[0m[35m32[0m[90m[0m                                      arg  2 mem   1.78 GB tm      9.04us/ 15752.21ms (      1 GFLOPS    2|3      GB/s)
*** AMD     1029 r[90m_[0m[34m9[0m[90m_[0m[91m16[0m[90m_[0m[31m32[0m[90mn1[0m                                    arg  3 mem   1.78 GB tm      9.28us/ 15752.22ms (      2 GFLOPS    2|3      GB/s)
*** AMD     1030 r[90m_[0m[34m9[0m[90m_[0m[91m16[0m[90m_[0m[31m32[0m[90mn1[0m                                    arg  3 mem   1.78 GB tm      9.32us/ 15752.23ms (      2 GFLOPS    2|3      GB/s)
*** AMD     1031 E[90m_[0m[34m9[0m[90m_[0m[34m2[0m[90m_[0m[36m16[0m[90m_[0m[36m16[0m[90m[0m                                    arg  6 mem   1.78 GB tm      8.32us/ 15752.23ms (      3 GFLOPS    5|9      GB/s)
*** AMD     1032 E[90m_[0m[34m9[0m[90m_[0m[34m2[0m[90m_[0m[36m16[0m[90m_[0m[36m16[0m[90m[0m                                    arg  6 mem   1.78 GB tm      8.40us/ 15752.24ms (      3 GFLOPS    5|9      GB/s)
*** AMD     1033 r[90m_[0m[34m8[0m[90m_[0m[34m9[0m[90m_[0m[36m16[0m[90m_[0m[36m2[0m[90m_[0m[36m4[0m[90m_[0m[31m8[0m[90m_[0m[35m4[0m[90m_[0m[35m4[0m[90m_[0m[35m4[0m[90m[0m                           arg  4 mem   1.78 GB tm     38.48us/ 15752.28ms (    247 GFLOPS   29|737    GB/s)
*** AMD     1034 r[90m_[0m[34m8[0m[90m_[0m[34m9[0m[90m_[0m[36m16[0m[90m_[0m[36m2[0m[90m_[0m[36m4[0m[90m_[0m[31m8[0m[90m_[0m[35m4[0m[90m_[0m[35m4[0m[90m_[0m[35m4[0m[90m[0m                           arg  4 mem   1.78 GB tm     39.04us/ 15752.32ms (    244 GFLOPS   28|727    GB/s)
*** AMD     1035 r[90m_[0m[34m8[0m[90m_[0m[34m3[0m[90m_[0m[36m16[0m[90m_[0m[91m4[0m[90m_[0m[91m4[0m[90m_[0m[33m4[0m[90m_[0m[33m3[0m[90m_[0m[31m16[0m[90m_[0m[35m4[0m[90mn1[0m                        arg  5 mem   1.78 GB tm     37.32us/ 15752.36ms (    289 GFLOPS   30|362    GB/s)
*** AMD     1036 r[90m_[0m[34m8[0m[90m_[0m[34m3[0m[90m_[0m[36m16[0m[90m_[0m[91m4[0m[90m_[0m[91m4[0m[90m_[0m[33m4[0m[90m_[0m[33m3[0m[90m_[0m[31m16[0m[90m_[0m[35m4[0m[90mn1[0m                        arg  5 mem   1.78 GB tm     37.12us/ 15752.39ms (    290 GFLOPS   30|364    GB/s)
*** AMD     1037 r[90m_[0m[34m9[0m[90m_[0m[91m16[0m[90m_[0m[35m32[0m[90m[0m                                      arg  2 mem   1.78 GB tm      8.88us/ 15752.40ms (      1 GFLOPS    2|3      GB/s)
*** AMD     1038 r[90m_[0m[34m9[0m[90m_[0m[91m16[0m[90m_[0m[35m32[0m[90m[0m                                      arg  2 mem   1.78 GB tm      8.84us/ 15752.41ms (      1 GFLOPS    2|3      GB/s)
*** AMD     1039 r[90m_[0m[34m9[0m[90m_[0m[91m16[0m[90m_[0m[31m32[0m[90mn1[0m                                    arg  3 mem   1.78 GB tm      9.44us/ 15752.42ms (      2 GFLOPS    2|3      GB/s)
*** AMD     1040 r[90m_[0m[34m9[0m[90m_[0m[91m16[0m[90m_[0m[31m32[0m[90mn1[0m                                    arg  3 mem   1.78 GB tm      9.32us/ 15752.43ms (      2 GFLOPS    2|3      GB/s)
*** AMD     1041 E[90m_[0m[34m9[0m[90m_[0m[34m2[0m[90m_[0m[36m16[0m[90m_[0m[36m16[0m[90m[0m                                    arg  6 mem   1.78 GB tm      8.28us/ 15752.44ms (      3 GFLOPS    5|9      GB/s)
*** AMD     1042 E[90m_[0m[34m9[0m[90m_[0m[34m2[0m[90m_[0m[36m16[0m[90m_[0m[36m16[0m[90m[0m                                    arg  6 mem   1.78 GB tm      8.28us/ 15752.45ms (      3 GFLOPS    5|9      GB/s)
*** AMD     1043 r[90m_[0m[34m3[0m[90m_[0m[34m9[0m[90m_[0m[36m4[0m[90m_[0m[36m8[0m[90m_[0m[36m2[0m[90m_[0m[36m4[0m[90m_[0m[33m2[0m[90m_[0m[31m32[0m[90m_[0m[35m4[0m[90m_[0m[35m4[0m[90m[0m                         arg  4 mem   1.78 GB tm     50.48us/ 15752.50ms (    281 GFLOPS   33|562    GB/s)
*** AMD     1044 r[90m_[0m[34m3[0m[90m_[0m[34m9[0m[90m_[0m[36m4[0m[90m_[0m[36m8[0m[90m_[0m[36m2[0m[90m_[0m[36m4[0m[90m_[0m[33m2[0m[90m_[0m[31m32[0m[90m_[0m[35m4[0m[90m_[0m[35m4[0m[90m[0m                         arg  4 mem   1.78 GB tm     50.96us/ 15752.55ms (    278 GFLOPS   32|557    GB/s)
*** AMD     1045 r[90m_[0m[34m8[0m[90m_[0m[34m9[0m[90m_[0m[91m4[0m[90m_[0m[31m16[0m[90m[0m                                     arg  2 mem   1.78 GB tm      8.44us/ 15752.56ms (      1 GFLOPS    2|3      GB/s)
*** AMD     1046 r[90m_[0m[34m9[0m[90m_[0m[34m8[0m[90m_[0m[91m4[0m[90m_[0m[31m4[0m[90m_[0m[35m4[0m[90m[0m                                    arg  2 mem   1.78 GB tm      8.40us/ 15752.57ms (      1 GFLOPS    2|3      GB/s)
*** AMD     1047 r[90m_[0m[34m8[0m[90m_[0m[34m3[0m[90m_[0m[91m4[0m[90m_[0m[36m3[0m[90m_[0m[31m16[0m[90m[0m                                   arg  2 mem   1.78 GB tm      8.64us/ 15752.57ms (      1 GFLOPS    2|3      GB/s)
*** AMD     1048 r[90m_[0m[34m8[0m[90m_[0m[34m3[0m[90m_[0m[91m4[0m[90m_[0m[36m3[0m[90m_[0m[31m4[0m[90m_[0m[35m4[0m[90m[0m                                  arg  2 mem   1.78 GB tm      8.40us/ 15752.58ms (      1 GFLOPS    2|3      GB/s)
*** AMD     1049 r[90m_[0m[34m9[0m[90m_[0m[34m4[0m[90m_[0m[91m8[0m[90m_[0m[36m2[0m[90m_[0m[31m8[0m[90m[0m                                    arg  3 mem   1.78 GB tm      8.76us/ 15752.59ms (      2 GFLOPS    2|5      GB/s)
*** AMD     1050 r[90m_[0m[34m9[0m[90m_[0m[34m8[0m[90m_[0m[91m4[0m[90m_[0m[31m4[0m[90m_[0m[35m4[0m[90mn1[0m                                  arg  3 mem   1.78 GB tm      8.76us/ 15752.60ms (      2 GFLOPS    2|3      GB/s)
*** AMD     1051 r[90m_[0m[34m8[0m[90m_[0m[34m3[0m[90m_[0m[91m8[0m[90m_[0m[36m3[0m[90m_[0m[31m8[0m[90m[0m                                    arg  3 mem   1.78 GB tm      8.76us/ 15752.61ms (      2 GFLOPS    2|5      GB/s)
*** AMD     1052 r[90m_[0m[34m8[0m[90m_[0m[34m9[0m[90m_[0m[91m4[0m[90m_[0m[31m4[0m[90m_[0m[35m4[0m[90m[0m                                    arg  3 mem   1.78 GB tm      8.64us/ 15752.62ms (      2 GFLOPS    2|3      GB/s)
*** AMD     1053 E[90m_[0m[34m4[0m[90m_[0m[34m9[0m[90m_[0m[34m2[0m[90m_[0m[36m16[0m[90m_[0m[36m2[0m[90m_[0m[33m2[0m[90m[0m                                 arg  7 mem   1.78 GB tm      8.32us/ 15752.63ms (      3 GFLOPS    5|7      GB/s)
*** AMD     1054 E[90m_[0m[34m8[0m[90m_[0m[34m8[0m[90m_[0m[36m8[0m[90m_[0m[36m3[0m[90m_[0m[33m3[0m[90m[0m                                    arg  7 mem   1.78 GB tm      8.32us/ 15752.63ms (      3 GFLOPS    5|9      GB/s)
*** AMD     1055 E[90m_[0m[34m8[0m[90m_[0m[34m9[0m[90m_[0m[36m4[0m[90m_[0m[36m4[0m[90m_[0m[33m4[0m[90m[0m                                    arg  6 mem   1.78 GB tm      8.36us/ 15752.64ms (      2 GFLOPS    5|6      GB/s)
*** AMD     1056 E[90m_[0m[34m8[0m[90m_[0m[34m9[0m[90m_[0m[36m16[0m[90m_[0m[33m4[0m[90m[0m                                     arg  6 mem   1.78 GB tm      8.44us/ 15752.65ms (      2 GFLOPS    4|5      GB/s)
*** AMD     1057 r[90m_[0m[34m8[0m[90m_[0m[34m9[0m[90m_[0m[34m3[0m[90m_[0m[91m8[0m[90m_[0m[36m3[0m[90m_[0m[31m8[0m[90m[0m                                  arg  4 mem   1.78 GB tm      9.32us/ 15752.66ms (     14 GFLOPS    4|59     GB/s)
*** AMD     1058 r[90m_[0m[34m9[0m[90m_[0m[34m8[0m[90m_[0m[34m3[0m[90m_[0m[91m8[0m[90m_[0m[36m3[0m[90m_[0m[31m8[0m[90m[0m                                  arg  4 mem   1.78 GB tm      9.04us/ 15752.67ms (     15 GFLOPS    4|60     GB/s)
*** AMD     1059 r[90m_[0m[34m36[0m[90m_[0m[33m2[0m[90m_[0m[31m9[0m[90m[0m                                       arg  2 mem   1.78 GB tm      7.96us/ 15752.68ms (      0 GFLOPS    0|0      GB/s)
*** AMD     1060 r[90m_[0m[34m36[0m[90m_[0m[33m2[0m[90m_[0m[31m9[0m[90m[0m                                       arg  2 mem   1.78 GB tm      8.04us/ 15752.69ms (      0 GFLOPS    0|0      GB/s)
*** AMD     1061 r[90m_[0m[34m18[0m[90m_[0m[91m9[0m[90m_[0m[36m4[0m[90m[0m                                       arg  3 mem   1.78 GB tm      8.52us/ 15752.69ms (      1 GFLOPS    0|4      GB/s)
*** AMD     1062 r[90m_[0m[34m18[0m[90m_[0m[91m9[0m[90m_[0m[36m4[0m[90m[0m                                       arg  3 mem   1.78 GB tm      8.48us/ 15752.70ms (      1 GFLOPS    0|4      GB/s)
*** AMD     1063 r[90m_[0m[34m9[0m[90m_[0m[34m4[0m[90m_[0m[34m4[0m[90m_[0m[36m16[0m[90m_[0m[36m2[0m[90m_[0m[35m9[0m[90m[0m                                 arg  5 mem   1.78 GB tm      9.40us/ 15752.71ms (     23 GFLOPS    8|20     GB/s)
*** AMD     1064 r[90m_[0m[34m9[0m[90m_[0m[34m4[0m[90m_[0m[34m4[0m[90m_[0m[36m16[0m[90m_[0m[36m2[0m[90m_[0m[35m9[0m[90m[0m                                 arg  5 mem   1.78 GB tm      9.32us/ 15752.72ms (     23 GFLOPS    8|20     GB/s)
*** AMD     1065 r[90m_[0m[34m8[0m[90m_[0m[34m9[0m[90m_[0m[36m16[0m[90m_[0m[36m4[0m[90m_[0m[31m8[0m[90m_[0m[35m4[0m[90m_[0m[35m16[0m[90m[0m                              arg  5 mem   1.78 GB tm     35.92us/ 15752.76ms (    132 GFLOPS   16|395    GB/s)
*** AMD     1066 r[90m_[0m[34m8[0m[90m_[0m[34m9[0m[90m_[0m[36m16[0m[90m_[0m[36m4[0m[90m_[0m[31m8[0m[90m_[0m[35m4[0m[90m_[0m[35m16[0m[90m[0m                              arg  5 mem   1.78 GB tm     36.12us/ 15752.79ms (    131 GFLOPS   16|393    GB/s)
*** AMD     1067 r[90m_[0m[34m9[0m[90m_[0m[91m16[0m[90m_[0m[35m32[0m[90m[0m                                      arg  2 mem   1.78 GB tm      9.04us/ 15752.80ms (      1 GFLOPS    2|3      GB/s)
*** AMD     1068 r[90m_[0m[34m9[0m[90m_[0m[91m16[0m[90m_[0m[35m32[0m[90m[0m                                      arg  2 mem   1.78 GB tm      9.08us/ 15752.81ms (      1 GFLOPS    2|3      GB/s)
*** AMD     1069 r[90m_[0m[34m9[0m[90m_[0m[91m16[0m[90m_[0m[31m32[0m[90mn1[0m                                    arg  3 mem   1.78 GB tm      9.44us/ 15752.82ms (      2 GFLOPS    2|3      GB/s)
*** AMD     1070 r[90m_[0m[34m9[0m[90m_[0m[91m16[0m[90m_[0m[31m32[0m[90mn1[0m                                    arg  3 mem   1.78 GB tm      9.40us/ 15752.83ms (      2 GFLOPS    2|3      GB/s)
*** AMD     1071 E[90m_[0m[34m9[0m[90m_[0m[34m2[0m[90m_[0m[36m16[0m[90m_[0m[36m16[0m[90m[0m                                    arg  6 mem   1.78 GB tm      8.28us/ 15752.84ms (      3 GFLOPS    5|9      GB/s)
*** AMD     1072 E[90m_[0m[34m9[0m[90m_[0m[34m2[0m[90m_[0m[36m16[0m[90m_[0m[36m16[0m[90m[0m                                    arg  6 mem   1.78 GB tm      8.24us/ 15752.85ms (      3 GFLOPS    5|9      GB/s)
*** AMD     1073 r[90m_[0m[34m8[0m[90m_[0m[34m9[0m[90m_[0m[36m16[0m[90m_[0m[36m2[0m[90m_[0m[36m4[0m[90m_[0m[31m8[0m[90m_[0m[35m4[0m[90m_[0m[35m4[0m[90m_[0m[35m4[0m[90m[0m                           arg  4 mem   1.78 GB tm     39.64us/ 15752.89ms (    240 GFLOPS   28|716    GB/s)
*** AMD     1074 r[90m_[0m[34m8[0m[90m_[0m[34m9[0m[90m_[0m[36m16[0m[90m_[0m[36m2[0m[90m_[0m[36m4[0m[90m_[0m[31m8[0m[90m_[0m[35m4[0m[90m_[0m[35m4[0m[90m_[0m[35m4[0m[90m[0m                           arg  4 mem   1.78 GB tm     38.96us/ 15752.92ms (    244 GFLOPS   28|728    GB/s)
*** AMD     1075 r[90m_[0m[34m8[0m[90m_[0m[34m3[0m[90m_[0m[36m16[0m[90m_[0m[91m4[0m[90m_[0m[91m4[0m[90m_[0m[33m4[0m[90m_[0m[33m3[0m[90m_[0m[31m16[0m[90m_[0m[35m4[0m[90mn1[0m                        arg  5 mem   1.78 GB tm     36.96us/ 15752.96ms (    292 GFLOPS   30|366    GB/s)
*** AMD     1076 r[90m_[0m[34m8[0m[90m_[0m[34m3[0m[90m_[0m[36m16[0m[90m_[0m[91m4[0m[90m_[0m[91m4[0m[90m_[0m[33m4[0m[90m_[0m[33m3[0m[90m_[0m[31m16[0m[90m_[0m[35m4[0m[90mn1[0m                        arg  5 mem   1.78 GB tm     36.60us/ 15753.00ms (    295 GFLOPS   31|369    GB/s)
*** AMD     1077 r[90m_[0m[34m9[0m[90m_[0m[91m16[0m[90m_[0m[35m32[0m[90m[0m                                      arg  2 mem   1.78 GB tm      9.12us/ 15753.01ms (      1 GFLOPS    2|3      GB/s)
*** AMD     1078 r[90m_[0m[34m9[0m[90m_[0m[91m16[0m[90m_[0m[35m32[0m[90m[0m                                      arg  2 mem   1.78 GB tm      8.92us/ 15753.02ms (      1 GFLOPS    2|3      GB/s)
*** AMD     1079 r[90m_[0m[34m9[0m[90m_[0m[91m16[0m[90m_[0m[31m32[0m[90mn1[0m                                    arg  3 mem   1.78 GB tm      9.44us/ 15753.03ms (      2 GFLOPS    2|3      GB/s)
*** AMD     1080 r[90m_[0m[34m9[0m[90m_[0m[91m16[0m[90m_[0m[31m32[0m[90mn1[0m                                    arg  3 mem   1.78 GB tm      9.28us/ 15753.04ms (      2 GFLOPS    2|3      GB/s)
*** AMD     1081 E[90m_[0m[34m9[0m[90m_[0m[34m2[0m[90m_[0m[36m16[0m[90m_[0m[36m16[0m[90m[0m                                    arg  6 mem   1.78 GB tm      8.32us/ 15753.04ms (      3 GFLOPS    5|9      GB/s)
*** AMD     1082 E[90m_[0m[34m9[0m[90m_[0m[34m2[0m[90m_[0m[36m16[0m[90m_[0m[36m16[0m[90m[0m                                    arg  6 mem   1.78 GB tm      8.28us/ 15753.05ms (      3 GFLOPS    5|9      GB/s)
*** AMD     1083 r[90m_[0m[34m3[0m[90m_[0m[34m9[0m[90m_[0m[36m4[0m[90m_[0m[36m8[0m[90m_[0m[36m2[0m[90m_[0m[36m4[0m[90m_[0m[33m2[0m[90m_[0m[31m32[0m[90m_[0m[35m4[0m[90m_[0m[35m4[0m[90m[0m                         arg  4 mem   1.78 GB tm     51.32us/ 15753.10ms (    276 GFLOPS   32|553    GB/s)
*** AMD     1084 r[90m_[0m[34m3[0m[90m_[0m[34m9[0m[90m_[0m[36m4[0m[90m_[0m[36m8[0m[90m_[0m[36m2[0m[90m_[0m[36m4[0m[90m_[0m[33m2[0m[90m_[0m[31m32[0m[90m_[0m[35m4[0m[90m_[0m[35m4[0m[90m[0m                         arg  4 mem   1.78 GB tm     51.20us/ 15753.15ms (    277 GFLOPS   32|555    GB/s)
*** AMD     1085 r[90m_[0m[34m8[0m[90m_[0m[34m9[0m[90m_[0m[91m4[0m[90m_[0m[31m16[0m[90m[0m                                     arg  2 mem   1.78 GB tm      8.64us/ 15753.16ms (      1 GFLOPS    2|3      GB/s)
*** AMD     1086 r[90m_[0m[34m9[0m[90m_[0m[34m8[0m[90m_[0m[91m4[0m[90m_[0m[31m4[0m[90m_[0m[35m4[0m[90m[0m                                    arg  2 mem   1.78 GB tm      8.64us/ 15753.17ms (      1 GFLOPS    2|3      GB/s)
*** AMD     1087 r[90m_[0m[34m8[0m[90m_[0m[34m3[0m[90m_[0m[91m4[0m[90m_[0m[36m3[0m[90m_[0m[31m16[0m[90m[0m                                   arg  2 mem   1.78 GB tm      8.52us/ 15753.18ms (      1 GFLOPS    2|3      GB/s)
*** AMD     1088 r[90m_[0m[34m8[0m[90m_[0m[34m3[0m[90m_[0m[91m4[0m[90m_[0m[36m3[0m[90m_[0m[31m4[0m[90m_[0m[35m4[0m[90m[0m                                  arg  2 mem   1.78 GB tm      8.60us/ 15753.19ms (      1 GFLOPS    2|3      GB/s)
*** AMD     1089 r[90m_[0m[34m9[0m[90m_[0m[34m4[0m[90m_[0m[91m8[0m[90m_[0m[36m2[0m[90m_[0m[31m8[0m[90m[0m                                    arg  3 mem   1.78 GB tm      8.80us/ 15753.20ms (      2 GFLOPS    2|5      GB/s)
*** AMD     1090 r[90m_[0m[34m9[0m[90m_[0m[34m8[0m[90m_[0m[91m4[0m[90m_[0m[31m4[0m[90m_[0m[35m4[0m[90mn1[0m                                  arg  3 mem   1.78 GB tm      8.76us/ 15753.21ms (      2 GFLOPS    2|3      GB/s)
*** AMD     1091 r[90m_[0m[34m8[0m[90m_[0m[34m3[0m[90m_[0m[91m8[0m[90m_[0m[36m3[0m[90m_[0m[31m8[0m[90m[0m                                    arg  3 mem   1.78 GB tm      8.68us/ 15753.21ms (      2 GFLOPS    2|5      GB/s)
*** AMD     1092 r[90m_[0m[34m8[0m[90m_[0m[34m9[0m[90m_[0m[91m4[0m[90m_[0m[31m4[0m[90m_[0m[35m4[0m[90m[0m                                    arg  3 mem   1.78 GB tm      8.64us/ 15753.22ms (      2 GFLOPS    2|3      GB/s)
*** AMD     1093 E[90m_[0m[34m4[0m[90m_[0m[34m9[0m[90m_[0m[34m2[0m[90m_[0m[36m16[0m[90m_[0m[36m2[0m[90m_[0m[33m2[0m[90m[0m                                 arg  7 mem   1.78 GB tm      8.48us/ 15753.23ms (      3 GFLOPS    4|7      GB/s)
*** AMD     1094 E[90m_[0m[34m8[0m[90m_[0m[34m8[0m[90m_[0m[36m8[0m[90m_[0m[36m3[0m[90m_[0m[33m3[0m[90m[0m                                    arg  7 mem   1.78 GB tm      8.40us/ 15753.24ms (      3 GFLOPS    4|9      GB/s)
*** AMD     1095 E[90m_[0m[34m8[0m[90m_[0m[34m9[0m[90m_[0m[36m4[0m[90m_[0m[36m4[0m[90m_[0m[33m4[0m[90m[0m                                    arg  6 mem   1.78 GB tm      8.72us/ 15753.25ms (      2 GFLOPS    4|5      GB/s)
*** AMD     1096 E[90m_[0m[34m8[0m[90m_[0m[34m9[0m[90m_[0m[36m16[0m[90m_[0m[33m4[0m[90m[0m                                     arg  6 mem   1.78 GB tm      8.20us/ 15753.26ms (      2 GFLOPS    5|6      GB/s)
*** AMD     1097 r[90m_[0m[34m8[0m[90m_[0m[34m9[0m[90m_[0m[34m3[0m[90m_[0m[91m8[0m[90m_[0m[36m3[0m[90m_[0m[31m8[0m[90m[0m                                  arg  4 mem   1.78 GB tm      9.32us/ 15753.27ms (     14 GFLOPS    4|59     GB/s)
*** AMD     1098 r[90m_[0m[34m9[0m[90m_[0m[34m8[0m[90m_[0m[34m3[0m[90m_[0m[91m8[0m[90m_[0m[36m3[0m[90m_[0m[31m8[0m[90m[0m                                  arg  4 mem   1.78 GB tm      9.08us/ 15753.28ms (     15 GFLOPS    4|60     GB/s)
*** AMD     1099 r[90m_[0m[34m36[0m[90m_[0m[33m2[0m[90m_[0m[31m9[0m[90m[0m                                       arg  2 mem   1.78 GB tm      8.08us/ 15753.28ms (      0 GFLOPS    0|0      GB/s)
*** AMD     1100 r[90m_[0m[34m36[0m[90m_[0m[33m2[0m[90m_[0m[31m9[0m[90m[0m                                       arg  2 mem   1.78 GB tm      8.20us/ 15753.29ms (      0 GFLOPS    0|0      GB/s)
*** AMD     1101 r[90m_[0m[34m18[0m[90m_[0m[91m9[0m[90m_[0m[36m4[0m[90m[0m                                       arg  3 mem   1.78 GB tm      8.60us/ 15753.30ms (      1 GFLOPS    0|4      GB/s)
*** AMD     1102 r[90m_[0m[34m18[0m[90m_[0m[91m9[0m[90m_[0m[36m4[0m[90m[0m                                       arg  3 mem   1.78 GB tm      8.44us/ 15753.31ms (      1 GFLOPS    0|4      GB/s)
*** AMD     1103 r[90m_[0m[34m9[0m[90m_[0m[34m4[0m[90m_[0m[34m4[0m[90m_[0m[36m16[0m[90m_[0m[36m2[0m[90m_[0m[35m9[0m[90m[0m                                 arg  5 mem   1.78 GB tm      9.36us/ 15753.32ms (     23 GFLOPS    8|20     GB/s)
*** AMD     1104 r[90m_[0m[34m9[0m[90m_[0m[34m4[0m[90m_[0m[34m4[0m[90m_[0m[36m16[0m[90m_[0m[36m2[0m[90m_[0m[35m9[0m[90m[0m                                 arg  5 mem   1.78 GB tm      9.36us/ 15753.33ms (     23 GFLOPS    8|20     GB/s)
*** AMD     1105 r[90m_[0m[34m8[0m[90m_[0m[34m9[0m[90m_[0m[36m16[0m[90m_[0m[36m4[0m[90m_[0m[31m8[0m[90m_[0m[35m4[0m[90m_[0m[35m16[0m[90m[0m                              arg  5 mem   1.78 GB tm     35.88us/ 15753.36ms (    132 GFLOPS   16|396    GB/s)
*** AMD     1106 r[90m_[0m[34m8[0m[90m_[0m[34m9[0m[90m_[0m[36m16[0m[90m_[0m[36m4[0m[90m_[0m[31m8[0m[90m_[0m[35m4[0m[90m_[0m[35m16[0m[90m[0m                              arg  5 mem   1.78 GB tm     36.24us/ 15753.40ms (    130 GFLOPS   16|392    GB/s)
*** AMD     1107 r[90m_[0m[34m9[0m[90m_[0m[91m16[0m[90m_[0m[35m32[0m[90m[0m                                      arg  2 mem   1.78 GB tm      9.00us/ 15753.41ms (      1 GFLOPS    2|3      GB/s)
*** AMD     1108 r[90m_[0m[34m9[0m[90m_[0m[91m16[0m[90m_[0m[35m32[0m[90m[0m                                      arg  2 mem   1.78 GB tm      9.04us/ 15753.42ms (      1 GFLOPS    2|3      GB/s)
*** AMD     1109 r[90m_[0m[34m9[0m[90m_[0m[91m16[0m[90m_[0m[31m32[0m[90mn1[0m                                    arg  3 mem   1.78 GB tm      9.36us/ 15753.43ms (      2 GFLOPS    2|3      GB/s)
*** AMD     1110 r[90m_[0m[34m9[0m[90m_[0m[91m16[0m[90m_[0m[31m32[0m[90mn1[0m                                    arg  3 mem   1.78 GB tm      9.40us/ 15753.44ms (      2 GFLOPS    2|3      GB/s)
*** AMD     1111 E[90m_[0m[34m9[0m[90m_[0m[34m2[0m[90m_[0m[36m16[0m[90m_[0m[36m16[0m[90m[0m                                    arg  6 mem   1.78 GB tm      8.40us/ 15753.45ms (      3 GFLOPS    5|9      GB/s)
*** AMD     1112 E[90m_[0m[34m9[0m[90m_[0m[34m2[0m[90m_[0m[36m16[0m[90m_[0m[36m16[0m[90m[0m                                    arg  6 mem   1.78 GB tm      8.36us/ 15753.45ms (      3 GFLOPS    5|9      GB/s)
*** AMD     1113 r[90m_[0m[34m8[0m[90m_[0m[34m9[0m[90m_[0m[36m16[0m[90m_[0m[36m2[0m[90m_[0m[36m4[0m[90m_[0m[31m8[0m[90m_[0m[35m4[0m[90m_[0m[35m4[0m[90m_[0m[35m4[0m[90m[0m                           arg  4 mem   1.78 GB tm     40.32us/ 15753.49ms (    236 GFLOPS   27|704    GB/s)
*** AMD     1114 r[90m_[0m[34m8[0m[90m_[0m[34m9[0m[90m_[0m[36m16[0m[90m_[0m[36m2[0m[90m_[0m[36m4[0m[90m_[0m[31m8[0m[90m_[0m[35m4[0m[90m_[0m[35m4[0m[90m_[0m[35m4[0m[90m[0m                           arg  4 mem   1.78 GB tm     38.60us/ 15753.53ms (    247 GFLOPS   29|735    GB/s)
[32m*** AMD     1115[0m r[90m_[0m[34m32[0m[90m_[0m[36m8[0m[90m_[0m[91m4[0m[90m_[0m[91m4[0m[90m_[0m[33m2[0m[90m_[0m[31m16[0m[90m_[0m[35m4[0m[90m[0m                              arg  5 mem   1.78 GB tm     27.20us/ 15753.56ms (     44 GFLOPS   41|101    GB/s)
*** AMD     1116 r[90m_[0m[34m32[0m[90m_[0m[36m8[0m[90m_[0m[91m4[0m[90m_[0m[91m4[0m[90m_[0m[33m2[0m[90m_[0m[31m16[0m[90m_[0m[35m4[0m[90m[0m                              arg  5 mem   1.78 GB tm     27.40us/ 15753.59ms (     44 GFLOPS   40|100    GB/s)
[32m*** AMD     1117[0m r[90m_[0m[91m16[0m[90m_[0m[31m32[0m[90m[0m                                        arg  2 mem   1.78 GB tm      9.00us/ 15753.60ms (      0 GFLOPS    0|0      GB/s)
*** AMD     1118 r[90m_[0m[91m16[0m[90m_[0m[31m32[0m[90m[0m                                        arg  2 mem   1.78 GB tm      8.84us/ 15753.60ms (      0 GFLOPS    0|0      GB/s)
[32m*** AMD     1119[0m r[90m_[0m[91m32[0m[90m_[0m[31m16[0m[90m[0m                                        arg  3 mem   1.78 GB tm      9.32us/ 15753.61ms (      0 GFLOPS    0|1      GB/s)
*** AMD     1120 r[90m_[0m[91m32[0m[90m_[0m[31m16[0m[90m[0m                                        arg  3 mem   1.78 GB tm      9.20us/ 15753.62ms (      0 GFLOPS    0|1      GB/s)
[32m*** AMD     1121[0m E[90m_[0m[34m32[0m[90m_[0m[36m16[0m[90m[0m                                        arg  6 mem   1.78 GB tm      8.52us/ 15753.63ms (      0 GFLOPS    1|1      GB/s)
*** AMD     1122 E[90m_[0m[34m32[0m[90m_[0m[36m16[0m[90m[0m                                        arg  6 mem   1.78 GB tm      8.24us/ 15753.64ms (      0 GFLOPS    1|1      GB/s)
*** AMD     1123 E[90m_[0m[34m32[0m[90m_[0m[36m16[0m[90m[0m                                        arg  6 mem   1.78 GB tm      8.68us/ 15753.65ms (      0 GFLOPS    1|1      GB/s)
*** AMD     1124 E[90m_[0m[34m32[0m[90m_[0m[36m16[0m[90m[0m                                        arg  6 mem   1.78 GB tm      8.36us/ 15753.66ms (      0 GFLOPS    1|1      GB/s)
*** AMD     1125 E[90m_[0m[34m32[0m[90m_[0m[36m16[0m[90m[0m                                        arg  6 mem   1.78 GB tm      8.44us/ 15753.67ms (      0 GFLOPS    1|1      GB/s)
[32m*** AMD     1126[0m r[90m_[0m[34m512[0m[90m_[0m[91m16[0m[90m_[0m[36m2[0m[90m_[0m[31m8[0m[90m_[0m[35m4[0m[90m[0m                                 arg  3 mem   1.78 GB tm     16.60us/ 15753.68ms (     88 GFLOPS   64|261    GB/s)
*** AMD     1127 r[90m_[0m[34m512[0m[90m_[0m[91m16[0m[90m_[0m[36m2[0m[90m_[0m[31m8[0m[90m_[0m[35m4[0m[90m[0m                                 arg  3 mem   1.78 GB tm     16.32us/ 15753.70ms (     89 GFLOPS   65|265    GB/s)
*** AMD     1128 r[90m_[0m[34m512[0m[90m_[0m[91m16[0m[90m_[0m[36m2[0m[90m_[0m[31m8[0m[90m_[0m[35m4[0m[90m[0m                                 arg  3 mem   1.78 GB tm     16.20us/ 15753.71ms (     90 GFLOPS   65|267    GB/s)
*** AMD     1129 r[90m_[0m[34m512[0m[90m_[0m[91m16[0m[90m_[0m[36m2[0m[90m_[0m[31m8[0m[90m_[0m[35m4[0m[90m[0m                                 arg  3 mem   1.78 GB tm     16.36us/ 15753.73ms (     89 GFLOPS   64|264    GB/s)
*** AMD     1130 r[90m_[0m[34m512[0m[90m_[0m[91m16[0m[90m_[0m[36m2[0m[90m_[0m[31m8[0m[90m_[0m[35m4[0m[90m[0m                                 arg  3 mem   1.78 GB tm     16.24us/ 15753.75ms (     90 GFLOPS   65|266    GB/s)
[32m*** AMD     1131[0m r[90m_[0m[34m512[0m[90m_[0m[91m64[0m[90m_[0m[31m16[0m[90m[0m                                    arg  4 mem   1.78 GB tm     17.28us/ 15753.76ms (    186 GFLOPS   61|690    GB/s)
*** AMD     1132 r[90m_[0m[34m512[0m[90m_[0m[91m64[0m[90m_[0m[31m16[0m[90m[0m                                    arg  4 mem   1.78 GB tm     17.64us/ 15753.78ms (    182 GFLOPS   60|676    GB/s)
*** AMD     1133 r[90m_[0m[34m512[0m[90m_[0m[91m64[0m[90m_[0m[31m16[0m[90m[0m                                    arg  4 mem   1.78 GB tm     18.60us/ 15753.80ms (    173 GFLOPS   57|641    GB/s)
*** AMD     1134 r[90m_[0m[34m512[0m[90m_[0m[91m64[0m[90m_[0m[31m16[0m[90m[0m                                    arg  4 mem   1.78 GB tm     19.12us/ 15753.82ms (    168 GFLOPS   55|624    GB/s)
*** AMD     1135 r[90m_[0m[34m512[0m[90m_[0m[91m64[0m[90m_[0m[31m16[0m[90m[0m                                    arg  4 mem   1.78 GB tm     20.52us/ 15753.84ms (    156 GFLOPS   51|581    GB/s)
[32m*** AMD     1136[0m r[90m_[0m[34m430[0m[90m_[0m[36m3[0m[90m_[0m[36m2[0m[90m_[0m[91m4[0m[90m_[0m[31m512[0m[90m_[0m[31m128[0m[90m_[0m[31m32[0m[90m_[0m[31m512[0m[90m_[0m[31m128[0m[90m_[0m[31m512[0m[90m_[0m[31m512[0m[90m_[0m[31m512[0m[90m_[0m[31m512[0m[90m_[0m[31m512[0m[90m_[0m[31m512[0m[90m_[0m[31m512[0m[90m_[0m[31m512[0m[90m_[0m[35m4[0m[90m_[0m[35m4[0m[90m_[0m[35m4[0m[90m[0m arg 40 mem   1.78 GB tm    721.04us/ 15754.56ms (    170 GFLOPS    3|411    GB/s)
  [1/3] enqueue 91020.72 ms -- total 91202.24 ms
scheduled     3 kernels in    14.16 ms | CACHE MISS 2d0b0eb5 |   56609 uops in cache | /root/src/openpilot/selfdrive/modeld/compile_modeld.py:50
*** CPU     1137 E[90m_[0m[33m2[0m[90m[0m                                            arg  1 mem   1.77 GB tm      0.57us/ 15754.56ms (      0 GFLOPS    0|0      GB/s)
*** CPU     1138 E[90m_[0m[97m65536[0m[90m_[0m[33m2[0m[90m_[0m[33m3[0m[90m[0m                                    arg  3 mem   1.77 GB tm    316.23us/ 15754.88ms (     80 GFLOPS    5|5      GB/s)
*** CPU     1139 E[90m_[0m[97m32768[0m[90m_[0m[94m4[0m[90m_[0m[33m3[0m[90m[0m                                    arg  2 mem   1.77 GB tm    191.64us/ 15755.07ms (      2 GFLOPS   10|10     GB/s)
scheduled     2 kernels in     1.57 ms |  cache hit 30a92e1f |   56443 uops in cache | /root/src/openpilot/selfdrive/modeld/compile_modeld.py:202
scheduled   497 kernels in  1559.00 ms | CACHE MISS 1ea04857 |   70914 uops in cache | /root/src/openpilot/selfdrive/modeld/compile_modeld.py:240
JIT captured 2 linears with 6 inputs
pruned from 499 -> 499 kernels
memory reduced from 179.88 MB -> 14.56 MB, 490 -> 2 bufs
JIT GRAPHing batch with 497 kernels
[35m*** AMD     1140[0m [33mcopy    2.05 KB,     AMD <- NPY    [0m            arg  2 mem   1.77 GB tm   3191.19us/ 15758.26ms (      0 GFLOPS    0|0      GB/s)
[35m*** AMD     1141[0m [33mcopy  384.00 KB,     AMD <- CPU    [0m            arg  2 mem   1.77 GB tm   4324.35us/ 15762.59ms (      0 GFLOPS    0|0      GB/s)
[35m*** AMD     1142[0m [36mbatched 497[0m                                    arg  0 mem   1.78 GB tm [33m    66.04ms[0m/ 15828.63ms (   3157 GFLOPS   34|3630   GB/s)
  [2/3] enqueue 21811.25 ms -- total 21811.81 ms
scheduled     3 kernels in     1.84 ms |  cache hit 2d0b0eb5 |   58224 uops in cache | /root/src/openpilot/selfdrive/modeld/compile_modeld.py:50
*** CPU     1143 E[90m_[0m[33m2[0m[90m[0m                                            arg  1 mem   1.78 GB tm     29.79us/ 15828.66ms (      0 GFLOPS    0|0      GB/s)
*** CPU     1144 E[90m_[0m[97m65536[0m[90m_[0m[33m2[0m[90m_[0m[33m3[0m[90m[0m                                    arg  3 mem   1.78 GB tm    308.97us/ 15828.97ms (     82 GFLOPS    5|5      GB/s)
*** CPU     1145 E[90m_[0m[97m32768[0m[90m_[0m[94m4[0m[90m_[0m[33m3[0m[90m[0m                                    arg  2 mem   1.78 GB tm    114.14us/ 15829.08ms (      3 GFLOPS   17|17     GB/s)
[35m*** AMD     1146[0m [33mcopy    2.05 KB,     AMD <- NPY    [0m            arg  2 mem   1.78 GB tm   2995.25us/ 15832.08ms (      0 GFLOPS    0|0      GB/s)
[35m*** AMD     1147[0m [33mcopy  384.00 KB,     AMD <- CPU    [0m            arg  2 mem   1.78 GB tm   4881.47us/ 15836.96ms (      0 GFLOPS    0|0      GB/s)
[35m*** AMD     1148[0m [36mbatched 497[0m                                    arg  0 mem   1.78 GB tm [33m    64.62ms[0m/ 15901.58ms (   3227 GFLOPS   35|3710   GB/s)
  [3/3] enqueue  84.82 ms -- total  85.13 ms
pickle round trip
*** AMD     1149 [33mcopy  960.00 KB,     AMD <- NPY    [0m            arg  2 mem   1.78 GB tm   9652.67us/ 15911.24ms (      0 GFLOPS    0|0      GB/s)
*** AMD     1150 [33mcopy  960.00 KB,     AMD <- NPY    [0m            arg  2 mem   1.78 GB tm   8748.18us/ 15919.98ms (      0 GFLOPS    0|0      GB/s)
*** AMD     1151 [33mcopy  192.00 KB,     AMD <- NPY    [0m            arg  2 mem   1.78 GB tm   3506.12us/ 15923.49ms (      0 GFLOPS    0|0      GB/s)
*** AMD     1152 [33mcopy    3.12 KB,     AMD <- NPY    [0m            arg  2 mem   1.78 GB tm   3202.28us/ 15926.69ms (      0 GFLOPS    0|0      GB/s)
scheduled     5 kernels in     2.09 ms |  cache hit 07271cab |   58235 uops in cache | /root/src/openpilot/selfdrive/modeld/compile_modeld.py:50
*** CPU     1153 [33mcopy        8 B,     CPU <- PYTHON [0m            arg  2 mem   1.78 GB tm     40.47us/ 15926.73ms (      0 GFLOPS    0|0      GB/s)
*** CPU     1154 [33mcopy        8 B,     CPU <- PYTHON [0m            arg  2 mem   1.78 GB tm     33.31us/ 15926.77ms (      0 GFLOPS    0|0      GB/s)
*** CPU     1155 E[90m_[0m[33m2[0m[90m[0m                                            arg  1 mem   1.78 GB tm      0.20us/ 15926.77ms (      0 GFLOPS    0|0      GB/s)
*** CPU     1156 E[90m_[0m[97m65536[0m[90m_[0m[33m2[0m[90m_[0m[33m3[0m[90m[0m                                    arg  3 mem   1.78 GB tm    259.27us/ 15927.02ms (     98 GFLOPS    6|6      GB/s)
*** CPU     1157 E[90m_[0m[97m32768[0m[90m_[0m[94m4[0m[90m_[0m[33m3[0m[90m[0m                                    arg  2 mem   1.78 GB tm    179.02us/ 15927.20ms (      2 GFLOPS   11|11     GB/s)
[35m*** AMD     1158[0m [33mcopy    2.05 KB,     AMD <- NPY    [0m            arg  2 mem   1.78 GB tm   3450.62us/ 15930.65ms (      0 GFLOPS    0|0      GB/s)
[35m*** AMD     1159[0m [33mcopy  384.00 KB,     AMD <- CPU    [0m            arg  2 mem   1.78 GB tm   3267.67us/ 15933.92ms (      0 GFLOPS    0|0      GB/s)
[35m*** AMD     1160[0m [36mbatched 497[0m                                    arg  0 mem   1.78 GB tm [33m    64.88ms[0m/ 15998.80ms (   3214 GFLOPS   35|3696   GB/s)
  [1/1] enqueue 106.79 ms -- total 107.13 ms
*** AMD     1161 [33mcopy  960.00 KB,     AMD <- NPY    [0m            arg  2 mem   1.78 GB tm   8659.22us/ 16007.46ms (      0 GFLOPS    0|0      GB/s)
*** AMD     1162 [33mcopy  960.00 KB,     AMD <- NPY    [0m            arg  2 mem   1.78 GB tm   9259.83us/ 16016.72ms (      0 GFLOPS    0|0      GB/s)
*** AMD     1163 [33mcopy  192.00 KB,     AMD <- NPY    [0m            arg  2 mem   1.78 GB tm   6290.61us/ 16023.01ms (      0 GFLOPS    0|0      GB/s)
*** AMD     1164 [33mcopy    3.12 KB,     AMD <- NPY    [0m            arg  2 mem   1.78 GB tm   3312.84us/ 16026.32ms (      0 GFLOPS    0|0      GB/s)
scheduled     5 kernels in     2.73 ms |  cache hit 07271cab |   58235 uops in cache | /root/src/openpilot/selfdrive/modeld/compile_modeld.py:50
*** CPU     1165 [33mcopy        8 B,     CPU <- PYTHON [0m            arg  2 mem   1.78 GB tm     41.43us/ 16026.36ms (      0 GFLOPS    0|0      GB/s)
*** CPU     1166 [33mcopy        8 B,     CPU <- PYTHON [0m            arg  2 mem   1.78 GB tm     20.57us/ 16026.38ms (      0 GFLOPS    0|0      GB/s)
*** CPU     1167 E[90m_[0m[33m2[0m[90m[0m                                            arg  1 mem   1.78 GB tm     63.95us/ 16026.45ms (      0 GFLOPS    0|0      GB/s)
*** CPU     1168 E[90m_[0m[97m65536[0m[90m_[0m[33m2[0m[90m_[0m[33m3[0m[90m[0m                                    arg  3 mem   1.78 GB tm    235.25us/ 16026.68ms (    108 GFLOPS    7|7      GB/s)
*** CPU     1169 E[90m_[0m[97m32768[0m[90m_[0m[94m4[0m[90m_[0m[33m3[0m[90m[0m                                    arg  2 mem   1.78 GB tm    112.68us/ 16026.80ms (      3 GFLOPS   17|17     GB/s)
[35m*** AMD     1170[0m [33mcopy    2.05 KB,     AMD <- NPY    [0m            arg  2 mem   1.78 GB tm   3527.44us/ 16030.32ms (      0 GFLOPS    0|0      GB/s)
[35m*** AMD     1171[0m [33mcopy  384.00 KB,     AMD <- CPU    [0m            arg  2 mem   1.78 GB tm   4121.47us/ 16034.44ms (      0 GFLOPS    0|0      GB/s)
[35m*** AMD     1172[0m [36mbatched 497[0m                                    arg  0 mem   1.78 GB tm [33m    66.65ms[0m/ 16101.10ms (   3129 GFLOPS   34|3597   GB/s)
  [1/1] enqueue  88.95 ms -- total  89.27 ms
capture + replay
*** AMD     1173 [33mcopy  960.00 KB,     AMD <- NPY    [0m            arg  2 mem   1.78 GB tm   8571.76us/ 16109.67ms (      0 GFLOPS    0|0      GB/s)
*** AMD     1174 [33mcopy  960.00 KB,     AMD <- NPY    [0m            arg  2 mem   1.78 GB tm   9751.49us/ 16119.42ms (      0 GFLOPS    0|0      GB/s)
scheduled     5 kernels in    23.36 ms | CACHE MISS b4f8828e |   58391 uops in cache | /root/src/openpilot/selfdrive/modeld/compile_modeld.py:50
*** CPU     1175 [33mcopy        8 B,     CPU <- PYTHON [0m            arg  2 mem   1.78 GB tm     39.81us/ 16119.46ms (      0 GFLOPS    0|0      GB/s)
*** CPU     1176 [33mcopy        8 B,     CPU <- PYTHON [0m            arg  2 mem   1.78 GB tm     19.78us/ 16119.48ms (      0 GFLOPS    0|0      GB/s)
[32m*** CPU     1177[0m E[90m_[0m[33m2[0m[90mn1[0m                                          arg  1 mem   1.78 GB tm     32.02us/ 16119.51ms (      0 GFLOPS    0|0      GB/s)
[32m*** CPU     1178[0m E[90m_[0m[97m2402304[0m[90m_[0m[33m2[0m[90m[0m                                    arg  3 mem   1.80 GB tm [33m    14.25ms[0m/ 16133.76ms (     22 GFLOPS    1|1      GB/s)
[32m*** CPU     1179[0m E[90m_[0m[97m2402304[0m[90m_[0m[94m2[0m[90mn1[0m                                  arg  2 mem   1.81 GB tm   4719.61us/ 16138.48ms (      1 GFLOPS    5|5      GB/s)
scheduled     3 kernels in    13.49 ms | CACHE MISS 2224cea6 |   58722 uops in cache | /root/src/openpilot/selfdrive/modeld/compile_modeld.py:50
*** CPU     1180 E[90m_[0m[33m2[0m[90mn1[0m                                          arg  1 mem   1.79 GB tm     33.02us/ 16138.51ms (      0 GFLOPS    0|0      GB/s)
*** CPU     1181 E[90m_[0m[97m2402304[0m[90m_[0m[33m2[0m[90m[0m                                    arg  3 mem   1.81 GB tm   2687.19us/ 16141.20ms (    116 GFLOPS    7|7      GB/s)
*** CPU     1182 E[90m_[0m[97m2402304[0m[90m_[0m[94m2[0m[90mn1[0m                                  arg  2 mem   1.81 GB tm   4394.59us/ 16145.59ms (      1 GFLOPS    5|5      GB/s)
scheduled     2 kernels in     4.42 ms | CACHE MISS 047cd8a2 |   58576 uops in cache | /root/src/openpilot/selfdrive/modeld/compile_modeld.py:185
[32m*** CPU     1183[0m [33mcopy       36 B,     CPU <- NPY    [0m            arg  2 mem   1.79 GB tm     44.67us/ 16145.64ms (      0 GFLOPS    0|0      GB/s)
*** CPU     1184 [33mcopy       36 B,     CPU <- NPY    [0m            arg  2 mem   1.79 GB tm     29.41us/ 16145.67ms (      0 GFLOPS    0|0      GB/s)
[32m*** CPU     1185[0m E[90m_[0m[97m16[0m[90m_[0m[97m256[0m[90m_[0m[33m4[0m[90m_[0m[33m4[0m[90m_[0m[33m2[0m[90m[0m                                 arg  3 mem   1.79 GB tm   1173.03us/ 16146.84ms (      0 GFLOPS    0|0      GB/s)
scheduled     2 kernels in    32.28 ms | CACHE MISS 0dae2bf0 |   62080 uops in cache | /root/src/openpilot/selfdrive/modeld/compile_modeld.py:111
[32m*** CPU     1186[0m [33mcopy       36 B,     CPU <- PYTHON [0m            arg  2 mem   1.79 GB tm     39.84us/ 16146.88ms (      0 GFLOPS    0|0      GB/s)
[32m*** CPU     1187[0m E[90m_[0m[97m32[0m[90m_[0m[97m256[0m[90m_[0m[33m4[0m[90m[0m                                     arg  4 mem   1.79 GB tm    271.36us/ 16147.15ms (      0 GFLOPS    0|0      GB/s)
[32m*** CPU     1188[0m E[90m_[0m[97m16[0m[90m_[0m[97m256[0m[90m_[0m[94m2[0m[90m_[0m[33m4[0m[90m[0m                                   arg  4 mem   1.79 GB tm    339.70us/ 16147.49ms (      0 GFLOPS    0|0      GB/s)
*** CPU     1189 E[90m_[0m[97m16[0m[90m_[0m[97m256[0m[90m_[0m[33m4[0m[90m_[0m[33m4[0m[90m_[0m[33m2[0m[90m[0m                                 arg  3 mem   1.79 GB tm    930.09us/ 16148.42ms (      0 GFLOPS    0|0      GB/s)
scheduled     2 kernels in     2.40 ms |  cache hit 0dae2bf0 |   64765 uops in cache | /root/src/openpilot/selfdrive/modeld/compile_modeld.py:111
*** CPU     1190 [33mcopy       36 B,     CPU <- PYTHON [0m            arg  2 mem   1.79 GB tm     32.64us/ 16148.46ms (      0 GFLOPS    0|0      GB/s)
*** CPU     1191 E[90m_[0m[97m32[0m[90m_[0m[97m256[0m[90m_[0m[33m4[0m[90m[0m                                     arg  4 mem   1.79 GB tm    270.98us/ 16148.73ms (      0 GFLOPS    0|0      GB/s)
*** CPU     1192 E[90m_[0m[97m16[0m[90m_[0m[97m256[0m[90m_[0m[94m2[0m[90m_[0m[33m4[0m[90m[0m                                   arg  4 mem   1.79 GB tm    289.56us/ 16149.02ms (      0 GFLOPS    0|0      GB/s)
[32m*** CPU     1193[0m E[90m_[0m[97m6[0m[90m_[0m[97m128[0m[90m_[0m[97m256[0m[90m_[0m[33m2[0m[90m[0m                                  arg  7 mem   1.79 GB tm     33.72us/ 16149.05ms (     58 GFLOPS   23|82     GB/s)
  [1/3] enqueue 1451.30 ms -- total 1460.18 ms
scheduled     3 kernels in     1.63 ms |  cache hit 2224cea6 |   64855 uops in cache | /root/src/openpilot/selfdrive/modeld/compile_modeld.py:50
*** CPU     1194 E[90m_[0m[33m2[0m[90mn1[0m                                          arg  1 mem   1.79 GB tm     42.19us/ 16149.09ms (      0 GFLOPS    0|0      GB/s)
*** CPU     1195 E[90m_[0m[97m2402304[0m[90m_[0m[33m2[0m[90m[0m                                    arg  3 mem   1.81 GB tm   2649.93us/ 16151.74ms (    118 GFLOPS    7|7      GB/s)
*** CPU     1196 E[90m_[0m[97m2402304[0m[90m_[0m[94m2[0m[90mn1[0m                                  arg  2 mem   1.82 GB tm   4466.98us/ 16156.21ms (      1 GFLOPS    5|5      GB/s)
scheduled     3 kernels in     2.31 ms |  cache hit 2224cea6 |   64856 uops in cache | /root/src/openpilot/selfdrive/modeld/compile_modeld.py:50
*** CPU     1197 E[90m_[0m[33m2[0m[90mn1[0m                                          arg  1 mem   1.80 GB tm     30.64us/ 16156.24ms (      0 GFLOPS    0|0      GB/s)
*** CPU     1198 E[90m_[0m[97m2402304[0m[90m_[0m[33m2[0m[90m[0m                                    arg  3 mem   1.82 GB tm   2414.10us/ 16158.65ms (    129 GFLOPS    8|8      GB/s)
*** CPU     1199 E[90m_[0m[97m2402304[0m[90m_[0m[94m2[0m[90mn1[0m                                  arg  2 mem   1.82 GB tm   3968.55us/ 16162.62ms (      1 GFLOPS    6|6      GB/s)
scheduled     2 kernels in     1.60 ms |  cache hit 047cd8a2 |   64694 uops in cache | /root/src/openpilot/selfdrive/modeld/compile_modeld.py:185
scheduled     2 kernels in     2.21 ms |  cache hit 0dae2bf0 |   65003 uops in cache | /root/src/openpilot/selfdrive/modeld/compile_modeld.py:111
scheduled     2 kernels in     2.35 ms |  cache hit 0dae2bf0 |   65062 uops in cache | /root/src/openpilot/selfdrive/modeld/compile_modeld.py:111
JIT captured 8 linears with 4 inputs
pruned from 11 -> 9 kernels
*** CPU     1200 [33mcopy       36 B,     CPU <- PYTHON [0m            arg  2 mem   1.79 GB tm     37.57us/ 16162.66ms (      0 GFLOPS    0|0      GB/s)
*** CPU     1201 [33mcopy       36 B,     CPU <- PYTHON [0m            arg  2 mem   1.79 GB tm     34.68us/ 16162.69ms (      0 GFLOPS    0|0      GB/s)
JIT GRAPHing batch with 7 kernels
[35m*** CPU     1202[0m [33mcopy       36 B,     CPU <- NPY    [0m            arg  2 mem   1.79 GB tm     44.96us/ 16162.74ms (      0 GFLOPS    0|0      GB/s)
[35m*** CPU     1203[0m [33mcopy       36 B,     CPU <- NPY    [0m            arg  2 mem   1.79 GB tm     17.32us/ 16162.76ms (      0 GFLOPS    0|0      GB/s)
[35m*** CPU     1204[0m [36mbatched 7[0m                                      arg  0 mem   1.79 GB tm   2953.51us/ 16165.71ms (      1 GFLOPS    1|1      GB/s)
  [2/3] enqueue 1262.19 ms -- total 1262.72 ms
scheduled     3 kernels in     1.86 ms |  cache hit 2224cea6 |   64888 uops in cache | /root/src/openpilot/selfdrive/modeld/compile_modeld.py:50
*** CPU     1205 E[90m_[0m[33m2[0m[90mn1[0m                                          arg  1 mem   1.79 GB tm      0.39us/ 16165.71ms (      0 GFLOPS    0|0      GB/s)
*** CPU     1206 E[90m_[0m[97m2402304[0m[90m_[0m[33m2[0m[90m[0m                                    arg  3 mem   1.81 GB tm   2351.97us/ 16168.06ms (    133 GFLOPS    8|8      GB/s)
*** CPU     1207 E[90m_[0m[97m2402304[0m[90m_[0m[94m2[0m[90mn1[0m                                  arg  2 mem   1.82 GB tm   1282.40us/ 16169.34ms (      4 GFLOPS   19|19     GB/s)
scheduled     3 kernels in     1.87 ms |  cache hit 2224cea6 |   64889 uops in cache | /root/src/openpilot/selfdrive/modeld/compile_modeld.py:50
*** CPU     1208 E[90m_[0m[33m2[0m[90mn1[0m                                          arg  1 mem   1.80 GB tm     92.94us/ 16169.44ms (      0 GFLOPS    0|0      GB/s)
*** CPU     1209 E[90m_[0m[97m2402304[0m[90m_[0m[33m2[0m[90m[0m                                    arg  3 mem   1.82 GB tm   2612.12us/ 16172.05ms (    120 GFLOPS    7|7      GB/s)
*** CPU     1210 E[90m_[0m[97m2402304[0m[90m_[0m[94m2[0m[90mn1[0m                                  arg  2 mem   1.82 GB tm   1295.60us/ 16173.35ms (      4 GFLOPS   19|19     GB/s)
[35m*** CPU     1211[0m [33mcopy       36 B,     CPU <- NPY    [0m            arg  2 mem   1.80 GB tm     45.17us/ 16173.39ms (      0 GFLOPS    0|0      GB/s)
[35m*** CPU     1212[0m [33mcopy       36 B,     CPU <- NPY    [0m            arg  2 mem   1.80 GB tm     44.79us/ 16173.44ms (      0 GFLOPS    0|0      GB/s)
[35m*** CPU     1213[0m [36mbatched 7[0m                                      arg  0 mem   1.80 GB tm   2499.32us/ 16175.93ms (      1 GFLOPS    1|1      GB/s)
  [3/3] enqueue   4.75 ms -- total   5.27 ms
pickle round trip
*** AMD     1214 [33mcopy  960.00 KB,     AMD <- NPY    [0m            arg  2 mem   1.79 GB tm   9040.58us/ 16184.98ms (      0 GFLOPS    0|0      GB/s)
*** AMD     1215 [33mcopy  960.00 KB,     AMD <- NPY    [0m            arg  2 mem   1.79 GB tm   8181.41us/ 16193.16ms (      0 GFLOPS    0|0      GB/s)
scheduled     5 kernels in     2.29 ms |  cache hit b4f8828e |   64899 uops in cache | /root/src/openpilot/selfdrive/modeld/compile_modeld.py:50
*** CPU     1216 [33mcopy        8 B,     CPU <- PYTHON [0m            arg  2 mem   1.79 GB tm    202.43us/ 16193.36ms (      0 GFLOPS    0|0      GB/s)
*** CPU     1217 [33mcopy        8 B,     CPU <- PYTHON [0m            arg  2 mem   1.79 GB tm     20.47us/ 16193.38ms (      0 GFLOPS    0|0      GB/s)
*** CPU     1218 E[90m_[0m[33m2[0m[90mn1[0m                                          arg  1 mem   1.79 GB tm      0.41us/ 16193.38ms (      0 GFLOPS    0|0      GB/s)
*** CPU     1219 E[90m_[0m[97m2402304[0m[90m_[0m[33m2[0m[90m[0m                                    arg  3 mem   1.81 GB tm   2369.73us/ 16195.75ms (    132 GFLOPS    8|8      GB/s)
*** CPU     1220 E[90m_[0m[97m2402304[0m[90m_[0m[94m2[0m[90mn1[0m                                  arg  2 mem   1.82 GB tm    912.83us/ 16196.66ms (      5 GFLOPS   26|26     GB/s)
scheduled     3 kernels in     1.91 ms |  cache hit 2224cea6 |   64887 uops in cache | /root/src/openpilot/selfdrive/modeld/compile_modeld.py:50
*** CPU     1221 E[90m_[0m[33m2[0m[90mn1[0m                                          arg  1 mem   1.80 GB tm     37.31us/ 16196.70ms (      0 GFLOPS    0|0      GB/s)
*** CPU     1222 E[90m_[0m[97m2402304[0m[90m_[0m[33m2[0m[90m[0m                                    arg  3 mem   1.82 GB tm   2367.52us/ 16199.07ms (    132 GFLOPS    8|8      GB/s)
*** CPU     1223 E[90m_[0m[97m2402304[0m[90m_[0m[94m2[0m[90mn1[0m                                  arg  2 mem   1.82 GB tm    979.85us/ 16200.05ms (      5 GFLOPS   25|25     GB/s)
[35m*** CPU     1224[0m [33mcopy       36 B,     CPU <- NPY    [0m            arg  2 mem   1.80 GB tm     34.98us/ 16200.08ms (      0 GFLOPS    0|0      GB/s)
[35m*** CPU     1225[0m [33mcopy       36 B,     CPU <- NPY    [0m            arg  2 mem   1.80 GB tm     21.94us/ 16200.10ms (      0 GFLOPS    0|0      GB/s)
[35m*** CPU     1226[0m [36mbatched 7[0m                                      arg  0 mem   1.80 GB tm   2569.42us/ 16202.67ms (      1 GFLOPS    1|1      GB/s)
  [1/1] enqueue   5.58 ms -- total   6.07 ms
*** AMD     1227 [33mcopy  960.00 KB,     AMD <- NPY    [0m            arg  2 mem   1.79 GB tm   7455.50us/ 16210.13ms (      0 GFLOPS    0|0      GB/s)
*** AMD     1228 [33mcopy  960.00 KB,     AMD <- NPY    [0m            arg  2 mem   1.79 GB tm   7207.65us/ 16217.34ms (      0 GFLOPS    0|0      GB/s)
scheduled     5 kernels in     2.54 ms |  cache hit b4f8828e |   64899 uops in cache | /root/src/openpilot/selfdrive/modeld/compile_modeld.py:50
*** CPU     1229 [33mcopy        8 B,     CPU <- PYTHON [0m            arg  2 mem   1.79 GB tm     32.41us/ 16217.37ms (      0 GFLOPS    0|0      GB/s)
*** CPU     1230 [33mcopy        8 B,     CPU <- PYTHON [0m            arg  2 mem   1.79 GB tm     18.36us/ 16217.39ms (      0 GFLOPS    0|0      GB/s)
*** CPU     1231 E[90m_[0m[33m2[0m[90mn1[0m                                          arg  1 mem   1.79 GB tm      0.33us/ 16217.39ms (      0 GFLOPS    0|0      GB/s)
*** CPU     1232 E[90m_[0m[97m2402304[0m[90m_[0m[33m2[0m[90m[0m                                    arg  3 mem   1.81 GB tm   2498.85us/ 16219.89ms (    125 GFLOPS    8|8      GB/s)
*** CPU     1233 E[90m_[0m[97m2402304[0m[90m_[0m[94m2[0m[90mn1[0m                                  arg  2 mem   1.82 GB tm   1228.38us/ 16221.12ms (      4 GFLOPS   20|20     GB/s)
scheduled     3 kernels in     2.89 ms |  cache hit 2224cea6 |   64887 uops in cache | /root/src/openpilot/selfdrive/modeld/compile_modeld.py:50
*** CPU     1234 E[90m_[0m[33m2[0m[90mn1[0m                                          arg  1 mem   1.80 GB tm     65.34us/ 16221.18ms (      0 GFLOPS    0|0      GB/s)
*** CPU     1235 E[90m_[0m[97m2402304[0m[90m_[0m[33m2[0m[90m[0m                                    arg  3 mem   1.82 GB tm   2600.05us/ 16223.78ms (    120 GFLOPS    7|7      GB/s)
*** CPU     1236 E[90m_[0m[97m2402304[0m[90m_[0m[94m2[0m[90mn1[0m                                  arg  2 mem   1.82 GB tm   1044.99us/ 16224.83ms (      5 GFLOPS   23|23     GB/s)
[35m*** CPU     1237[0m [33mcopy       36 B,     CPU <- NPY    [0m            arg  2 mem   1.80 GB tm     31.98us/ 16224.86ms (      0 GFLOPS    0|0      GB/s)
[35m*** CPU     1238[0m [33mcopy       36 B,     CPU <- NPY    [0m            arg  2 mem   1.80 GB tm     17.27us/ 16224.87ms (      0 GFLOPS    0|0      GB/s)
[35m*** CPU     1239[0m [36mbatched 7[0m                                      arg  0 mem   1.80 GB tm   2699.65us/ 16227.57ms (      1 GFLOPS    1|1      GB/s)
  [1/1] enqueue   3.48 ms -- total   4.08 ms
capture + replay
*** AMD     1240 [33mcopy  960.00 KB,     AMD <- NPY    [0m            arg  2 mem   1.79 GB tm   8041.57us/ 16235.62ms (      0 GFLOPS    0|0      GB/s)
*** AMD     1241 [33mcopy  960.00 KB,     AMD <- NPY    [0m            arg  2 mem   1.79 GB tm   7533.70us/ 16243.15ms (      0 GFLOPS    0|0      GB/s)
scheduled     5 kernels in    20.55 ms | CACHE MISS cb604038 |   65063 uops in cache | /root/src/openpilot/selfdrive/modeld/compile_modeld.py:50
*** CPU     1242 [33mcopy        8 B,     CPU <- PYTHON [0m            arg  2 mem   1.79 GB tm     39.58us/ 16243.19ms (      0 GFLOPS    0|0      GB/s)
*** CPU     1243 [33mcopy        8 B,     CPU <- PYTHON [0m            arg  2 mem   1.79 GB tm     32.15us/ 16243.22ms (      0 GFLOPS    0|0      GB/s)
[32m*** CPU     1244[0m E[90m_[0m[33m2[0m[90mn2[0m                                          arg  1 mem   1.79 GB tm      0.69us/ 16243.22ms (      0 GFLOPS    0|0      GB/s)
[32m*** CPU     1245[0m E[90m_[0m[97m1214464[0m[90m_[0m[33m2[0m[90m[0m                                    arg  3 mem   1.80 GB tm   8364.81us/ 16251.59ms (     19 GFLOPS    1|1      GB/s)
[32m*** CPU     1246[0m E[90m_[0m[97m151808[0m[90m_[0m[94m16[0m[90m[0m                                    arg  2 mem   1.81 GB tm   2260.55us/ 16253.85ms (      1 GFLOPS    5|5      GB/s)
scheduled     3 kernels in    13.05 ms | CACHE MISS 2633d735 |   65394 uops in cache | /root/src/openpilot/selfdrive/modeld/compile_modeld.py:50
*** CPU     1247 E[90m_[0m[33m2[0m[90mn2[0m                                          arg  1 mem   1.80 GB tm     70.71us/ 16253.92ms (      0 GFLOPS    0|0      GB/s)
*** CPU     1248 E[90m_[0m[97m1214464[0m[90m_[0m[33m2[0m[90m[0m                                    arg  3 mem   1.81 GB tm   1274.84us/ 16255.19ms (    124 GFLOPS    8|8      GB/s)
*** CPU     1249 E[90m_[0m[97m151808[0m[90m_[0m[94m16[0m[90m[0m                                    arg  2 mem   1.81 GB tm   1911.42us/ 16257.10ms (      1 GFLOPS    6|6      GB/s)
scheduled     2 kernels in     1.63 ms |  cache hit 047cd8a2 |   65231 uops in cache | /root/src/openpilot/selfdrive/modeld/compile_modeld.py:185
*** CPU     1250 [33mcopy       36 B,     CPU <- NPY    [0m            arg  2 mem   1.80 GB tm     35.54us/ 16257.14ms (      0 GFLOPS    0|0      GB/s)
*** CPU     1251 [33mcopy       36 B,     CPU <- NPY    [0m            arg  2 mem   1.80 GB tm     26.88us/ 16257.17ms (      0 GFLOPS    0|0      GB/s)
[32m*** CPU     1252[0m E[90m_[0m[97m64[0m[90m_[0m[97m128[0m[90m_[0m[33m4[0m[90m_[0m[33m4[0m[90m[0m                                   arg  3 mem   1.80 GB tm    777.76us/ 16257.94ms (      1 GFLOPS    0|0      GB/s)
scheduled     2 kernels in    30.36 ms | CACHE MISS a54266fa |   67053 uops in cache | /root/src/openpilot/selfdrive/modeld/compile_modeld.py:111
*** CPU     1253 [33mcopy       36 B,     CPU <- PYTHON [0m            arg  2 mem   1.80 GB tm     37.77us/ 16257.98ms (      0 GFLOPS    0|0      GB/s)
[32m*** CPU     1254[0m E[90m_[0m[97m128[0m[90m_[0m[97m64[0m[90m_[0m[33m4[0m[90m[0m                                     arg  4 mem   1.80 GB tm    524.65us/ 16258.51ms (      0 GFLOPS    0|0      GB/s)
[32m*** CPU     1255[0m E[90m_[0m[97m8[0m[90m_[0m[97m256[0m[90m_[0m[33m4[0m[90m_[0m[33m4[0m[90m[0m                                    arg  4 mem   1.80 GB tm    302.42us/ 16258.81ms (      0 GFLOPS    0|0      GB/s)
*** CPU     1256 E[90m_[0m[97m64[0m[90m_[0m[97m128[0m[90m_[0m[33m4[0m[90m_[0m[33m4[0m[90m[0m                                   arg  3 mem   1.80 GB tm    969.05us/ 16259.78ms (      0 GFLOPS    0|0      GB/s)
scheduled     2 kernels in     2.71 ms |  cache hit a54266fa |   72608 uops in cache | /root/src/openpilot/selfdrive/modeld/compile_modeld.py:111
*** CPU     1257 [33mcopy       36 B,     CPU <- PYTHON [0m            arg  2 mem   1.80 GB tm     33.23us/ 16259.81ms (      0 GFLOPS    0|0      GB/s)
*** CPU     1258 E[90m_[0m[97m128[0m[90m_[0m[97m64[0m[90m_[0m[33m4[0m[90m[0m                                     arg  4 mem   1.80 GB tm    243.21us/ 16260.05ms (      0 GFLOPS    0|0      GB/s)
*** CPU     1259 E[90m_[0m[97m8[0m[90m_[0m[97m256[0m[90m_[0m[33m4[0m[90m_[0m[33m4[0m[90m[0m                                    arg  4 mem   1.80 GB tm    259.49us/ 16260.31ms (      0 GFLOPS    0|0      GB/s)
*** CPU     1260 E[90m_[0m[97m6[0m[90m_[0m[97m128[0m[90m_[0m[97m256[0m[90m_[0m[33m2[0m[90m[0m                                  arg  7 mem   1.80 GB tm     93.03us/ 16260.41ms (     21 GFLOPS    8|30     GB/s)
  [1/3] enqueue 1337.30 ms -- total 1348.24 ms
scheduled     3 kernels in     1.84 ms |  cache hit 2633d735 |   72422 uops in cache | /root/src/openpilot/selfdrive/modeld/compile_modeld.py:50
*** CPU     1261 E[90m_[0m[33m2[0m[90mn2[0m                                          arg  1 mem   1.80 GB tm     32.51us/ 16260.44ms (      0 GFLOPS    0|0      GB/s)
*** CPU     1262 E[90m_[0m[97m1214464[0m[90m_[0m[33m2[0m[90m[0m                                    arg  3 mem   1.81 GB tm   1196.51us/ 16261.64ms (    132 GFLOPS    8|8      GB/s)
*** CPU     1263 E[90m_[0m[97m151808[0m[90m_[0m[94m16[0m[90m[0m                                    arg  2 mem   1.81 GB tm   1964.32us/ 16263.60ms (      1 GFLOPS    6|6      GB/s)
scheduled     3 kernels in     1.91 ms |  cache hit 2633d735 |   72423 uops in cache | /root/src/openpilot/selfdrive/modeld/compile_modeld.py:50
*** CPU     1264 E[90m_[0m[33m2[0m[90mn2[0m                                          arg  1 mem   1.80 GB tm      0.47us/ 16263.60ms (      0 GFLOPS    0|0      GB/s)
*** CPU     1265 E[90m_[0m[97m1214464[0m[90m_[0m[33m2[0m[90m[0m                                    arg  3 mem   1.81 GB tm   1201.04us/ 16264.80ms (    131 GFLOPS    8|8      GB/s)
*** CPU     1266 E[90m_[0m[97m151808[0m[90m_[0m[94m16[0m[90m[0m                                    arg  2 mem   1.81 GB tm   2615.32us/ 16267.42ms (      1 GFLOPS    5|5      GB/s)
scheduled     2 kernels in     1.56 ms |  cache hit 047cd8a2 |   72259 uops in cache | /root/src/openpilot/selfdrive/modeld/compile_modeld.py:185
scheduled     2 kernels in     2.34 ms |  cache hit a54266fa |   72567 uops in cache | /root/src/openpilot/selfdrive/modeld/compile_modeld.py:111
scheduled     2 kernels in     2.23 ms |  cache hit a54266fa |   72626 uops in cache | /root/src/openpilot/selfdrive/modeld/compile_modeld.py:111
JIT captured 8 linears with 4 inputs
pruned from 11 -> 9 kernels
*** CPU     1267 [33mcopy       36 B,     CPU <- PYTHON [0m            arg  2 mem   1.80 GB tm     38.07us/ 16267.46ms (      0 GFLOPS    0|0      GB/s)
*** CPU     1268 [33mcopy       36 B,     CPU <- PYTHON [0m            arg  2 mem   1.80 GB tm     17.95us/ 16267.47ms (      0 GFLOPS    0|0      GB/s)
JIT GRAPHing batch with 7 kernels
[35m*** CPU     1269[0m [33mcopy       36 B,     CPU <- NPY    [0m            arg  2 mem   1.80 GB tm     55.15us/ 16267.53ms (      0 GFLOPS    0|0      GB/s)
[35m*** CPU     1270[0m [33mcopy       36 B,     CPU <- NPY    [0m            arg  2 mem   1.80 GB tm     17.18us/ 16267.55ms (      0 GFLOPS    0|0      GB/s)
[35m*** CPU     1271[0m [36mbatched 7[0m                                      arg  0 mem   1.80 GB tm   3569.22us/ 16271.12ms (      1 GFLOPS    0|1      GB/s)
  [2/3] enqueue 1322.47 ms -- total 1323.02 ms
scheduled     3 kernels in     1.78 ms |  cache hit 2633d735 |   72447 uops in cache | /root/src/openpilot/selfdrive/modeld/compile_modeld.py:50
*** CPU     1272 E[90m_[0m[33m2[0m[90mn2[0m                                          arg  1 mem   1.80 GB tm     70.54us/ 16271.19ms (      0 GFLOPS    0|0      GB/s)
*** CPU     1273 E[90m_[0m[97m1214464[0m[90m_[0m[33m2[0m[90m[0m                                    arg  3 mem   1.81 GB tm   1823.49us/ 16273.01ms (     87 GFLOPS    5|5      GB/s)
*** CPU     1274 E[90m_[0m[97m151808[0m[90m_[0m[94m16[0m[90m[0m                                    arg  2 mem   1.81 GB tm    783.24us/ 16273.79ms (      3 GFLOPS   16|16     GB/s)
scheduled     3 kernels in     2.18 ms |  cache hit 2633d735 |   72448 uops in cache | /root/src/openpilot/selfdrive/modeld/compile_modeld.py:50
*** CPU     1275 E[90m_[0m[33m2[0m[90mn2[0m                                          arg  1 mem   1.80 GB tm     34.50us/ 16273.83ms (      0 GFLOPS    0|0      GB/s)
*** CPU     1276 E[90m_[0m[97m1214464[0m[90m_[0m[33m2[0m[90m[0m                                    arg  3 mem   1.81 GB tm   1361.21us/ 16275.19ms (    116 GFLOPS    7|7      GB/s)
*** CPU     1277 E[90m_[0m[97m151808[0m[90m_[0m[94m16[0m[90m[0m                                    arg  2 mem   1.81 GB tm    522.43us/ 16275.71ms (      5 GFLOPS   23|23     GB/s)
[35m*** CPU     1278[0m [33mcopy       36 B,     CPU <- NPY    [0m            arg  2 mem   1.80 GB tm     62.06us/ 16275.77ms (      0 GFLOPS    0|0      GB/s)
[35m*** CPU     1279[0m [33mcopy       36 B,     CPU <- NPY    [0m            arg  2 mem   1.80 GB tm     28.91us/ 16275.80ms (      0 GFLOPS    0|0      GB/s)
[35m*** CPU     1280[0m [36mbatched 7[0m                                      arg  0 mem   1.80 GB tm   2862.39us/ 16278.66ms (      1 GFLOPS    1|1      GB/s)
  [3/3] enqueue   4.29 ms -- total   4.88 ms
pickle round trip
*** AMD     1281 [33mcopy  960.00 KB,     AMD <- NPY    [0m            arg  2 mem   1.80 GB tm   8394.42us/ 16287.06ms (      0 GFLOPS    0|0      GB/s)
*** AMD     1282 [33mcopy  960.00 KB,     AMD <- NPY    [0m            arg  2 mem   1.80 GB tm   7159.57us/ 16294.22ms (      0 GFLOPS    0|0      GB/s)
scheduled     5 kernels in     2.07 ms |  cache hit cb604038 |   72458 uops in cache | /root/src/openpilot/selfdrive/modeld/compile_modeld.py:50
*** CPU     1283 [33mcopy        8 B,     CPU <- PYTHON [0m            arg  2 mem   1.80 GB tm     50.54us/ 16294.27ms (      0 GFLOPS    0|0      GB/s)
*** CPU     1284 [33mcopy        8 B,     CPU <- PYTHON [0m            arg  2 mem   1.80 GB tm     18.66us/ 16294.29ms (      0 GFLOPS    0|0      GB/s)
*** CPU     1285 E[90m_[0m[33m2[0m[90mn2[0m                                          arg  1 mem   1.80 GB tm     62.34us/ 16294.35ms (      0 GFLOPS    0|0      GB/s)
*** CPU     1286 E[90m_[0m[97m1214464[0m[90m_[0m[33m2[0m[90m[0m                                    arg  3 mem   1.81 GB tm   1158.18us/ 16295.51ms (    136 GFLOPS    8|8      GB/s)
*** CPU     1287 E[90m_[0m[97m151808[0m[90m_[0m[94m16[0m[90m[0m                                    arg  2 mem   1.81 GB tm    551.32us/ 16296.06ms (      4 GFLOPS   22|22     GB/s)
scheduled     3 kernels in     1.81 ms |  cache hit 2633d735 |   72446 uops in cache | /root/src/openpilot/selfdrive/modeld/compile_modeld.py:50
*** CPU     1288 E[90m_[0m[33m2[0m[90mn2[0m                                          arg  1 mem   1.80 GB tm     33.53us/ 16296.09ms (      0 GFLOPS    0|0      GB/s)
*** CPU     1289 E[90m_[0m[97m1214464[0m[90m_[0m[33m2[0m[90m[0m                                    arg  3 mem   1.81 GB tm   1193.08us/ 16297.29ms (    132 GFLOPS    8|8      GB/s)
*** CPU     1290 E[90m_[0m[97m151808[0m[90m_[0m[94m16[0m[90m[0m                                    arg  2 mem   1.81 GB tm    467.26us/ 16297.75ms (      5 GFLOPS   26|26     GB/s)
[35m*** CPU     1291[0m [33mcopy       36 B,     CPU <- NPY    [0m            arg  2 mem   1.80 GB tm     31.38us/ 16297.78ms (      0 GFLOPS    0|0      GB/s)
[35m*** CPU     1292[0m [33mcopy       36 B,     CPU <- NPY    [0m            arg  2 mem   1.80 GB tm     22.75us/ 16297.81ms (      0 GFLOPS    0|0      GB/s)
[35m*** CPU     1293[0m [36mbatched 7[0m                                      arg  0 mem   1.80 GB tm   2821.82us/ 16300.63ms (      1 GFLOPS    1|1      GB/s)
  [1/1] enqueue   5.46 ms -- total   6.07 ms
*** AMD     1294 [33mcopy  960.00 KB,     AMD <- NPY    [0m            arg  2 mem   1.80 GB tm   8653.15us/ 16309.28ms (      0 GFLOPS    0|0      GB/s)
*** AMD     1295 [33mcopy  960.00 KB,     AMD <- NPY    [0m            arg  2 mem   1.80 GB tm   8429.09us/ 16317.71ms (      0 GFLOPS    0|0      GB/s)
scheduled     5 kernels in     1.98 ms |  cache hit cb604038 |   72458 uops in cache | /root/src/openpilot/selfdrive/modeld/compile_modeld.py:50
*** CPU     1296 [33mcopy        8 B,     CPU <- PYTHON [0m            arg  2 mem   1.80 GB tm     48.65us/ 16317.76ms (      0 GFLOPS    0|0      GB/s)
*** CPU     1297 [33mcopy        8 B,     CPU <- PYTHON [0m            arg  2 mem   1.80 GB tm     31.08us/ 16317.79ms (      0 GFLOPS    0|0      GB/s)
*** CPU     1298 E[90m_[0m[33m2[0m[90mn2[0m                                          arg  1 mem   1.80 GB tm     48.96us/ 16317.84ms (      0 GFLOPS    0|0      GB/s)
*** CPU     1299 E[90m_[0m[97m1214464[0m[90m_[0m[33m2[0m[90m[0m                                    arg  3 mem   1.81 GB tm   1225.05us/ 16319.06ms (    129 GFLOPS    8|8      GB/s)
*** CPU     1300 E[90m_[0m[97m151808[0m[90m_[0m[94m16[0m[90m[0m                                    arg  2 mem   1.81 GB tm    471.29us/ 16319.54ms (      5 GFLOPS   26|26     GB/s)
scheduled     3 kernels in     1.78 ms |  cache hit 2633d735 |   72446 uops in cache | /root/src/openpilot/selfdrive/modeld/compile_modeld.py:50
*** CPU     1301 E[90m_[0m[33m2[0m[90mn2[0m                                          arg  1 mem   1.80 GB tm     94.68us/ 16319.63ms (      0 GFLOPS    0|0      GB/s)
*** CPU     1302 E[90m_[0m[97m1214464[0m[90m_[0m[33m2[0m[90m[0m                                    arg  3 mem   1.81 GB tm   1156.26us/ 16320.79ms (    137 GFLOPS    8|8      GB/s)
*** CPU     1303 E[90m_[0m[97m151808[0m[90m_[0m[94m16[0m[90m[0m                                    arg  2 mem   1.81 GB tm    433.94us/ 16321.22ms (      6 GFLOPS   28|28     GB/s)
[35m*** CPU     1304[0m [33mcopy       36 B,     CPU <- NPY    [0m            arg  2 mem   1.80 GB tm     29.16us/ 16321.25ms (      0 GFLOPS    0|0      GB/s)
[35m*** CPU     1305[0m [33mcopy       36 B,     CPU <- NPY    [0m            arg  2 mem   1.80 GB tm     16.65us/ 16321.27ms (      0 GFLOPS    0|0      GB/s)
[35m*** CPU     1306[0m [36mbatched 7[0m                                      arg  0 mem   1.80 GB tm   2503.42us/ 16323.77ms (      1 GFLOPS    1|1      GB/s)
  [1/1] enqueue   3.15 ms -- total   3.67 ms
Saved JITs to /root/models/big_driving_gfx1032_audit0.pkl (1774.46 MB)
am usb:2-5: Finalizing
compile exit=0   log=/root/runs/audit0.compile.log   audit=/root/runs/audit0.audit.jsonl   (115 audited kernels)
